Using pre-set license
Built from '2022.3/staging' branch; Version is '2022.3.24f1 (334eb2a0b267) revision 3362482'; Using compiler version '192829333'; Build Type 'Release'
OS: 'Windows 11  (10.0.22631) 64bit CoreSingleLanguage' Language: 'vi' Physical Memory: 16109 MB
BatchMode: 1, IsHumanControllingUs: 0, StartBugReporterOnCrash: 0, Is64bit: 1, IsPro: 1

COMMAND LINE ARGUMENTS:
D:\unity\2022.3.24f1\Editor\Unity.exe
-adb2
-batchMode
-noUpm
-name
AssetImportWorker4
-projectPath
E:/Unity/My Project/Main/TM02-FOREST
-logFile
Logs/AssetImportWorker4.log
-srvPort
60250
Successfully changed project path to: E:/Unity/My Project/Main/TM02-FOREST
E:/Unity/My Project/Main/TM02-FOREST
[UnityMemory] Configuration Parameters - Can be set up in boot.config
    "memorysetup-bucket-allocator-granularity=16"
    "memorysetup-bucket-allocator-bucket-count=8"
    "memorysetup-bucket-allocator-block-size=33554432"
    "memorysetup-bucket-allocator-block-count=8"
    "memorysetup-main-allocator-block-size=16777216"
    "memorysetup-thread-allocator-block-size=16777216"
    "memorysetup-gfx-main-allocator-block-size=16777216"
    "memorysetup-gfx-thread-allocator-block-size=16777216"
    "memorysetup-cache-allocator-block-size=4194304"
    "memorysetup-typetree-allocator-block-size=2097152"
    "memorysetup-profiler-bucket-allocator-granularity=16"
    "memorysetup-profiler-bucket-allocator-bucket-count=8"
    "memorysetup-profiler-bucket-allocator-block-size=33554432"
    "memorysetup-profiler-bucket-allocator-block-count=8"
    "memorysetup-profiler-allocator-block-size=16777216"
    "memorysetup-profiler-editor-allocator-block-size=1048576"
    "memorysetup-temp-allocator-size-main=16777216"
    "memorysetup-job-temp-allocator-block-size=2097152"
    "memorysetup-job-temp-allocator-block-size-background=1048576"
    "memorysetup-job-temp-allocator-reduction-small-platforms=262144"
    "memorysetup-allocator-temp-initial-block-size-main=262144"
    "memorysetup-allocator-temp-initial-block-size-worker=262144"
    "memorysetup-temp-allocator-size-background-worker=32768"
    "memorysetup-temp-allocator-size-job-worker=262144"
    "memorysetup-temp-allocator-size-preload-manager=33554432"
    "memorysetup-temp-allocator-size-nav-mesh-worker=65536"
    "memorysetup-temp-allocator-size-audio-worker=65536"
    "memorysetup-temp-allocator-size-cloud-worker=32768"
    "memorysetup-temp-allocator-size-gi-baking-worker=262144"
    "memorysetup-temp-allocator-size-gfx=262144"
Player connection [40708] Host "[IP] 192.168.19.1 [Port] 0 [Flags] 2 [Guid] 78490218 [EditorId] 78490218 [Version] 1048832 [Id] WindowsEditor(7,LAPTOP-3JGSAUFN) [Debug] 1 [PackageName] WindowsEditor [ProjectName] Editor" joined multi-casting on [225.0.0.222:54997]...

Player connection [40708] Host "[IP] 192.168.19.1 [Port] 0 [Flags] 2 [Guid] 78490218 [EditorId] 78490218 [Version] 1048832 [Id] WindowsEditor(7,LAPTOP-3JGSAUFN) [Debug] 1 [PackageName] WindowsEditor [ProjectName] Editor" joined alternative multi-casting on [225.0.0.222:34997]...

[Physics::Module] Initialized MultithreadedJobDispatcher with 15 workers.
Refreshing native plugins compatible for Editor in 2758.61 ms, found 9 plugins.
Preloading 0 native plugins for Editor in 0.00 ms.
Initialize engine version: 2022.3.24f1 (334eb2a0b267)
[Subsystems] Discovering subsystems at path D:/unity/2022.3.24f1/Editor/Data/Resources/UnitySubsystems
[Subsystems] Discovering subsystems at path E:/Unity/My Project/Main/TM02-FOREST/Assets
GfxDevice: creating device client; threaded=0; jobified=0
Direct3D:
    Version:  Direct3D 11.0 [level 11.1]
    Renderer: NVIDIA GeForce RTX 3050 Ti Laptop GPU (ID=0x25a0)
    Vendor:   NVIDIA
    VRAM:     3962 MB
    Driver:   32.0.15.7216
Shader 'MoreMountains/MMRipple': fallback shader 'Particle/AlphaBlended' not found
Initialize mono
Mono path[0] = 'D:/unity/2022.3.24f1/Editor/Data/Managed'
Mono path[1] = 'D:/unity/2022.3.24f1/Editor/Data/MonoBleedingEdge/lib/mono/unityjit-win32'
Mono config path = 'D:/unity/2022.3.24f1/Editor/Data/MonoBleedingEdge/etc'
Using monoOptions --debugger-agent=transport=dt_socket,embedding=1,server=y,suspend=n,address=127.0.0.1:56476
Begin MonoManager ReloadAssembly
Registering precompiled unity dll's ...
Register platform support module: D:/unity/2022.3.24f1/Editor/Data/PlaybackEngines/AndroidPlayer/UnityEditor.Android.Extensions.dll
Register platform support module: D:/unity/2022.3.24f1/Editor/Data/PlaybackEngines/iOSSupport/UnityEditor.iOS.Extensions.dll
Register platform support module: D:/unity/2022.3.24f1/Editor/Data/PlaybackEngines/WindowsStandaloneSupport/UnityEditor.WindowsStandalone.Extensions.dll
Registered in 0.009203 seconds.
- Loaded All Assemblies, in  0.712 seconds
Native extension for WindowsStandalone target not found
[usbmuxd] Start listen thread
[usbmuxd] Listen thread started
Native extension for iOS target not found
Native extension for Android target not found
Android Extension - Scanning For ADB Devices 521 ms
Mono: successfully reloaded assembly
- Finished resetting the current domain, in  1.205 seconds
Domain Reload Profiling: 1917ms
	BeginReloadAssembly (256ms)
		ExecutionOrderSort (0ms)
		DisableScriptedObjects (0ms)
		BackupInstance (0ms)
		ReleaseScriptingObjects (0ms)
		CreateAndSetChildDomain (3ms)
	RebuildCommonClasses (68ms)
	RebuildNativeTypeToScriptingClass (22ms)
	initialDomainReloadingComplete (110ms)
	LoadAllAssembliesAndSetupDomain (256ms)
		LoadAssemblies (253ms)
		RebuildTransferFunctionScriptingTraits (0ms)
		AnalyzeDomain (250ms)
			TypeCache.Refresh (248ms)
				TypeCache.ScanAssembly (225ms)
			ScanForSourceGeneratedMonoScriptInfo (1ms)
			ResolveRequiredComponents (1ms)
	FinalizeReload (1206ms)
		ReleaseScriptCaches (0ms)
		RebuildScriptCaches (0ms)
		SetupLoadedEditorAssemblies (1086ms)
			LogAssemblyErrors (0ms)
			InitializePlatformSupportModulesInManaged (733ms)
			SetLoadedEditorAssemblies (7ms)
			RefreshPlugins (0ms)
			BeforeProcessingInitializeOnLoad (5ms)
			ProcessInitializeOnLoadAttributes (229ms)
			ProcessInitializeOnLoadMethodAttributes (113ms)
			AfterProcessingInitializeOnLoad (0ms)
			EditorAssembliesLoaded (0ms)
		ExecutionOrderSort2 (0ms)
		AwakeInstancesAfterBackupRestoration (0ms)
========================================================================
Worker process is ready to serve import requests
Begin MonoManager ReloadAssembly
Symbol file LoadedFromMemory is not a mono symbol file
- Loaded All Assemblies, in  1.228 seconds
Refreshing native plugins compatible for Editor in 13.68 ms, found 9 plugins.
Native extension for WindowsStandalone target not found
Native extension for iOS target not found
Native extension for Android target not found
Package Manager log level set to [2]
[Package Manager] Server::EnsureServerProcessIsRunning -- launch failed, reason: Unity was launched with the -noUpm command-line argument
[Package Manager] UpmClient::Send -- Unable to send message (not connected to UPM process).
[Package Manager] Cannot connect to Unity Package Manager local server
Launched and connected shader compiler UnityShaderCompiler.exe after 0.08 seconds
Mono: successfully reloaded assembly
- Finished resetting the current domain, in  2.820 seconds
Domain Reload Profiling: 4049ms
	BeginReloadAssembly (125ms)
		ExecutionOrderSort (0ms)
		DisableScriptedObjects (5ms)
		BackupInstance (0ms)
		ReleaseScriptingObjects (0ms)
		CreateAndSetChildDomain (21ms)
	RebuildCommonClasses (24ms)
	RebuildNativeTypeToScriptingClass (10ms)
	initialDomainReloadingComplete (35ms)
	LoadAllAssembliesAndSetupDomain (1035ms)
		LoadAssemblies (790ms)
		RebuildTransferFunctionScriptingTraits (0ms)
		AnalyzeDomain (315ms)
			TypeCache.Refresh (255ms)
				TypeCache.ScanAssembly (231ms)
			ScanForSourceGeneratedMonoScriptInfo (41ms)
			ResolveRequiredComponents (16ms)
	FinalizeReload (2821ms)
		ReleaseScriptCaches (0ms)
		RebuildScriptCaches (0ms)
		SetupLoadedEditorAssemblies (2582ms)
			LogAssemblyErrors (0ms)
			InitializePlatformSupportModulesInManaged (50ms)
			SetLoadedEditorAssemblies (10ms)
			RefreshPlugins (0ms)
			BeforeProcessingInitializeOnLoad (168ms)
			ProcessInitializeOnLoadAttributes (1621ms)
			ProcessInitializeOnLoadMethodAttributes (732ms)
			AfterProcessingInitializeOnLoad (1ms)
			EditorAssembliesLoaded (0ms)
		ExecutionOrderSort2 (0ms)
		AwakeInstancesAfterBackupRestoration (7ms)
Shader 'MoreMountains/MMRipple': fallback shader 'Particle/AlphaBlended' not found
Refreshing native plugins compatible for Editor in 11.58 ms, found 9 plugins.
Preloading 0 native plugins for Editor in 0.00 ms.
Unloading 8988 Unused Serialized files (Serialized files now loaded: 0)
Unloading 163 unused Assets / (1.2 MB). Loaded Objects now: 9525.
Memory consumption went from 430.9 MB to 429.7 MB.
Total: 23.452900 ms (FindLiveObjects: 0.454100 ms CreateObjectMapping: 0.320300 ms MarkObjects: 21.898100 ms  DeleteObjects: 0.778900 ms)

AssetImportParameters requested are different than current active one (requested -> active):
  custom:container-demuxer-ogg: 62fdf1f143b41e24485cea50d1cbac27 -> 
  custom:framework-win-MediaFoundation: 216162199b28c13a410421893ffa2e32 -> 
  custom:scripting/monoscript/fileName/BossShadow1_Attack2_Controller.cs: b72366c4b38476dd6a3a7b696e258665 -> 8e475a1ee77cb45d1cd98c05e684dc62
  custom:container-muxer-webm: aa71ff27fc2769a1b78a27578f13a17b -> 
  custom:video-decoder-webm-vp8: 9c59270c3fd7afecdb556c50c9e8de78 -> 
  custom:SearchIndexIgnoredProperties: e643bd26f0fe6173181afceb89e7c659 -> 
  custom:AudioImporter_EditorPlatform: d09bf68614088b80899f8185d706f6e7 -> 
  custom:audio-decoder-ogg-vorbis: bf7c407c2cedff20999df2af8eb42d56 -> 
  custom:scripting/monoscript/fileName/BossShadow1_Attack1_Controller.cs: 13074c66c6b5d1f7e8528b09654bca03 -> 44f32db56bf2e57733e144c8f9f66a6d
  custom:audio-encoder-webm-vorbis: bf7c407c2cedff20999df2af8eb42d56 -> 
  custom:video-codec-MediaFoundation-h265: 746d11721c4dcdbdad8f713fa42b33f4 -> 
  custom:video-decoder-ogg-theora: a1e56fd34408186e4bbccfd4996cb3dc -> 
  custom:CustomObjectIndexerAttribute: 72b91833f83ae208fae7752999fa3104 -> 
  custom:container-demuxer-webm: 4f35f7cbe854078d1ac9338744f61a02 -> 
  custom:scripting/monoscript/fileName/BossShadow1_Attack1_Hit.cs: dd1546f280f00b07a19ae2da2e359390 -> 634124e5e8afcf6cb1158a879da8073b
  custom:video-encoder-webm-vp8: eb34c28f22e8b96e1ab97ce403110664 -> 
========================================================================
Received Import Request.
  Time since last request: 102393.053216 seconds.
  path: Assets/_TM02-FOREST/Assets/Characters/Enemy/Elementals_Crystal_Mauler_Free_v1.0/Elementals_Crystal_Mauler_Free_v1.0/animations/PNG/1_atk
  artifactKey: Guid(97e3064702dda854dbff3022709b71cb) Importer(815301076,1909f56bfc062723c751e8b465ee728b)
Start importing Assets/_TM02-FOREST/Assets/Characters/Enemy/Elementals_Crystal_Mauler_Free_v1.0/Elementals_Crystal_Mauler_Free_v1.0/animations/PNG/1_atk using Guid(97e3064702dda854dbff3022709b71cb) Importer(815301076,1909f56bfc062723c751e8b465ee728b)  -> (artifact id: 'a1bb90e141a08e0f9af7bccf164b876a') in 0.004587 seconds
Number of updated asset objects reloaded before import = 0
Number of asset objects unloaded after import = 0
========================================================================
Received Import Request.
  Time since last request: 0.548863 seconds.
  path: Assets/_TM02-FOREST/Assets/Characters/Enemy/Elementals_Crystal_Mauler_Free_v1.0/Elementals_Crystal_Mauler_Free_v1.0/animations/PNG/2_atk
  artifactKey: Guid(56d2496ff37967e49b6d5b707d1a1282) Importer(815301076,1909f56bfc062723c751e8b465ee728b)
Start importing Assets/_TM02-FOREST/Assets/Characters/Enemy/Elementals_Crystal_Mauler_Free_v1.0/Elementals_Crystal_Mauler_Free_v1.0/animations/PNG/2_atk using Guid(56d2496ff37967e49b6d5b707d1a1282) Importer(815301076,1909f56bfc062723c751e8b465ee728b)  -> (artifact id: '6e288b707e30b0e605f049646a3d2053') in 0.000625 seconds
Number of updated asset objects reloaded before import = 0
Number of asset objects unloaded after import = 0
========================================================================
Received Import Request.
  Time since last request: 0.363856 seconds.
  path: Assets/_TM02-FOREST/Assets/Characters/Enemy/Elementals_Crystal_Mauler_Free_v1.0/Elementals_Crystal_Mauler_Free_v1.0/animations/PNG/3_atk
  artifactKey: Guid(715f64433eb39fc46a224607fa1e012a) Importer(815301076,1909f56bfc062723c751e8b465ee728b)
Start importing Assets/_TM02-FOREST/Assets/Characters/Enemy/Elementals_Crystal_Mauler_Free_v1.0/Elementals_Crystal_Mauler_Free_v1.0/animations/PNG/3_atk using Guid(715f64433eb39fc46a224607fa1e012a) Importer(815301076,1909f56bfc062723c751e8b465ee728b)  -> (artifact id: '11618982de34010bcd1fc3ec10440786') in 0.000434 seconds
Number of updated asset objects reloaded before import = 0
Number of asset objects unloaded after import = 0
========================================================================
Received Import Request.
  Time since last request: 19.004561 seconds.
  path: Assets/_TM02-FOREST/Assets/Characters/Enemy/Elementals_Crystal_Mauler_Free_v1.0/Elementals_Crystal_Mauler_Free_v1.0/animations/PNG/1_atk/1_atk_1.png
  artifactKey: Guid(de12d46104255d646bd7b22a76bf4a1c) Importer(815301076,1909f56bfc062723c751e8b465ee728b)
Start importing Assets/_TM02-FOREST/Assets/Characters/Enemy/Elementals_Crystal_Mauler_Free_v1.0/Elementals_Crystal_Mauler_Free_v1.0/animations/PNG/1_atk/1_atk_1.png using Guid(de12d46104255d646bd7b22a76bf4a1c) Importer(815301076,1909f56bfc062723c751e8b465ee728b)  -> (artifact id: 'ae5e0f7c6f84064eb46b6ccf28b015ea') in 0.081998 seconds
Number of updated asset objects reloaded before import = 0
Number of asset objects unloaded after import = 3
========================================================================
Received Import Request.
  Time since last request: 0.538296 seconds.
  path: Assets/_TM02-FOREST/Assets/Characters/Enemy/Elementals_Crystal_Mauler_Free_v1.0/Elementals_Crystal_Mauler_Free_v1.0/animations/PNG/1_atk/1_atk_2.png
  artifactKey: Guid(c69f62208df02894e9ea9b4327694d0d) Importer(815301076,1909f56bfc062723c751e8b465ee728b)
Start importing Assets/_TM02-FOREST/Assets/Characters/Enemy/Elementals_Crystal_Mauler_Free_v1.0/Elementals_Crystal_Mauler_Free_v1.0/animations/PNG/1_atk/1_atk_2.png using Guid(c69f62208df02894e9ea9b4327694d0d) Importer(815301076,1909f56bfc062723c751e8b465ee728b)  -> (artifact id: 'b5e322319166c271db2005ddb7f66fe2') in 0.020661 seconds
Number of updated asset objects reloaded before import = 0
Number of asset objects unloaded after import = 3
========================================================================
Received Import Request.
  Time since last request: 0.603657 seconds.
  path: Assets/_TM02-FOREST/Assets/Characters/Enemy/Elementals_Crystal_Mauler_Free_v1.0/Elementals_Crystal_Mauler_Free_v1.0/animations/PNG/1_atk/1_atk_4.png
  artifactKey: Guid(c8ba31d4dd8f484488ff32ec86ad9e5b) Importer(815301076,1909f56bfc062723c751e8b465ee728b)
Start importing Assets/_TM02-FOREST/Assets/Characters/Enemy/Elementals_Crystal_Mauler_Free_v1.0/Elementals_Crystal_Mauler_Free_v1.0/animations/PNG/1_atk/1_atk_4.png using Guid(c8ba31d4dd8f484488ff32ec86ad9e5b) Importer(815301076,1909f56bfc062723c751e8b465ee728b)  -> (artifact id: 'a4ce7d3aa0ac4c927ec75e45ff3121f4') in 0.026163 seconds
Number of updated asset objects reloaded before import = 0
Number of asset objects unloaded after import = 3
========================================================================
Received Import Request.
  Time since last request: 8.039871 seconds.
  path: Assets/_TM02-FOREST/Assets/Characters/Enemy/Elementals_Crystal_Mauler_Free_v1.0/Elementals_Crystal_Mauler_Free_v1.0/aseprite/crystal_mauler_free_v1.0.aseprite
  artifactKey: Guid(d439323c54cff4f41ad646348cab0eeb) Importer(815301076,1909f56bfc062723c751e8b465ee728b)
Start importing Assets/_TM02-FOREST/Assets/Characters/Enemy/Elementals_Crystal_Mauler_Free_v1.0/Elementals_Crystal_Mauler_Free_v1.0/aseprite/crystal_mauler_free_v1.0.aseprite using Guid(d439323c54cff4f41ad646348cab0eeb) Importer(815301076,1909f56bfc062723c751e8b465ee728b)  -> (artifact id: '128ce236dbb6e1063d3a6c14f731f4c4') in 0.623803 seconds
Number of updated asset objects reloaded before import = 0
Number of asset objects unloaded after import = 197
========================================================================
Received Import Request.
  Time since last request: 14.439016 seconds.
  path: Assets/_TM02-FOREST/Assets/Characters/Enemy/Elementals_Crystal_Mauler_Free_v1.0/Elementals_Crystal_Mauler_Free_v1.0/gif_samples/1_atk.gif
  artifactKey: Guid(d44d06c7da9650c43ac4c3820431990c) Importer(815301076,1909f56bfc062723c751e8b465ee728b)
Start importing Assets/_TM02-FOREST/Assets/Characters/Enemy/Elementals_Crystal_Mauler_Free_v1.0/Elementals_Crystal_Mauler_Free_v1.0/gif_samples/1_atk.gif using Guid(d44d06c7da9650c43ac4c3820431990c) Importer(815301076,1909f56bfc062723c751e8b465ee728b)  -> (artifact id: 'a6f11d53da0df47290ea33ded8500519') in 0.022501 seconds
Number of updated asset objects reloaded before import = 0
Number of asset objects unloaded after import = 3
========================================================================
Received Import Request.
  Time since last request: 4.886073 seconds.
  path: Assets/_TM02-FOREST/Assets/Characters/Enemy/Elementals_Crystal_Mauler_Free_v1.0/Elementals_Crystal_Mauler_Free_v1.0/animations/PNG/1_atk/1_atk_6.png
  artifactKey: Guid(f336763f0ab006045aa23ade6304ce7d) Importer(815301076,1909f56bfc062723c751e8b465ee728b)
Start importing Assets/_TM02-FOREST/Assets/Characters/Enemy/Elementals_Crystal_Mauler_Free_v1.0/Elementals_Crystal_Mauler_Free_v1.0/animations/PNG/1_atk/1_atk_6.png using Guid(f336763f0ab006045aa23ade6304ce7d) Importer(815301076,1909f56bfc062723c751e8b465ee728b)  -> (artifact id: 'bd19f7fd9c24bdc1aaa4607e3c729d8f') in 0.028598 seconds
Number of updated asset objects reloaded before import = 0
Number of asset objects unloaded after import = 3
========================================================================
Received Import Request.
  Time since last request: 10.880795 seconds.
  path: Assets/_TM02-FOREST/Assets/Characters/Enemy/Elementals_Crystal_Mauler_Free_v1.0/Elementals_Crystal_Mauler_Free_v1.0/animations/PNG/1_atk/1_atk_6.png
  artifactKey: Guid(f336763f0ab006045aa23ade6304ce7d) Importer(815301076,1909f56bfc062723c751e8b465ee728b)
Start importing Assets/_TM02-FOREST/Assets/Characters/Enemy/Elementals_Crystal_Mauler_Free_v1.0/Elementals_Crystal_Mauler_Free_v1.0/animations/PNG/1_atk/1_atk_6.png using Guid(f336763f0ab006045aa23ade6304ce7d) Importer(815301076,1909f56bfc062723c751e8b465ee728b)  -> (artifact id: '6a6745592aa19030d1354f092c0fc18c') in 0.023753 seconds
Number of updated asset objects reloaded before import = 0
Number of asset objects unloaded after import = 3
========================================================================
Received Import Request.
  Time since last request: 2.986137 seconds.
  path: Assets/_TM02-FOREST/Assets/Characters/Enemy/Elementals_Crystal_Mauler_Free_v1.0/Elementals_Crystal_Mauler_Free_v1.0/animations/PNG/1_atk/1_atk_3.png
  artifactKey: Guid(f411aae08fc929043ade5d1fb6d566f1) Importer(815301076,1909f56bfc062723c751e8b465ee728b)
Start importing Assets/_TM02-FOREST/Assets/Characters/Enemy/Elementals_Crystal_Mauler_Free_v1.0/Elementals_Crystal_Mauler_Free_v1.0/animations/PNG/1_atk/1_atk_3.png using Guid(f411aae08fc929043ade5d1fb6d566f1) Importer(815301076,1909f56bfc062723c751e8b465ee728b)  -> (artifact id: 'c6e6063f29519df8e5ff38afc20d9b4f') in 0.022805 seconds
Number of updated asset objects reloaded before import = 0
Number of asset objects unloaded after import = 3
========================================================================
Received Import Request.
  Time since last request: 0.460924 seconds.
  path: Assets/_TM02-FOREST/Assets/Characters/Enemy/Elementals_Crystal_Mauler_Free_v1.0/Elementals_Crystal_Mauler_Free_v1.0/animations/PNG/1_atk/1_atk_1.png
  artifactKey: Guid(de12d46104255d646bd7b22a76bf4a1c) Importer(815301076,1909f56bfc062723c751e8b465ee728b)
Start importing Assets/_TM02-FOREST/Assets/Characters/Enemy/Elementals_Crystal_Mauler_Free_v1.0/Elementals_Crystal_Mauler_Free_v1.0/animations/PNG/1_atk/1_atk_1.png using Guid(de12d46104255d646bd7b22a76bf4a1c) Importer(815301076,1909f56bfc062723c751e8b465ee728b)  -> (artifact id: 'f7c99bb4cf2734a4ec786c9491f0e027') in 0.020885 seconds
Number of updated asset objects reloaded before import = 0
Number of asset objects unloaded after import = 3
========================================================================
Received Import Request.
  Time since last request: 266.211917 seconds.
  path: Assets/_TM02-FOREST/Assets/Characters/Enemy/Elementals_Crystal_Mauler_Free_v1.0/Elementals_Crystal_Mauler_Free_v1.0/animations
  artifactKey: Guid(bbf13d0deb709d74894bd10736390bed) Importer(815301076,1909f56bfc062723c751e8b465ee728b)
Start importing Assets/_TM02-FOREST/Assets/Characters/Enemy/Elementals_Crystal_Mauler_Free_v1.0/Elementals_Crystal_Mauler_Free_v1.0/animations using Guid(bbf13d0deb709d74894bd10736390bed) Importer(815301076,1909f56bfc062723c751e8b465ee728b)  -> (artifact id: 'e40e558541de680f40d3a907d1f24a46') in 0.000985 seconds
Number of updated asset objects reloaded before import = 0
Number of asset objects unloaded after import = 0
========================================================================
Received Import Request.
  Time since last request: 9.639533 seconds.
  path: Assets/_TM02-FOREST/Assets/Characters/Enemy/Elementals_Crystal_Mauler_Free_v1.0/Elementals_Crystal_Mauler_Free_v1.0/anim
  artifactKey: Guid(bbf13d0deb709d74894bd10736390bed) Importer(815301076,1909f56bfc062723c751e8b465ee728b)
Start importing Assets/_TM02-FOREST/Assets/Characters/Enemy/Elementals_Crystal_Mauler_Free_v1.0/Elementals_Crystal_Mauler_Free_v1.0/anim using Guid(bbf13d0deb709d74894bd10736390bed) Importer(815301076,1909f56bfc062723c751e8b465ee728b)  -> (artifact id: 'decba571130dfafe563d3271bab53d78') in 0.000778 seconds
Number of updated asset objects reloaded before import = 0
Number of asset objects unloaded after import = 0
========================================================================
Received Import Request.
  Time since last request: 12.487534 seconds.
  path: Assets/_TM02-FOREST/Assets/Characters/Enemy/Elementals_Crystal_Mauler_Free_v1.0/Elementals_Crystal_Mauler_Free_v1.0/anim/Animator
  artifactKey: Guid(5ca721def0932a243b28ea490af0f247) Importer(815301076,1909f56bfc062723c751e8b465ee728b)
Start importing Assets/_TM02-FOREST/Assets/Characters/Enemy/Elementals_Crystal_Mauler_Free_v1.0/Elementals_Crystal_Mauler_Free_v1.0/anim/Animator using Guid(5ca721def0932a243b28ea490af0f247) Importer(815301076,1909f56bfc062723c751e8b465ee728b)  -> (artifact id: '778f23259e38183e5fde385224bc328d') in 0.000486 seconds
Number of updated asset objects reloaded before import = 0
Number of asset objects unloaded after import = 0
========================================================================
Received Import Request.
  Time since last request: 7.844570 seconds.
  path: Assets/_TM02-FOREST/Assets/Characters/Enemy/Elementals_Crystal_Mauler_Free_v1.0/Elementals_Crystal_Mauler_Free_v1.0/anim/Animation
  artifactKey: Guid(2a479326a9f34ec43ad8db3d16b58daa) Importer(815301076,1909f56bfc062723c751e8b465ee728b)
Start importing Assets/_TM02-FOREST/Assets/Characters/Enemy/Elementals_Crystal_Mauler_Free_v1.0/Elementals_Crystal_Mauler_Free_v1.0/anim/Animation using Guid(2a479326a9f34ec43ad8db3d16b58daa) Importer(815301076,1909f56bfc062723c751e8b465ee728b)  -> (artifact id: '94d7874182ea41ce01fe14034ae5bfbf') in 0.000425 seconds
Number of updated asset objects reloaded before import = 0
Number of asset objects unloaded after import = 0
========================================================================
Received Import Request.
  Time since last request: 269.828259 seconds.
  path: Assets/_TM02-FOREST/Assets/Characters/Enemy/Elementals_Crystal_Mauler_Free_v1.0/Elementals_Crystal_Mauler_Free_v1.0/anim/Animator/BossCrystal.controller
  artifactKey: Guid(d020f0215a480ee4687f108fe37d9127) Importer(815301076,1909f56bfc062723c751e8b465ee728b)
Start importing Assets/_TM02-FOREST/Assets/Characters/Enemy/Elementals_Crystal_Mauler_Free_v1.0/Elementals_Crystal_Mauler_Free_v1.0/anim/Animator/BossCrystal.controller using Guid(d020f0215a480ee4687f108fe37d9127) Importer(815301076,1909f56bfc062723c751e8b465ee728b)  -> (artifact id: '2c5694303f1929d4211f8451d7e1902c') in 0.003312 seconds
Number of updated asset objects reloaded before import = 0
Number of asset objects unloaded after import = 1
========================================================================
Received Import Request.
  Time since last request: 14.428772 seconds.
  path: Assets/_TM02-FOREST/Assets/Characters/Enemy/Elementals_Crystal_Mauler_Free_v1.0/Elementals_Crystal_Mauler_Free_v1.0/anim/PNG/idle/idle_1.png
  artifactKey: Guid(ecd43d07bec9ff6469ca1895d2bbdad2) Importer(815301076,1909f56bfc062723c751e8b465ee728b)
Start importing Assets/_TM02-FOREST/Assets/Characters/Enemy/Elementals_Crystal_Mauler_Free_v1.0/Elementals_Crystal_Mauler_Free_v1.0/anim/PNG/idle/idle_1.png using Guid(ecd43d07bec9ff6469ca1895d2bbdad2) Importer(815301076,1909f56bfc062723c751e8b465ee728b)  -> (artifact id: '3d6d2ac2c31014bb8126a885aa872b2f') in 0.032402 seconds
Number of updated asset objects reloaded before import = 0
Number of asset objects unloaded after import = 3
========================================================================
Received Import Request.
  Time since last request: 1.634686 seconds.
  path: Assets/_TM02-FOREST/Assets/Characters/Enemy/Elementals_Crystal_Mauler_Free_v1.0/Elementals_Crystal_Mauler_Free_v1.0/anim/PNG/idle/idle_8.png
  artifactKey: Guid(cad7068ca24b8cb46afa5019019fe638) Importer(815301076,1909f56bfc062723c751e8b465ee728b)
Start importing Assets/_TM02-FOREST/Assets/Characters/Enemy/Elementals_Crystal_Mauler_Free_v1.0/Elementals_Crystal_Mauler_Free_v1.0/anim/PNG/idle/idle_8.png using Guid(cad7068ca24b8cb46afa5019019fe638) Importer(815301076,1909f56bfc062723c751e8b465ee728b)  -> (artifact id: '1b33bee4191bb18bdf55f7b4d07e1ec7') in 0.025811 seconds
Number of updated asset objects reloaded before import = 0
Number of asset objects unloaded after import = 3
========================================================================
Received Import Request.
  Time since last request: 14.508108 seconds.
  path: Assets/_TM02-FOREST/Assets/Characters/Enemy/Elementals_Crystal_Mauler_Free_v1.0/Elementals_Crystal_Mauler_Free_v1.0/anim/PNG/idle/idle_8.png
  artifactKey: Guid(cad7068ca24b8cb46afa5019019fe638) Importer(815301076,1909f56bfc062723c751e8b465ee728b)
Start importing Assets/_TM02-FOREST/Assets/Characters/Enemy/Elementals_Crystal_Mauler_Free_v1.0/Elementals_Crystal_Mauler_Free_v1.0/anim/PNG/idle/idle_8.png using Guid(cad7068ca24b8cb46afa5019019fe638) Importer(815301076,1909f56bfc062723c751e8b465ee728b)  -> (artifact id: 'bbe02a16bc23029cf17148bc8363cfca') in 0.027081 seconds
Number of updated asset objects reloaded before import = 0
Number of asset objects unloaded after import = 3
========================================================================
Received Import Request.
  Time since last request: 12.709881 seconds.
  path: Assets/_TM02-FOREST/Assets/Characters/Enemy/Elementals_Crystal_Mauler_Free_v1.0/Elementals_Crystal_Mauler_Free_v1.0/anim/PNG/idle/idle_1.png
  artifactKey: Guid(ecd43d07bec9ff6469ca1895d2bbdad2) Importer(815301076,1909f56bfc062723c751e8b465ee728b)
Start importing Assets/_TM02-FOREST/Assets/Characters/Enemy/Elementals_Crystal_Mauler_Free_v1.0/Elementals_Crystal_Mauler_Free_v1.0/anim/PNG/idle/idle_1.png using Guid(ecd43d07bec9ff6469ca1895d2bbdad2) Importer(815301076,1909f56bfc062723c751e8b465ee728b)  -> (artifact id: '686175db24752346be7d4330a11862a2') in 0.031185 seconds
Number of updated asset objects reloaded before import = 0
Number of asset objects unloaded after import = 3
========================================================================
Received Import Request.
  Time since last request: 214.538594 seconds.
  path: Assets/_TM02-FOREST/Assets/Characters/Enemy/Elementals_Crystal_Mauler_Free_v1.0/Elementals_Crystal_Mauler_Free_v1.0/anim/PNG/idle/idle_8.png
  artifactKey: Guid(cad7068ca24b8cb46afa5019019fe638) Importer(815301076,1909f56bfc062723c751e8b465ee728b)
Start importing Assets/_TM02-FOREST/Assets/Characters/Enemy/Elementals_Crystal_Mauler_Free_v1.0/Elementals_Crystal_Mauler_Free_v1.0/anim/PNG/idle/idle_8.png using Guid(cad7068ca24b8cb46afa5019019fe638) Importer(815301076,1909f56bfc062723c751e8b465ee728b)  -> (artifact id: 'ce29a26aaa2696773ab636ac2c899e5f') in 0.050969 seconds
Number of updated asset objects reloaded before import = 0
Number of asset objects unloaded after import = 3
========================================================================
Received Import Request.
  Time since last request: 5.596566 seconds.
  path: Assets/_TM02-FOREST/Assets/Characters/Enemy/Elementals_Crystal_Mauler_Free_v1.0/Elementals_Crystal_Mauler_Free_v1.0/anim/PNG/idle/idle_8.png
  artifactKey: Guid(cad7068ca24b8cb46afa5019019fe638) Importer(815301076,1909f56bfc062723c751e8b465ee728b)
Start importing Assets/_TM02-FOREST/Assets/Characters/Enemy/Elementals_Crystal_Mauler_Free_v1.0/Elementals_Crystal_Mauler_Free_v1.0/anim/PNG/idle/idle_8.png using Guid(cad7068ca24b8cb46afa5019019fe638) Importer(815301076,1909f56bfc062723c751e8b465ee728b)  -> (artifact id: 'dcde9b711b8d0ab62db65bc57fdd6f08') in 0.016198 seconds
Number of updated asset objects reloaded before import = 0
Number of asset objects unloaded after import = 3
========================================================================
Received Import Request.
  Time since last request: 90.612997 seconds.
  path: Assets/_TM02-FOREST/Assets/Characters/Enemy/Elementals_Crystal_Mauler_Free_v1.0/Elementals_Crystal_Mauler_Free_v1.0/anim/PNG/1_atk/1_atk_6.png
  artifactKey: Guid(f336763f0ab006045aa23ade6304ce7d) Importer(815301076,1909f56bfc062723c751e8b465ee728b)
Start importing Assets/_TM02-FOREST/Assets/Characters/Enemy/Elementals_Crystal_Mauler_Free_v1.0/Elementals_Crystal_Mauler_Free_v1.0/anim/PNG/1_atk/1_atk_6.png using Guid(f336763f0ab006045aa23ade6304ce7d) Importer(815301076,1909f56bfc062723c751e8b465ee728b)  -> (artifact id: '187b849ed0067c4df385834ea5093eca') in 0.029682 seconds
Number of updated asset objects reloaded before import = 0
Number of asset objects unloaded after import = 3
========================================================================
Received Import Request.
  Time since last request: 1.073889 seconds.
  path: Assets/_TM02-FOREST/Assets/Characters/Enemy/Elementals_Crystal_Mauler_Free_v1.0/Elementals_Crystal_Mauler_Free_v1.0/anim/PNG/idle/idle_1.png
  artifactKey: Guid(ecd43d07bec9ff6469ca1895d2bbdad2) Importer(815301076,1909f56bfc062723c751e8b465ee728b)
Start importing Assets/_TM02-FOREST/Assets/Characters/Enemy/Elementals_Crystal_Mauler_Free_v1.0/Elementals_Crystal_Mauler_Free_v1.0/anim/PNG/idle/idle_1.png using Guid(ecd43d07bec9ff6469ca1895d2bbdad2) Importer(815301076,1909f56bfc062723c751e8b465ee728b)  -> (artifact id: '1d6252ac1bb27c0e2b03f55073357c4a') in 0.024867 seconds
Number of updated asset objects reloaded before import = 0
Number of asset objects unloaded after import = 3
========================================================================
Received Import Request.
  Time since last request: 27.552837 seconds.
  path: Assets/_TM02-FOREST/Assets/Characters/Enemy/Elementals_Crystal_Mauler_Free_v1.0/Elementals_Crystal_Mauler_Free_v1.0/anim/Animation/New Animation.anim
  artifactKey: Guid(e38185a724e5a0f49b6218c266d7d8e2) Importer(815301076,1909f56bfc062723c751e8b465ee728b)
Start importing Assets/_TM02-FOREST/Assets/Characters/Enemy/Elementals_Crystal_Mauler_Free_v1.0/Elementals_Crystal_Mauler_Free_v1.0/anim/Animation/New Animation.anim using Guid(e38185a724e5a0f49b6218c266d7d8e2) Importer(815301076,1909f56bfc062723c751e8b465ee728b)  -> (artifact id: 'c3d59106f41d3840f2887ca3b1395d94') in 0.003108 seconds
Number of updated asset objects reloaded before import = 0
Number of asset objects unloaded after import = 1
========================================================================
Received Import Request.
  Time since last request: 1.546933 seconds.
  path: Assets/_TM02-FOREST/Assets/Characters/Enemy/Elementals_Crystal_Mauler_Free_v1.0/Elementals_Crystal_Mauler_Free_v1.0/anim/Animation/New Animation 1.anim
  artifactKey: Guid(49bb6296359725949b4ee5c0f522b72d) Importer(815301076,1909f56bfc062723c751e8b465ee728b)
Start importing Assets/_TM02-FOREST/Assets/Characters/Enemy/Elementals_Crystal_Mauler_Free_v1.0/Elementals_Crystal_Mauler_Free_v1.0/anim/Animation/New Animation 1.anim using Guid(49bb6296359725949b4ee5c0f522b72d) Importer(815301076,1909f56bfc062723c751e8b465ee728b)  -> (artifact id: '54ff42e4cd0f2c7f76452baf239ca9a7') in 0.001388 seconds
Number of updated asset objects reloaded before import = 0
Number of asset objects unloaded after import = 1
========================================================================
Received Import Request.
  Time since last request: 0.147010 seconds.
  path: Assets/_TM02-FOREST/Assets/Characters/Enemy/Elementals_Crystal_Mauler_Free_v1.0/Elementals_Crystal_Mauler_Free_v1.0/anim/Animation/New Animation 2.anim
  artifactKey: Guid(e101a74272beffa4dbe9ecc8bfd39d82) Importer(815301076,1909f56bfc062723c751e8b465ee728b)
Start importing Assets/_TM02-FOREST/Assets/Characters/Enemy/Elementals_Crystal_Mauler_Free_v1.0/Elementals_Crystal_Mauler_Free_v1.0/anim/Animation/New Animation 2.anim using Guid(e101a74272beffa4dbe9ecc8bfd39d82) Importer(815301076,1909f56bfc062723c751e8b465ee728b)  -> (artifact id: 'c8fa8067c1035738c24b6ae55d09e54a') in 0.001204 seconds
Number of updated asset objects reloaded before import = 0
Number of asset objects unloaded after import = 1
========================================================================
Received Import Request.
  Time since last request: 0.149928 seconds.
  path: Assets/_TM02-FOREST/Assets/Characters/Enemy/Elementals_Crystal_Mauler_Free_v1.0/Elementals_Crystal_Mauler_Free_v1.0/anim/Animation/New Animation 3.anim
  artifactKey: Guid(6d318d114c54cfe42bcd666b83533033) Importer(815301076,1909f56bfc062723c751e8b465ee728b)
Start importing Assets/_TM02-FOREST/Assets/Characters/Enemy/Elementals_Crystal_Mauler_Free_v1.0/Elementals_Crystal_Mauler_Free_v1.0/anim/Animation/New Animation 3.anim using Guid(6d318d114c54cfe42bcd666b83533033) Importer(815301076,1909f56bfc062723c751e8b465ee728b)  -> (artifact id: '6be1d2916e96f0c4c3c15caf4674f61d') in 0.001451 seconds
Number of updated asset objects reloaded before import = 0
Number of asset objects unloaded after import = 1
========================================================================
Received Import Request.
  Time since last request: 0.147487 seconds.
  path: Assets/_TM02-FOREST/Assets/Characters/Enemy/Elementals_Crystal_Mauler_Free_v1.0/Elementals_Crystal_Mauler_Free_v1.0/anim/Animation/New Animation 4.anim
  artifactKey: Guid(c12b3aadb439d214cad849d70b442770) Importer(815301076,1909f56bfc062723c751e8b465ee728b)
Start importing Assets/_TM02-FOREST/Assets/Characters/Enemy/Elementals_Crystal_Mauler_Free_v1.0/Elementals_Crystal_Mauler_Free_v1.0/anim/Animation/New Animation 4.anim using Guid(c12b3aadb439d214cad849d70b442770) Importer(815301076,1909f56bfc062723c751e8b465ee728b)  -> (artifact id: '7d65e67cfcc79b3be4f8537afb701bdb') in 0.001171 seconds
Number of updated asset objects reloaded before import = 0
Number of asset objects unloaded after import = 1
========================================================================
Received Import Request.
  Time since last request: 0.163117 seconds.
  path: Assets/_TM02-FOREST/Assets/Characters/Enemy/Elementals_Crystal_Mauler_Free_v1.0/Elementals_Crystal_Mauler_Free_v1.0/anim/Animation/New Animation 5.anim
  artifactKey: Guid(bdc8f55a40f3d004787fa88173f50de3) Importer(815301076,1909f56bfc062723c751e8b465ee728b)
Start importing Assets/_TM02-FOREST/Assets/Characters/Enemy/Elementals_Crystal_Mauler_Free_v1.0/Elementals_Crystal_Mauler_Free_v1.0/anim/Animation/New Animation 5.anim using Guid(bdc8f55a40f3d004787fa88173f50de3) Importer(815301076,1909f56bfc062723c751e8b465ee728b)  -> (artifact id: '7ed4c0b78f2971d1b4816d2dc85274d5') in 0.001488 seconds
Number of updated asset objects reloaded before import = 0
Number of asset objects unloaded after import = 1
========================================================================
Received Import Request.
  Time since last request: 0.144340 seconds.
  path: Assets/_TM02-FOREST/Assets/Characters/Enemy/Elementals_Crystal_Mauler_Free_v1.0/Elementals_Crystal_Mauler_Free_v1.0/anim/Animation/New Animation 6.anim
  artifactKey: Guid(dd42d0728dafbbb468a94a8dfa446049) Importer(815301076,1909f56bfc062723c751e8b465ee728b)
Start importing Assets/_TM02-FOREST/Assets/Characters/Enemy/Elementals_Crystal_Mauler_Free_v1.0/Elementals_Crystal_Mauler_Free_v1.0/anim/Animation/New Animation 6.anim using Guid(dd42d0728dafbbb468a94a8dfa446049) Importer(815301076,1909f56bfc062723c751e8b465ee728b)  -> (artifact id: '2a259e44d6cccc1cb62ae62b024211fb') in 0.001153 seconds
Number of updated asset objects reloaded before import = 0
Number of asset objects unloaded after import = 1
========================================================================
Received Import Request.
  Time since last request: 0.147795 seconds.
  path: Assets/_TM02-FOREST/Assets/Characters/Enemy/Elementals_Crystal_Mauler_Free_v1.0/Elementals_Crystal_Mauler_Free_v1.0/anim/Animation/New Animation 7.anim
  artifactKey: Guid(eeff4325f634c1546bf1480b336c56e0) Importer(815301076,1909f56bfc062723c751e8b465ee728b)
Start importing Assets/_TM02-FOREST/Assets/Characters/Enemy/Elementals_Crystal_Mauler_Free_v1.0/Elementals_Crystal_Mauler_Free_v1.0/anim/Animation/New Animation 7.anim using Guid(eeff4325f634c1546bf1480b336c56e0) Importer(815301076,1909f56bfc062723c751e8b465ee728b)  -> (artifact id: '4b8a8f7e711c32274ae094e1706dbb05') in 0.001662 seconds
Number of updated asset objects reloaded before import = 0
Number of asset objects unloaded after import = 1
========================================================================
Received Import Request.
  Time since last request: 0.163759 seconds.
  path: Assets/_TM02-FOREST/Assets/Characters/Enemy/Elementals_Crystal_Mauler_Free_v1.0/Elementals_Crystal_Mauler_Free_v1.0/anim/Animation/New Animation 8.anim
  artifactKey: Guid(57b01789bc9e0ec41b6c0fdc5d1ba4c3) Importer(815301076,1909f56bfc062723c751e8b465ee728b)
Start importing Assets/_TM02-FOREST/Assets/Characters/Enemy/Elementals_Crystal_Mauler_Free_v1.0/Elementals_Crystal_Mauler_Free_v1.0/anim/Animation/New Animation 8.anim using Guid(57b01789bc9e0ec41b6c0fdc5d1ba4c3) Importer(815301076,1909f56bfc062723c751e8b465ee728b)  -> (artifact id: 'b32c98e080f46f7f6fd0bea8d389cb0d') in 0.001223 seconds
Number of updated asset objects reloaded before import = 0
Number of asset objects unloaded after import = 1
========================================================================
Received Import Request.
  Time since last request: 0.138118 seconds.
  path: Assets/_TM02-FOREST/Assets/Characters/Enemy/Elementals_Crystal_Mauler_Free_v1.0/Elementals_Crystal_Mauler_Free_v1.0/anim/Animation/New Animation 9.anim
  artifactKey: Guid(30fea5b22f005cf4e8624a76da8202d9) Importer(815301076,1909f56bfc062723c751e8b465ee728b)
Start importing Assets/_TM02-FOREST/Assets/Characters/Enemy/Elementals_Crystal_Mauler_Free_v1.0/Elementals_Crystal_Mauler_Free_v1.0/anim/Animation/New Animation 9.anim using Guid(30fea5b22f005cf4e8624a76da8202d9) Importer(815301076,1909f56bfc062723c751e8b465ee728b)  -> (artifact id: '50a93584b9a1681deb77b249f8100557') in 0.001249 seconds
Number of updated asset objects reloaded before import = 0
Number of asset objects unloaded after import = 1
========================================================================
Received Import Request.
  Time since last request: 0.145242 seconds.
  path: Assets/_TM02-FOREST/Assets/Characters/Enemy/Elementals_Crystal_Mauler_Free_v1.0/Elementals_Crystal_Mauler_Free_v1.0/anim/Animation/New Animation 10.anim
  artifactKey: Guid(ae0ebb88b1e81b4428d5d7db02e66ad7) Importer(815301076,1909f56bfc062723c751e8b465ee728b)
Start importing Assets/_TM02-FOREST/Assets/Characters/Enemy/Elementals_Crystal_Mauler_Free_v1.0/Elementals_Crystal_Mauler_Free_v1.0/anim/Animation/New Animation 10.anim using Guid(ae0ebb88b1e81b4428d5d7db02e66ad7) Importer(815301076,1909f56bfc062723c751e8b465ee728b)  -> (artifact id: '3fb95772e287838747d2fc7515b9681f') in 0.002176 seconds
Number of updated asset objects reloaded before import = 0
Number of asset objects unloaded after import = 1
========================================================================
Received Import Request.
  Time since last request: 6.969650 seconds.
  path: Assets/_TM02-FOREST/Assets/Characters/Enemy/Elementals_Crystal_Mauler_Free_v1.0/Elementals_Crystal_Mauler_Free_v1.0/anim/Animation/Idle.anim
  artifactKey: Guid(49bb6296359725949b4ee5c0f522b72d) Importer(815301076,1909f56bfc062723c751e8b465ee728b)
Start importing Assets/_TM02-FOREST/Assets/Characters/Enemy/Elementals_Crystal_Mauler_Free_v1.0/Elementals_Crystal_Mauler_Free_v1.0/anim/Animation/Idle.anim using Guid(49bb6296359725949b4ee5c0f522b72d) Importer(815301076,1909f56bfc062723c751e8b465ee728b)  -> (artifact id: '46edf31c1d25effaf0cf231af7bb93fc') in 0.002346 seconds
Number of updated asset objects reloaded before import = 0
Number of asset objects unloaded after import = 1
========================================================================
Received Import Request.
  Time since last request: 3.512409 seconds.
  path: Assets/_TM02-FOREST/Assets/Characters/Enemy/Elementals_Crystal_Mauler_Free_v1.0/Elementals_Crystal_Mauler_Free_v1.0/anim/Animator/BossCrystal.controller
  artifactKey: Guid(d020f0215a480ee4687f108fe37d9127) Importer(815301076,1909f56bfc062723c751e8b465ee728b)
Start importing Assets/_TM02-FOREST/Assets/Characters/Enemy/Elementals_Crystal_Mauler_Free_v1.0/Elementals_Crystal_Mauler_Free_v1.0/anim/Animator/BossCrystal.controller using Guid(d020f0215a480ee4687f108fe37d9127) Importer(815301076,1909f56bfc062723c751e8b465ee728b)  -> (artifact id: '03492ac5b61ba496b629b826eee930d5') in 0.001335 seconds
Number of updated asset objects reloaded before import = 0
Number of asset objects unloaded after import = 2
========================================================================
Received Prepare
Begin MonoManager ReloadAssembly
Symbol file LoadedFromMemory is not a mono symbol file
- Loaded All Assemblies, in 13.903 seconds
Refreshing native plugins compatible for Editor in 17.69 ms, found 9 plugins.
Native extension for WindowsStandalone target not found
Native extension for iOS target not found
Native extension for Android target not found
[Package Manager] Server::EnsureServerProcessIsRunning -- launch failed, reason: Unity was launched with the -noUpm command-line argument
[Package Manager] UpmClient::Send -- Unable to send message (not connected to UPM process).
[Package Manager] Cannot connect to Unity Package Manager local server
Mono: successfully reloaded assembly
- Finished resetting the current domain, in 51.960 seconds
Domain Reload Profiling: 65862ms
	BeginReloadAssembly (1367ms)
		ExecutionOrderSort (0ms)
		DisableScriptedObjects (154ms)
		BackupInstance (0ms)
		ReleaseScriptingObjects (0ms)
		CreateAndSetChildDomain (614ms)
	RebuildCommonClasses (324ms)
	RebuildNativeTypeToScriptingClass (10ms)
	initialDomainReloadingComplete (55ms)
	LoadAllAssembliesAndSetupDomain (12145ms)
		LoadAssemblies (12446ms)
		RebuildTransferFunctionScriptingTraits (0ms)
		AnalyzeDomain (76ms)
			TypeCache.Refresh (30ms)
				TypeCache.ScanAssembly (0ms)
			ScanForSourceGeneratedMonoScriptInfo (1ms)
			ResolveRequiredComponents (44ms)
	FinalizeReload (51961ms)
		ReleaseScriptCaches (0ms)
		RebuildScriptCaches (0ms)
		SetupLoadedEditorAssemblies (2113ms)
			LogAssemblyErrors (0ms)
			InitializePlatformSupportModulesInManaged (55ms)
			SetLoadedEditorAssemblies (15ms)
			RefreshPlugins (0ms)
			BeforeProcessingInitializeOnLoad (175ms)
			ProcessInitializeOnLoadAttributes (1209ms)
			ProcessInitializeOnLoadMethodAttributes (654ms)
			AfterProcessingInitializeOnLoad (3ms)
			EditorAssembliesLoaded (2ms)
		ExecutionOrderSort2 (0ms)
		AwakeInstancesAfterBackupRestoration (40ms)
Shader 'MoreMountains/MMRipple': fallback shader 'Particle/AlphaBlended' not found
Refreshing native plugins compatible for Editor in 18.88 ms, found 9 plugins.
Preloading 0 native plugins for Editor in 0.00 ms.
Unloading 8783 Unused Serialized files (Serialized files now loaded: 0)
Unloading 99 unused Assets / (1.3 MB). Loaded Objects now: 9726.
Memory consumption went from 394.1 MB to 392.8 MB.
Total: 20.120000 ms (FindLiveObjects: 0.582400 ms CreateObjectMapping: 0.310700 ms MarkObjects: 18.634100 ms  DeleteObjects: 0.591200 ms)

Prepare: number of updated asset objects reloaded= 0
AssetImportParameters requested are different than current active one (requested -> active):
  custom:container-demuxer-ogg: 62fdf1f143b41e24485cea50d1cbac27 -> 
  custom:framework-win-MediaFoundation: 216162199b28c13a410421893ffa2e32 -> 
  custom:scripting/monoscript/fileName/BossShadow1_Attack2_Controller.cs: b72366c4b38476dd6a3a7b696e258665 -> 8e475a1ee77cb45d1cd98c05e684dc62
  custom:container-muxer-webm: aa71ff27fc2769a1b78a27578f13a17b -> 
  custom:video-decoder-webm-vp8: 9c59270c3fd7afecdb556c50c9e8de78 -> 
  custom:SearchIndexIgnoredProperties: e643bd26f0fe6173181afceb89e7c659 -> 
  custom:AudioImporter_EditorPlatform: d09bf68614088b80899f8185d706f6e7 -> 
  custom:audio-decoder-ogg-vorbis: bf7c407c2cedff20999df2af8eb42d56 -> 
  custom:scripting/monoscript/fileName/BossShadow1_Attack1_Controller.cs: 13074c66c6b5d1f7e8528b09654bca03 -> 44f32db56bf2e57733e144c8f9f66a6d
  custom:audio-encoder-webm-vorbis: bf7c407c2cedff20999df2af8eb42d56 -> 
  custom:video-codec-MediaFoundation-h265: 746d11721c4dcdbdad8f713fa42b33f4 -> 
  custom:video-decoder-ogg-theora: a1e56fd34408186e4bbccfd4996cb3dc -> 
  custom:CustomObjectIndexerAttribute: 72b91833f83ae208fae7752999fa3104 -> 
  custom:container-demuxer-webm: 4f35f7cbe854078d1ac9338744f61a02 -> 
  custom:scripting/monoscript/fileName/BossShadow1_Attack1_Hit.cs: dd1546f280f00b07a19ae2da2e359390 -> 634124e5e8afcf6cb1158a879da8073b
  custom:video-encoder-webm-vp8: eb34c28f22e8b96e1ab97ce403110664 -> 
========================================================================
Received Import Request.
  Time since last request: 187.063169 seconds.
  path: Assets/_TM02-FOREST/Assets/Characters/Enemy/Elementals_Crystal_Mauler_Free_v1.0/Elementals_Crystal_Mauler_Free_v1.0/anim/PNG/take_hit
  artifactKey: Guid(c1e68ba4510ff804ea137464e11ec77b) Importer(815301076,1909f56bfc062723c751e8b465ee728b)
Start importing Assets/_TM02-FOREST/Assets/Characters/Enemy/Elementals_Crystal_Mauler_Free_v1.0/Elementals_Crystal_Mauler_Free_v1.0/anim/PNG/take_hit using Guid(c1e68ba4510ff804ea137464e11ec77b) Importer(815301076,1909f56bfc062723c751e8b465ee728b)  -> (artifact id: 'ae71a39b82604c65948e1068b9b6d54a') in 0.002285 seconds
Number of updated asset objects reloaded before import = 0
Number of asset objects unloaded after import = 0
========================================================================
Received Import Request.
  Time since last request: 0.000048 seconds.
  path: Assets/_TM02-FOREST/Assets/Characters/Enemy/Elementals_Crystal_Mauler_Free_v1.0/Elementals_Crystal_Mauler_Free_v1.0/anim/Animation/Run.anim
  artifactKey: Guid(e101a74272beffa4dbe9ecc8bfd39d82) Importer(815301076,1909f56bfc062723c751e8b465ee728b)
Start importing Assets/_TM02-FOREST/Assets/Characters/Enemy/Elementals_Crystal_Mauler_Free_v1.0/Elementals_Crystal_Mauler_Free_v1.0/anim/Animation/Run.anim using Guid(e101a74272beffa4dbe9ecc8bfd39d82) Importer(815301076,1909f56bfc062723c751e8b465ee728b)  -> (artifact id: '0f78dc965623a8eb8cedd6956d516da2') in 0.009975 seconds
Number of updated asset objects reloaded before import = 0
Number of asset objects unloaded after import = 1
========================================================================
Received Import Request.
  Time since last request: 0.000014 seconds.
  path: Assets/_TM02-FOREST/Assets/Characters/Enemy/Elementals_Crystal_Mauler_Free_v1.0/Elementals_Crystal_Mauler_Free_v1.0/anim/PNG/run/run_1.png
  artifactKey: Guid(e4e6eecac46d37f48bcf84908767be40) Importer(815301076,1909f56bfc062723c751e8b465ee728b)
Start importing Assets/_TM02-FOREST/Assets/Characters/Enemy/Elementals_Crystal_Mauler_Free_v1.0/Elementals_Crystal_Mauler_Free_v1.0/anim/PNG/run/run_1.png using Guid(e4e6eecac46d37f48bcf84908767be40) Importer(815301076,1909f56bfc062723c751e8b465ee728b)  -> (artifact id: 'e20cb58c3cdb700c5b35f78dcac18f24') in 0.061207 seconds
Number of updated asset objects reloaded before import = 0
Number of asset objects unloaded after import = 3
========================================================================
Received Import Request.
  Time since last request: 2.960618 seconds.
  path: Assets/_TM02-FOREST/Assets/Characters/Enemy/Elementals_Crystal_Mauler_Free_v1.0/Elementals_Crystal_Mauler_Free_v1.0/anim/Animation/Attack1.anim
  artifactKey: Guid(6d318d114c54cfe42bcd666b83533033) Importer(815301076,1909f56bfc062723c751e8b465ee728b)
Start importing Assets/_TM02-FOREST/Assets/Characters/Enemy/Elementals_Crystal_Mauler_Free_v1.0/Elementals_Crystal_Mauler_Free_v1.0/anim/Animation/Attack1.anim using Guid(6d318d114c54cfe42bcd666b83533033) Importer(815301076,1909f56bfc062723c751e8b465ee728b)  -> (artifact id: '7780db8c8ad93722222833d6f35d8c44') in 0.001208 seconds
Number of updated asset objects reloaded before import = 0
Number of asset objects unloaded after import = 1
========================================================================
Received Import Request.
  Time since last request: 8.154890 seconds.
  path: Assets/_TM02-FOREST/Assets/Characters/Enemy/Elementals_Crystal_Mauler_Free_v1.0/Elementals_Crystal_Mauler_Free_v1.0/anim/Animation/Attack2.anim
  artifactKey: Guid(c12b3aadb439d214cad849d70b442770) Importer(815301076,1909f56bfc062723c751e8b465ee728b)
Start importing Assets/_TM02-FOREST/Assets/Characters/Enemy/Elementals_Crystal_Mauler_Free_v1.0/Elementals_Crystal_Mauler_Free_v1.0/anim/Animation/Attack2.anim using Guid(c12b3aadb439d214cad849d70b442770) Importer(815301076,1909f56bfc062723c751e8b465ee728b)  -> (artifact id: '2db9978c2660583a042ed60304256419') in 0.001182 seconds
Number of updated asset objects reloaded before import = 0
Number of asset objects unloaded after import = 1
========================================================================
Received Import Request.
  Time since last request: 6.987948 seconds.
  path: Assets/_TM02-FOREST/Assets/Characters/Enemy/Elementals_Crystal_Mauler_Free_v1.0/Elementals_Crystal_Mauler_Free_v1.0/anim/Animation/Attack3.anim
  artifactKey: Guid(bdc8f55a40f3d004787fa88173f50de3) Importer(815301076,1909f56bfc062723c751e8b465ee728b)
Start importing Assets/_TM02-FOREST/Assets/Characters/Enemy/Elementals_Crystal_Mauler_Free_v1.0/Elementals_Crystal_Mauler_Free_v1.0/anim/Animation/Attack3.anim using Guid(bdc8f55a40f3d004787fa88173f50de3) Importer(815301076,1909f56bfc062723c751e8b465ee728b)  -> (artifact id: '49e15152a3461999dba28bec084f2423') in 0.001648 seconds
Number of updated asset objects reloaded before import = 0
Number of asset objects unloaded after import = 1
========================================================================
Received Import Request.
  Time since last request: 7.439001 seconds.
  path: Assets/_TM02-FOREST/Assets/Characters/Enemy/Elementals_Crystal_Mauler_Free_v1.0/Elementals_Crystal_Mauler_Free_v1.0/anim/Animator/BossCrystal.controller
  artifactKey: Guid(d020f0215a480ee4687f108fe37d9127) Importer(815301076,1909f56bfc062723c751e8b465ee728b)
Start importing Assets/_TM02-FOREST/Assets/Characters/Enemy/Elementals_Crystal_Mauler_Free_v1.0/Elementals_Crystal_Mauler_Free_v1.0/anim/Animator/BossCrystal.controller using Guid(d020f0215a480ee4687f108fe37d9127) Importer(815301076,1909f56bfc062723c751e8b465ee728b)  -> (artifact id: '46a3d1ddeb2d7de0050981590f453688') in 0.005636 seconds
Number of updated asset objects reloaded before import = 0
Number of asset objects unloaded after import = 4
========================================================================
Received Import Request.
  Time since last request: 15.139272 seconds.
  path: Assets/_TM02-FOREST/Assets/Characters/Enemy/Elementals_Crystal_Mauler_Free_v1.0/Elementals_Crystal_Mauler_Free_v1.0/anim/PNG/2_atk/2_atk_1.png
  artifactKey: Guid(457bf5eefcbaf284985be02ec676c4a1) Importer(815301076,1909f56bfc062723c751e8b465ee728b)
Start importing Assets/_TM02-FOREST/Assets/Characters/Enemy/Elementals_Crystal_Mauler_Free_v1.0/Elementals_Crystal_Mauler_Free_v1.0/anim/PNG/2_atk/2_atk_1.png using Guid(457bf5eefcbaf284985be02ec676c4a1) Importer(815301076,1909f56bfc062723c751e8b465ee728b)  -> (artifact id: '5519c01ae76eff668ad52a0b64ed0957') in 0.029982 seconds
Number of updated asset objects reloaded before import = 0
Number of asset objects unloaded after import = 3
========================================================================
Received Import Request.
  Time since last request: 0.430786 seconds.
  path: Assets/_TM02-FOREST/Assets/Characters/Enemy/Elementals_Crystal_Mauler_Free_v1.0/Elementals_Crystal_Mauler_Free_v1.0/anim/PNG/2_atk/2_atk_6.png
  artifactKey: Guid(c969fa4bf6f2ae84684ff4a94f20d31d) Importer(815301076,1909f56bfc062723c751e8b465ee728b)
Start importing Assets/_TM02-FOREST/Assets/Characters/Enemy/Elementals_Crystal_Mauler_Free_v1.0/Elementals_Crystal_Mauler_Free_v1.0/anim/PNG/2_atk/2_atk_6.png using Guid(c969fa4bf6f2ae84684ff4a94f20d31d) Importer(815301076,1909f56bfc062723c751e8b465ee728b)  -> (artifact id: 'e7f314e2f76859dcbfeae228ef392cd6') in 0.023408 seconds
Number of updated asset objects reloaded before import = 0
Number of asset objects unloaded after import = 3
========================================================================
Received Import Request.
  Time since last request: 8.746552 seconds.
  path: Assets/_TM02-FOREST/Assets/Characters/Enemy/Elementals_Crystal_Mauler_Free_v1.0/Elementals_Crystal_Mauler_Free_v1.0/anim/PNG/2_atk/2_atk_6.png
  artifactKey: Guid(c969fa4bf6f2ae84684ff4a94f20d31d) Importer(815301076,1909f56bfc062723c751e8b465ee728b)
Start importing Assets/_TM02-FOREST/Assets/Characters/Enemy/Elementals_Crystal_Mauler_Free_v1.0/Elementals_Crystal_Mauler_Free_v1.0/anim/PNG/2_atk/2_atk_6.png using Guid(c969fa4bf6f2ae84684ff4a94f20d31d) Importer(815301076,1909f56bfc062723c751e8b465ee728b)  -> (artifact id: 'fdf123f4347aff2bf99c994825c5796a') in 0.024887 seconds
Number of updated asset objects reloaded before import = 0
Number of asset objects unloaded after import = 3
========================================================================
Received Import Request.
  Time since last request: 1.919031 seconds.
  path: Assets/_TM02-FOREST/Assets/Characters/Enemy/Elementals_Crystal_Mauler_Free_v1.0/Elementals_Crystal_Mauler_Free_v1.0/anim/PNG/3_atk/3_atk_1.png
  artifactKey: Guid(6b8c4642ed147324d9d0843b700e083e) Importer(815301076,1909f56bfc062723c751e8b465ee728b)
Start importing Assets/_TM02-FOREST/Assets/Characters/Enemy/Elementals_Crystal_Mauler_Free_v1.0/Elementals_Crystal_Mauler_Free_v1.0/anim/PNG/3_atk/3_atk_1.png using Guid(6b8c4642ed147324d9d0843b700e083e) Importer(815301076,1909f56bfc062723c751e8b465ee728b)  -> (artifact id: '0d319fe618cd30f91f9fc34252f0b327') in 0.023356 seconds
Number of updated asset objects reloaded before import = 0
Number of asset objects unloaded after import = 3
========================================================================
Received Import Request.
  Time since last request: 2.055024 seconds.
  path: Assets/_TM02-FOREST/Assets/Characters/Enemy/Elementals_Crystal_Mauler_Free_v1.0/Elementals_Crystal_Mauler_Free_v1.0/anim/PNG/3_atk/3_atk_17.png
  artifactKey: Guid(b7e49144f555fee4bb40d491d160de4a) Importer(815301076,1909f56bfc062723c751e8b465ee728b)
Start importing Assets/_TM02-FOREST/Assets/Characters/Enemy/Elementals_Crystal_Mauler_Free_v1.0/Elementals_Crystal_Mauler_Free_v1.0/anim/PNG/3_atk/3_atk_17.png using Guid(b7e49144f555fee4bb40d491d160de4a) Importer(815301076,1909f56bfc062723c751e8b465ee728b)  -> (artifact id: '8dc9ac10e56cbfc8c5772c688f33167b') in 0.023903 seconds
Number of updated asset objects reloaded before import = 0
Number of asset objects unloaded after import = 3
========================================================================
Received Import Request.
  Time since last request: 3.632915 seconds.
  path: Assets/_TM02-FOREST/Assets/Characters/Enemy/Elementals_Crystal_Mauler_Free_v1.0/Elementals_Crystal_Mauler_Free_v1.0/anim/PNG/3_atk/3_atk_16.png
  artifactKey: Guid(2096782f3535bad4993445ecadec74ba) Importer(815301076,1909f56bfc062723c751e8b465ee728b)
Start importing Assets/_TM02-FOREST/Assets/Characters/Enemy/Elementals_Crystal_Mauler_Free_v1.0/Elementals_Crystal_Mauler_Free_v1.0/anim/PNG/3_atk/3_atk_16.png using Guid(2096782f3535bad4993445ecadec74ba) Importer(815301076,1909f56bfc062723c751e8b465ee728b)  -> (artifact id: 'c815d44336c9ae332d95f0ad313596c6') in 0.022637 seconds
Number of updated asset objects reloaded before import = 0
Number of asset objects unloaded after import = 3
========================================================================
Received Import Request.
  Time since last request: 7.948163 seconds.
  path: Assets/_TM02-FOREST/Assets/Characters/Enemy/Elementals_Crystal_Mauler_Free_v1.0/Elementals_Crystal_Mauler_Free_v1.0/anim/PNG/3_atk/3_atk_16.png
  artifactKey: Guid(2096782f3535bad4993445ecadec74ba) Importer(815301076,1909f56bfc062723c751e8b465ee728b)
Start importing Assets/_TM02-FOREST/Assets/Characters/Enemy/Elementals_Crystal_Mauler_Free_v1.0/Elementals_Crystal_Mauler_Free_v1.0/anim/PNG/3_atk/3_atk_16.png using Guid(2096782f3535bad4993445ecadec74ba) Importer(815301076,1909f56bfc062723c751e8b465ee728b)  -> (artifact id: 'e93cad4607e60dc84bbef0029729f600') in 0.025004 seconds
Number of updated asset objects reloaded before import = 0
Number of asset objects unloaded after import = 3
========================================================================
Received Import Request.
  Time since last request: 9.709417 seconds.
  path: Assets/_TM02-FOREST/Assets/Characters/Enemy/Elementals_Crystal_Mauler_Free_v1.0/Elementals_Crystal_Mauler_Free_v1.0/anim/PNG/1_atk/1_atk_1.png
  artifactKey: Guid(de12d46104255d646bd7b22a76bf4a1c) Importer(815301076,1909f56bfc062723c751e8b465ee728b)
Start importing Assets/_TM02-FOREST/Assets/Characters/Enemy/Elementals_Crystal_Mauler_Free_v1.0/Elementals_Crystal_Mauler_Free_v1.0/anim/PNG/1_atk/1_atk_1.png using Guid(de12d46104255d646bd7b22a76bf4a1c) Importer(815301076,1909f56bfc062723c751e8b465ee728b)  -> (artifact id: '922d8bff5411933efaa8f6663fb96f85') in 0.024647 seconds
Number of updated asset objects reloaded before import = 0
Number of asset objects unloaded after import = 3
========================================================================
Received Import Request.
  Time since last request: 9.765725 seconds.
  path: Assets/_TM02-FOREST/Assets/Characters/Enemy/Elementals_Crystal_Mauler_Free_v1.0/Elementals_Crystal_Mauler_Free_v1.0/anim/PNG/2_atk/2_atk_1.png
  artifactKey: Guid(457bf5eefcbaf284985be02ec676c4a1) Importer(815301076,1909f56bfc062723c751e8b465ee728b)
Start importing Assets/_TM02-FOREST/Assets/Characters/Enemy/Elementals_Crystal_Mauler_Free_v1.0/Elementals_Crystal_Mauler_Free_v1.0/anim/PNG/2_atk/2_atk_1.png using Guid(457bf5eefcbaf284985be02ec676c4a1) Importer(815301076,1909f56bfc062723c751e8b465ee728b)  -> (artifact id: 'ef77191eac19f0db4ccee30830a15a77') in 0.027371 seconds
Number of updated asset objects reloaded before import = 0
Number of asset objects unloaded after import = 3
========================================================================
Received Import Request.
  Time since last request: 29.334988 seconds.
  path: Assets/_TM02-FOREST/Assets/Characters/Enemy/Elementals_Crystal_Mauler_Free_v1.0/Elementals_Crystal_Mauler_Free_v1.0/anim/PNG/3_atk/3_atk_1.png
  artifactKey: Guid(6b8c4642ed147324d9d0843b700e083e) Importer(815301076,1909f56bfc062723c751e8b465ee728b)
Start importing Assets/_TM02-FOREST/Assets/Characters/Enemy/Elementals_Crystal_Mauler_Free_v1.0/Elementals_Crystal_Mauler_Free_v1.0/anim/PNG/3_atk/3_atk_1.png using Guid(6b8c4642ed147324d9d0843b700e083e) Importer(815301076,1909f56bfc062723c751e8b465ee728b)  -> (artifact id: '2491c01c0ece5443c4c17db72b129958') in 0.023854 seconds
Number of updated asset objects reloaded before import = 0
Number of asset objects unloaded after import = 3
========================================================================
Received Import Request.
  Time since last request: 14.837347 seconds.
  path: Assets/_TM02-FOREST/Assets/Characters/Enemy/Elementals_Crystal_Mauler_Free_v1.0/Elementals_Crystal_Mauler_Free_v1.0/anim/PNG/air_atk
  artifactKey: Guid(4d185d934ea3bdc4fb111f85f969fba2) Importer(815301076,1909f56bfc062723c751e8b465ee728b)
Start importing Assets/_TM02-FOREST/Assets/Characters/Enemy/Elementals_Crystal_Mauler_Free_v1.0/Elementals_Crystal_Mauler_Free_v1.0/anim/PNG/air_atk using Guid(4d185d934ea3bdc4fb111f85f969fba2) Importer(815301076,1909f56bfc062723c751e8b465ee728b)  -> (artifact id: 'e43a3ea635b95ce6b2a00ae6d4f989b8') in 0.000914 seconds
Number of updated asset objects reloaded before import = 0
Number of asset objects unloaded after import = 0
========================================================================
Received Import Request.
  Time since last request: 2.146296 seconds.
  path: Assets/_TM02-FOREST/Assets/Characters/Enemy/Elementals_Crystal_Mauler_Free_v1.0/Elementals_Crystal_Mauler_Free_v1.0/anim/PNG/air_atk/air_atk_1.png
  artifactKey: Guid(d1b77b830364c264f965c06cddd1be60) Importer(815301076,1909f56bfc062723c751e8b465ee728b)
Start importing Assets/_TM02-FOREST/Assets/Characters/Enemy/Elementals_Crystal_Mauler_Free_v1.0/Elementals_Crystal_Mauler_Free_v1.0/anim/PNG/air_atk/air_atk_1.png using Guid(d1b77b830364c264f965c06cddd1be60) Importer(815301076,1909f56bfc062723c751e8b465ee728b)  -> (artifact id: '5067b6cd08120731405fe94665767bd2') in 0.033864 seconds
Number of updated asset objects reloaded before import = 0
Number of asset objects unloaded after import = 3
========================================================================
Received Import Request.
  Time since last request: 14.066008 seconds.
  path: Assets/_TM02-FOREST/Assets/Characters/Enemy/Elementals_Crystal_Mauler_Free_v1.0/Elementals_Crystal_Mauler_Free_v1.0/anim/Animation/AirAttack.anim
  artifactKey: Guid(dd42d0728dafbbb468a94a8dfa446049) Importer(815301076,1909f56bfc062723c751e8b465ee728b)
Start importing Assets/_TM02-FOREST/Assets/Characters/Enemy/Elementals_Crystal_Mauler_Free_v1.0/Elementals_Crystal_Mauler_Free_v1.0/anim/Animation/AirAttack.anim using Guid(dd42d0728dafbbb468a94a8dfa446049) Importer(815301076,1909f56bfc062723c751e8b465ee728b)  -> (artifact id: '55b54daa6d1aee42df611d7a6af698ff') in 0.001508 seconds
Number of updated asset objects reloaded before import = 0
Number of asset objects unloaded after import = 1
========================================================================
Received Import Request.
  Time since last request: 15.175909 seconds.
  path: Assets/_TM02-FOREST/Assets/Characters/Enemy/Elementals_Crystal_Mauler_Free_v1.0/Elementals_Crystal_Mauler_Free_v1.0/anim/PNG/air_atk/air_atk_2.png
  artifactKey: Guid(24ce338f388aff440a087a1150e9955a) Importer(815301076,1909f56bfc062723c751e8b465ee728b)
Start importing Assets/_TM02-FOREST/Assets/Characters/Enemy/Elementals_Crystal_Mauler_Free_v1.0/Elementals_Crystal_Mauler_Free_v1.0/anim/PNG/air_atk/air_atk_2.png using Guid(24ce338f388aff440a087a1150e9955a) Importer(815301076,1909f56bfc062723c751e8b465ee728b)  -> (artifact id: '7a2e30667a72b5a41951afe82ca90a24') in 0.024490 seconds
Number of updated asset objects reloaded before import = 0
Number of asset objects unloaded after import = 3
========================================================================
Received Import Request.
  Time since last request: 13.471249 seconds.
  path: Assets/_TM02-FOREST/Assets/Characters/Enemy/Elementals_Crystal_Mauler_Free_v1.0/Elementals_Crystal_Mauler_Free_v1.0/anim/PNG/air_atk/air_atk_2.png
  artifactKey: Guid(24ce338f388aff440a087a1150e9955a) Importer(815301076,1909f56bfc062723c751e8b465ee728b)
Start importing Assets/_TM02-FOREST/Assets/Characters/Enemy/Elementals_Crystal_Mauler_Free_v1.0/Elementals_Crystal_Mauler_Free_v1.0/anim/PNG/air_atk/air_atk_2.png using Guid(24ce338f388aff440a087a1150e9955a) Importer(815301076,1909f56bfc062723c751e8b465ee728b)  -> (artifact id: '09b113de10886784deee9deb12cf25cd') in 0.021774 seconds
Number of updated asset objects reloaded before import = 0
Number of asset objects unloaded after import = 3
========================================================================
Received Import Request.
  Time since last request: 22.686131 seconds.
  path: Assets/_TM02-FOREST/Assets/Characters/Enemy/Elementals_Crystal_Mauler_Free_v1.0/Elementals_Crystal_Mauler_Free_v1.0/anim/Animation/Death.anim
  artifactKey: Guid(eeff4325f634c1546bf1480b336c56e0) Importer(815301076,1909f56bfc062723c751e8b465ee728b)
Start importing Assets/_TM02-FOREST/Assets/Characters/Enemy/Elementals_Crystal_Mauler_Free_v1.0/Elementals_Crystal_Mauler_Free_v1.0/anim/Animation/Death.anim using Guid(eeff4325f634c1546bf1480b336c56e0) Importer(815301076,1909f56bfc062723c751e8b465ee728b)  -> (artifact id: '41e42368926033320021b8760072fd88') in 0.001172 seconds
Number of updated asset objects reloaded before import = 0
Number of asset objects unloaded after import = 1
========================================================================
Received Import Request.
  Time since last request: 15.634491 seconds.
  path: Assets/_TM02-FOREST/Assets/Characters/Enemy/Elementals_Crystal_Mauler_Free_v1.0/Elementals_Crystal_Mauler_Free_v1.0/anim/PNG/death/death_1.png
  artifactKey: Guid(af827d5f69a28ec4387277a214a8d2f9) Importer(815301076,1909f56bfc062723c751e8b465ee728b)
Start importing Assets/_TM02-FOREST/Assets/Characters/Enemy/Elementals_Crystal_Mauler_Free_v1.0/Elementals_Crystal_Mauler_Free_v1.0/anim/PNG/death/death_1.png using Guid(af827d5f69a28ec4387277a214a8d2f9) Importer(815301076,1909f56bfc062723c751e8b465ee728b)  -> (artifact id: '79f8470ad7d8ec3e4534e46ba83b8e06') in 0.018352 seconds
Number of updated asset objects reloaded before import = 0
Number of asset objects unloaded after import = 3
========================================================================
Received Import Request.
  Time since last request: 0.584299 seconds.
  path: Assets/_TM02-FOREST/Assets/Characters/Enemy/Elementals_Crystal_Mauler_Free_v1.0/Elementals_Crystal_Mauler_Free_v1.0/anim/PNG/death/death_13.png
  artifactKey: Guid(7dadc6fd58006b4448fce4379741886c) Importer(815301076,1909f56bfc062723c751e8b465ee728b)
Start importing Assets/_TM02-FOREST/Assets/Characters/Enemy/Elementals_Crystal_Mauler_Free_v1.0/Elementals_Crystal_Mauler_Free_v1.0/anim/PNG/death/death_13.png using Guid(7dadc6fd58006b4448fce4379741886c) Importer(815301076,1909f56bfc062723c751e8b465ee728b)  -> (artifact id: 'afbd6e6a98aadfaae5cdc413f89f7e92') in 0.027529 seconds
Number of updated asset objects reloaded before import = 0
Number of asset objects unloaded after import = 3
========================================================================
Received Import Request.
  Time since last request: 7.460238 seconds.
  path: Assets/_TM02-FOREST/Assets/Characters/Enemy/Elementals_Crystal_Mauler_Free_v1.0/Elementals_Crystal_Mauler_Free_v1.0/anim/PNG/death/death_13.png
  artifactKey: Guid(7dadc6fd58006b4448fce4379741886c) Importer(815301076,1909f56bfc062723c751e8b465ee728b)
Start importing Assets/_TM02-FOREST/Assets/Characters/Enemy/Elementals_Crystal_Mauler_Free_v1.0/Elementals_Crystal_Mauler_Free_v1.0/anim/PNG/death/death_13.png using Guid(7dadc6fd58006b4448fce4379741886c) Importer(815301076,1909f56bfc062723c751e8b465ee728b)  -> (artifact id: '6851bd7af8a4aa0e18646782fcf4090f') in 0.023475 seconds
Number of updated asset objects reloaded before import = 0
Number of asset objects unloaded after import = 3
========================================================================
Received Import Request.
  Time since last request: 229.439193 seconds.
  path: Assets/_TM02-FOREST/Assets/Characters/Enemy/Elementals_Crystal_Mauler_Free_v1.0/Elementals_Crystal_Mauler_Free_v1.0/anim/Animation/JumpDown.anim
  artifactKey: Guid(57b01789bc9e0ec41b6c0fdc5d1ba4c3) Importer(815301076,1909f56bfc062723c751e8b465ee728b)
Start importing Assets/_TM02-FOREST/Assets/Characters/Enemy/Elementals_Crystal_Mauler_Free_v1.0/Elementals_Crystal_Mauler_Free_v1.0/anim/Animation/JumpDown.anim using Guid(57b01789bc9e0ec41b6c0fdc5d1ba4c3) Importer(815301076,1909f56bfc062723c751e8b465ee728b)  -> (artifact id: 'b80a66f4efad184f1ade9d2e21c48b23') in 0.002045 seconds
Number of updated asset objects reloaded before import = 0
Number of asset objects unloaded after import = 1
========================================================================
Received Import Request.
  Time since last request: 12.304866 seconds.
  path: Assets/_TM02-FOREST/Assets/Characters/Enemy/Elementals_Crystal_Mauler_Free_v1.0/Elementals_Crystal_Mauler_Free_v1.0/anim/Animation/Jump.anim
  artifactKey: Guid(57b01789bc9e0ec41b6c0fdc5d1ba4c3) Importer(815301076,1909f56bfc062723c751e8b465ee728b)
Start importing Assets/_TM02-FOREST/Assets/Characters/Enemy/Elementals_Crystal_Mauler_Free_v1.0/Elementals_Crystal_Mauler_Free_v1.0/anim/Animation/Jump.anim using Guid(57b01789bc9e0ec41b6c0fdc5d1ba4c3) Importer(815301076,1909f56bfc062723c751e8b465ee728b)  -> (artifact id: '11072bbbef88c685f5e7ac3dd6849652') in 0.001524 seconds
Number of updated asset objects reloaded before import = 0
Number of asset objects unloaded after import = 1
========================================================================
Received Import Request.
  Time since last request: 21.203394 seconds.
  path: Assets/_TM02-FOREST/Assets/Characters/Enemy/Elementals_Crystal_Mauler_Free_v1.0/Elementals_Crystal_Mauler_Free_v1.0/anim/Animation/JumpUp.anim
  artifactKey: Guid(30fea5b22f005cf4e8624a76da8202d9) Importer(815301076,1909f56bfc062723c751e8b465ee728b)
Start importing Assets/_TM02-FOREST/Assets/Characters/Enemy/Elementals_Crystal_Mauler_Free_v1.0/Elementals_Crystal_Mauler_Free_v1.0/anim/Animation/JumpUp.anim using Guid(30fea5b22f005cf4e8624a76da8202d9) Importer(815301076,1909f56bfc062723c751e8b465ee728b)  -> (artifact id: '5a16ff59f70f09ae9b7b5b1625201cdf') in 0.001639 seconds
Number of updated asset objects reloaded before import = 0
Number of asset objects unloaded after import = 1
========================================================================
Received Import Request.
  Time since last request: 29.656872 seconds.
  path: Assets/_TM02-FOREST/Assets/Characters/Enemy/Elementals_Crystal_Mauler_Free_v1.0/Elementals_Crystal_Mauler_Free_v1.0/anim/Animation/Attack4.anim
  artifactKey: Guid(ae0ebb88b1e81b4428d5d7db02e66ad7) Importer(815301076,1909f56bfc062723c751e8b465ee728b)
Start importing Assets/_TM02-FOREST/Assets/Characters/Enemy/Elementals_Crystal_Mauler_Free_v1.0/Elementals_Crystal_Mauler_Free_v1.0/anim/Animation/Attack4.anim using Guid(ae0ebb88b1e81b4428d5d7db02e66ad7) Importer(815301076,1909f56bfc062723c751e8b465ee728b)  -> (artifact id: 'b30a4a55ba9852a6a38b55f76690d000') in 0.001945 seconds
Number of updated asset objects reloaded before import = 0
Number of asset objects unloaded after import = 1
========================================================================
Received Import Request.
  Time since last request: 7.859954 seconds.
  path: Assets/_TM02-FOREST/Assets/Characters/Enemy/Elementals_Crystal_Mauler_Free_v1.0/Elementals_Crystal_Mauler_Free_v1.0/anim/PNG/sp_atk/sp_atk_1.png
  artifactKey: Guid(990ca93321711314daf747610137717f) Importer(815301076,1909f56bfc062723c751e8b465ee728b)
Start importing Assets/_TM02-FOREST/Assets/Characters/Enemy/Elementals_Crystal_Mauler_Free_v1.0/Elementals_Crystal_Mauler_Free_v1.0/anim/PNG/sp_atk/sp_atk_1.png using Guid(990ca93321711314daf747610137717f) Importer(815301076,1909f56bfc062723c751e8b465ee728b)  -> (artifact id: 'e9903660a6c133e861e5cff2a3cfa96f') in 0.029417 seconds
Number of updated asset objects reloaded before import = 0
Number of asset objects unloaded after import = 3
========================================================================
Received Import Request.
  Time since last request: 0.811410 seconds.
  path: Assets/_TM02-FOREST/Assets/Characters/Enemy/Elementals_Crystal_Mauler_Free_v1.0/Elementals_Crystal_Mauler_Free_v1.0/anim/PNG/sp_atk/sp_atk_6.png
  artifactKey: Guid(f0ae52b23be319043b92982612f42b8f) Importer(815301076,1909f56bfc062723c751e8b465ee728b)
Start importing Assets/_TM02-FOREST/Assets/Characters/Enemy/Elementals_Crystal_Mauler_Free_v1.0/Elementals_Crystal_Mauler_Free_v1.0/anim/PNG/sp_atk/sp_atk_6.png using Guid(f0ae52b23be319043b92982612f42b8f) Importer(815301076,1909f56bfc062723c751e8b465ee728b)  -> (artifact id: '6eba93d2f5a8159a429278ca2ff05cca') in 0.026936 seconds
Number of updated asset objects reloaded before import = 0
Number of asset objects unloaded after import = 3
========================================================================
Received Import Request.
  Time since last request: 15.978904 seconds.
  path: Assets/_TM02-FOREST/Assets/Characters/Enemy/Elementals_Crystal_Mauler_Free_v1.0/Elementals_Crystal_Mauler_Free_v1.0/anim/PNG/sp_atk/sp_atk_6.png
  artifactKey: Guid(f0ae52b23be319043b92982612f42b8f) Importer(815301076,1909f56bfc062723c751e8b465ee728b)
Start importing Assets/_TM02-FOREST/Assets/Characters/Enemy/Elementals_Crystal_Mauler_Free_v1.0/Elementals_Crystal_Mauler_Free_v1.0/anim/PNG/sp_atk/sp_atk_6.png using Guid(f0ae52b23be319043b92982612f42b8f) Importer(815301076,1909f56bfc062723c751e8b465ee728b)  -> (artifact id: 'b8d791d04f6f78b6066e273c39cdd004') in 0.027843 seconds
Number of updated asset objects reloaded before import = 0
Number of asset objects unloaded after import = 3
========================================================================
Received Import Request.
  Time since last request: 222.575107 seconds.
  path: Assets/_TM02-FOREST/Assets/Characters/Enemy/Elementals_Crystal_Mauler_Free_v1.0
  artifactKey: Guid(a76d200d76f675f4c9e4b7e6be3433d0) Importer(815301076,1909f56bfc062723c751e8b465ee728b)
Start importing Assets/_TM02-FOREST/Assets/Characters/Enemy/Elementals_Crystal_Mauler_Free_v1.0 using Guid(a76d200d76f675f4c9e4b7e6be3433d0) Importer(815301076,1909f56bfc062723c751e8b465ee728b)  -> (artifact id: 'cd7e785c1d06fadc2ce77390637de14a') in 0.001000 seconds
Number of updated asset objects reloaded before import = 0
Number of asset objects unloaded after import = 0
========================================================================
Received Import Request.
  Time since last request: 26.086055 seconds.
  path: Assets/_TM02-FOREST/Assets/Characters/Enemy/Elementals_Crystal_Mauler_Free_v1.0/Elementals_Crystal_Mauler_Free_v1.0/anim/PNG/defend
  artifactKey: Guid(ca49dd2f6b9f62d49ad5f3f86e933498) Importer(815301076,1909f56bfc062723c751e8b465ee728b)
Start importing Assets/_TM02-FOREST/Assets/Characters/Enemy/Elementals_Crystal_Mauler_Free_v1.0/Elementals_Crystal_Mauler_Free_v1.0/anim/PNG/defend using Guid(ca49dd2f6b9f62d49ad5f3f86e933498) Importer(815301076,1909f56bfc062723c751e8b465ee728b)  -> (artifact id: 'df7365f94a15cbe242dff6b52e64cbfd') in 0.000755 seconds
Number of updated asset objects reloaded before import = 0
Number of asset objects unloaded after import = 0
========================================================================
Received Import Request.
  Time since last request: 0.957114 seconds.
  path: Assets/_TM02-FOREST/Assets/Characters/Enemy/Elementals_Crystal_Mauler_Free_v1.0/Elementals_Crystal_Mauler_Free_v1.0/anim/PNG/defend/defend_2.png
  artifactKey: Guid(e5454879466b19444acf9a054c63a2ad) Importer(815301076,1909f56bfc062723c751e8b465ee728b)
Start importing Assets/_TM02-FOREST/Assets/Characters/Enemy/Elementals_Crystal_Mauler_Free_v1.0/Elementals_Crystal_Mauler_Free_v1.0/anim/PNG/defend/defend_2.png using Guid(e5454879466b19444acf9a054c63a2ad) Importer(815301076,1909f56bfc062723c751e8b465ee728b)  -> (artifact id: '740f76bb735188d1621401e878b3fb1e') in 0.027191 seconds
Number of updated asset objects reloaded before import = 0
Number of asset objects unloaded after import = 3
========================================================================
Received Import Request.
  Time since last request: 0.595502 seconds.
  path: Assets/_TM02-FOREST/Assets/Characters/Enemy/Elementals_Crystal_Mauler_Free_v1.0/Elementals_Crystal_Mauler_Free_v1.0/anim/PNG/defend/defend_1.png
  artifactKey: Guid(ee95f643a4cd12a458648a3a45269a07) Importer(815301076,1909f56bfc062723c751e8b465ee728b)
Start importing Assets/_TM02-FOREST/Assets/Characters/Enemy/Elementals_Crystal_Mauler_Free_v1.0/Elementals_Crystal_Mauler_Free_v1.0/anim/PNG/defend/defend_1.png using Guid(ee95f643a4cd12a458648a3a45269a07) Importer(815301076,1909f56bfc062723c751e8b465ee728b)  -> (artifact id: '0bc66bb0d7b90bbbcd81d4c2f472ab66') in 0.023225 seconds
Number of updated asset objects reloaded before import = 0
Number of asset objects unloaded after import = 3
========================================================================
Received Import Request.
  Time since last request: 0.362572 seconds.
  path: Assets/_TM02-FOREST/Assets/Characters/Enemy/Elementals_Crystal_Mauler_Free_v1.0/Elementals_Crystal_Mauler_Free_v1.0/anim/PNG/defend/defend_4.png
  artifactKey: Guid(0bb13a472a4583649abc5ee94ffc2332) Importer(815301076,1909f56bfc062723c751e8b465ee728b)
Start importing Assets/_TM02-FOREST/Assets/Characters/Enemy/Elementals_Crystal_Mauler_Free_v1.0/Elementals_Crystal_Mauler_Free_v1.0/anim/PNG/defend/defend_4.png using Guid(0bb13a472a4583649abc5ee94ffc2332) Importer(815301076,1909f56bfc062723c751e8b465ee728b)  -> (artifact id: 'e552338ca0eed90cd2cd21900221cd92') in 0.011970 seconds
Number of updated asset objects reloaded before import = 0
Number of asset objects unloaded after import = 3
========================================================================
Received Import Request.
  Time since last request: 12.913423 seconds.
  path: Assets/_TM02-FOREST/Assets/Characters/Enemy/Elementals_Crystal_Mauler_Free_v1.0/Elementals_Crystal_Mauler_Free_v1.0/anim/Animation/New Animation 1.anim
  artifactKey: Guid(1ad8ca45538b3a94fb9a1c62af08838c) Importer(815301076,1909f56bfc062723c751e8b465ee728b)
Start importing Assets/_TM02-FOREST/Assets/Characters/Enemy/Elementals_Crystal_Mauler_Free_v1.0/Elementals_Crystal_Mauler_Free_v1.0/anim/Animation/New Animation 1.anim using Guid(1ad8ca45538b3a94fb9a1c62af08838c) Importer(815301076,1909f56bfc062723c751e8b465ee728b)  -> (artifact id: '9ebd4d60de31daaf36aec14b5de7869e') in 0.001830 seconds
Number of updated asset objects reloaded before import = 0
Number of asset objects unloaded after import = 1
========================================================================
Received Import Request.
  Time since last request: 4.831431 seconds.
  path: Assets/_TM02-FOREST/Assets/Characters/Enemy/Elementals_Crystal_Mauler_Free_v1.0/Elementals_Crystal_Mauler_Free_v1.0/anim/Animation/Hi.anim
  artifactKey: Guid(1ad8ca45538b3a94fb9a1c62af08838c) Importer(815301076,1909f56bfc062723c751e8b465ee728b)
Start importing Assets/_TM02-FOREST/Assets/Characters/Enemy/Elementals_Crystal_Mauler_Free_v1.0/Elementals_Crystal_Mauler_Free_v1.0/anim/Animation/Hi.anim using Guid(1ad8ca45538b3a94fb9a1c62af08838c) Importer(815301076,1909f56bfc062723c751e8b465ee728b)  -> (artifact id: 'ba65a1818126d96cacd532ac026cf7b0') in 0.001269 seconds
Number of updated asset objects reloaded before import = 0
Number of asset objects unloaded after import = 1
========================================================================
Received Import Request.
  Time since last request: 4.727456 seconds.
  path: Assets/_TM02-FOREST/Assets/Characters/Enemy/Elementals_Crystal_Mauler_Free_v1.0/Elementals_Crystal_Mauler_Free_v1.0/anim/Animation/Hit.anim
  artifactKey: Guid(1ad8ca45538b3a94fb9a1c62af08838c) Importer(815301076,1909f56bfc062723c751e8b465ee728b)
Start importing Assets/_TM02-FOREST/Assets/Characters/Enemy/Elementals_Crystal_Mauler_Free_v1.0/Elementals_Crystal_Mauler_Free_v1.0/anim/Animation/Hit.anim using Guid(1ad8ca45538b3a94fb9a1c62af08838c) Importer(815301076,1909f56bfc062723c751e8b465ee728b)  -> (artifact id: '1f42c45bbbe4302ec5a645c09e03f16f') in 0.001642 seconds
Number of updated asset objects reloaded before import = 0
Number of asset objects unloaded after import = 1
========================================================================
Received Import Request.
  Time since last request: 15.356042 seconds.
  path: Assets/_TM02-FOREST/Assets/Characters/Enemy/Elementals_Crystal_Mauler_Free_v1.0/Elementals_Crystal_Mauler_Free_v1.0/anim/Animation/Defend.anim
  artifactKey: Guid(e38185a724e5a0f49b6218c266d7d8e2) Importer(815301076,1909f56bfc062723c751e8b465ee728b)
Start importing Assets/_TM02-FOREST/Assets/Characters/Enemy/Elementals_Crystal_Mauler_Free_v1.0/Elementals_Crystal_Mauler_Free_v1.0/anim/Animation/Defend.anim using Guid(e38185a724e5a0f49b6218c266d7d8e2) Importer(815301076,1909f56bfc062723c751e8b465ee728b)  -> (artifact id: '92e4fb977cf019c3eae8c59d41a9b615') in 0.001926 seconds
Number of updated asset objects reloaded before import = 0
Number of asset objects unloaded after import = 1
========================================================================
Received Import Request.
  Time since last request: 43.613481 seconds.
  path: Assets/_TM02-FOREST/Assets/Characters/Enemy/Elementals_Crystal_Mauler_Free_v1.0/Elementals_Crystal_Mauler_Free_v1.0/anim/PNG/defend/defend_6.png
  artifactKey: Guid(5f86c6c86c372424ab8d5cd90c3a55e0) Importer(815301076,1909f56bfc062723c751e8b465ee728b)
Start importing Assets/_TM02-FOREST/Assets/Characters/Enemy/Elementals_Crystal_Mauler_Free_v1.0/Elementals_Crystal_Mauler_Free_v1.0/anim/PNG/defend/defend_6.png using Guid(5f86c6c86c372424ab8d5cd90c3a55e0) Importer(815301076,1909f56bfc062723c751e8b465ee728b)  -> (artifact id: '11d407632eff6f84a4075f904d5c103d') in 0.028571 seconds
Number of updated asset objects reloaded before import = 0
Number of asset objects unloaded after import = 3
========================================================================
Received Import Request.
  Time since last request: 6.841995 seconds.
  path: Assets/_TM02-FOREST/Assets/Characters/Enemy/Elementals_Crystal_Mauler_Free_v1.0/Elementals_Crystal_Mauler_Free_v1.0/anim/PNG/defend/defend_6.png
  artifactKey: Guid(5f86c6c86c372424ab8d5cd90c3a55e0) Importer(815301076,1909f56bfc062723c751e8b465ee728b)
Start importing Assets/_TM02-FOREST/Assets/Characters/Enemy/Elementals_Crystal_Mauler_Free_v1.0/Elementals_Crystal_Mauler_Free_v1.0/anim/PNG/defend/defend_6.png using Guid(5f86c6c86c372424ab8d5cd90c3a55e0) Importer(815301076,1909f56bfc062723c751e8b465ee728b)  -> (artifact id: '8bb0bfac3d05c2902284042e8b97ea69') in 0.019098 seconds
Number of updated asset objects reloaded before import = 0
Number of asset objects unloaded after import = 3
========================================================================
Received Import Request.
  Time since last request: 21.991127 seconds.
  path: Assets/_TM02-FOREST/Assets/Characters/Enemy/Elementals_Crystal_Mauler_Free_v1.0/Elementals_Crystal_Mauler_Free_v1.0/anim/PNG/take_hit/take_hit_1.png
  artifactKey: Guid(ccb455549e1d29240acef89c2b414ae4) Importer(815301076,1909f56bfc062723c751e8b465ee728b)
Start importing Assets/_TM02-FOREST/Assets/Characters/Enemy/Elementals_Crystal_Mauler_Free_v1.0/Elementals_Crystal_Mauler_Free_v1.0/anim/PNG/take_hit/take_hit_1.png using Guid(ccb455549e1d29240acef89c2b414ae4) Importer(815301076,1909f56bfc062723c751e8b465ee728b)  -> (artifact id: 'f455a1c35ad84fd8c91daf8a30962105') in 0.028007 seconds
Number of updated asset objects reloaded before import = 0
Number of asset objects unloaded after import = 3
========================================================================
Received Import Request.
  Time since last request: 0.402242 seconds.
  path: Assets/_TM02-FOREST/Assets/Characters/Enemy/Elementals_Crystal_Mauler_Free_v1.0/Elementals_Crystal_Mauler_Free_v1.0/anim/PNG/take_hit/take_hit_6.png
  artifactKey: Guid(fd7859087380eca479b1d0d7bec5b1a2) Importer(815301076,1909f56bfc062723c751e8b465ee728b)
Start importing Assets/_TM02-FOREST/Assets/Characters/Enemy/Elementals_Crystal_Mauler_Free_v1.0/Elementals_Crystal_Mauler_Free_v1.0/anim/PNG/take_hit/take_hit_6.png using Guid(fd7859087380eca479b1d0d7bec5b1a2) Importer(815301076,1909f56bfc062723c751e8b465ee728b)  -> (artifact id: 'bb0c3167c40e281e7db7b93793647367') in 0.026584 seconds
Number of updated asset objects reloaded before import = 0
Number of asset objects unloaded after import = 3
========================================================================
Received Import Request.
  Time since last request: 2.990908 seconds.
  path: Assets/_TM02-FOREST/Assets/Characters/Enemy/Elementals_Crystal_Mauler_Free_v1.0/Elementals_Crystal_Mauler_Free_v1.0/anim/PNG/take_hit/take_hit_4.png
  artifactKey: Guid(1c39deba109e2bb49a86b9fd5e529aa7) Importer(815301076,1909f56bfc062723c751e8b465ee728b)
Start importing Assets/_TM02-FOREST/Assets/Characters/Enemy/Elementals_Crystal_Mauler_Free_v1.0/Elementals_Crystal_Mauler_Free_v1.0/anim/PNG/take_hit/take_hit_4.png using Guid(1c39deba109e2bb49a86b9fd5e529aa7) Importer(815301076,1909f56bfc062723c751e8b465ee728b)  -> (artifact id: 'fa438e249e60c61d7856a749e112ec9c') in 0.022192 seconds
Number of updated asset objects reloaded before import = 0
Number of asset objects unloaded after import = 3
========================================================================
Received Import Request.
  Time since last request: 7.627746 seconds.
  path: Assets/_TM02-FOREST/Assets/Characters/Enemy/Elementals_Crystal_Mauler_Free_v1.0/Elementals_Crystal_Mauler_Free_v1.0/anim/PNG/take_hit/take_hit_4.png
  artifactKey: Guid(1c39deba109e2bb49a86b9fd5e529aa7) Importer(815301076,1909f56bfc062723c751e8b465ee728b)
Start importing Assets/_TM02-FOREST/Assets/Characters/Enemy/Elementals_Crystal_Mauler_Free_v1.0/Elementals_Crystal_Mauler_Free_v1.0/anim/PNG/take_hit/take_hit_4.png using Guid(1c39deba109e2bb49a86b9fd5e529aa7) Importer(815301076,1909f56bfc062723c751e8b465ee728b)  -> (artifact id: '88d508c5fefb8cd923bbf8d5ba88ecae') in 0.026566 seconds
Number of updated asset objects reloaded before import = 0
Number of asset objects unloaded after import = 3
========================================================================
Received Import Request.
  Time since last request: 35.107922 seconds.
  path: Assets/_TM02-FOREST/Assets/Characters/Enemy/Elementals_Crystal_Mauler_Free_v1.0/Elementals_Crystal_Mauler_Free_v1.0/anim/Animator/BossCrystal.controller
  artifactKey: Guid(d020f0215a480ee4687f108fe37d9127) Importer(815301076,1909f56bfc062723c751e8b465ee728b)
Start importing Assets/_TM02-FOREST/Assets/Characters/Enemy/Elementals_Crystal_Mauler_Free_v1.0/Elementals_Crystal_Mauler_Free_v1.0/anim/Animator/BossCrystal.controller using Guid(d020f0215a480ee4687f108fe37d9127) Importer(815301076,1909f56bfc062723c751e8b465ee728b)  -> (artifact id: '8f64e1ab2c811030e75a1ef0eb595103') in 0.059033 seconds
Number of updated asset objects reloaded before import = 0
Number of asset objects unloaded after import = 24
========================================================================
Received Import Request.
  Time since last request: 63.211137 seconds.
  path: Assets/_TM02-FOREST/Assets/Characters/Enemy/Elementals_Crystal_Mauler_Free_v1.0/Elementals_Crystal_Mauler_Free_v1.0/anim/Animation/Idle.anim
  artifactKey: Guid(49bb6296359725949b4ee5c0f522b72d) Importer(815301076,1909f56bfc062723c751e8b465ee728b)
Start importing Assets/_TM02-FOREST/Assets/Characters/Enemy/Elementals_Crystal_Mauler_Free_v1.0/Elementals_Crystal_Mauler_Free_v1.0/anim/Animation/Idle.anim using Guid(49bb6296359725949b4ee5c0f522b72d) Importer(815301076,1909f56bfc062723c751e8b465ee728b)  -> (artifact id: 'd94bf1ec9872c3725af21c5003b7fabb') in 0.001669 seconds
Number of updated asset objects reloaded before import = 0
Number of asset objects unloaded after import = 1
========================================================================
Received Import Request.
  Time since last request: 124.207200 seconds.
  path: Assets/_TM02-FOREST/Assets/Characters/Enemy/Elementals_Crystal_Mauler_Free_v1.0/Elementals_Crystal_Mauler_Free_v1.0/anim/Animation/Death.anim
  artifactKey: Guid(eeff4325f634c1546bf1480b336c56e0) Importer(815301076,1909f56bfc062723c751e8b465ee728b)
Start importing Assets/_TM02-FOREST/Assets/Characters/Enemy/Elementals_Crystal_Mauler_Free_v1.0/Elementals_Crystal_Mauler_Free_v1.0/anim/Animation/Death.anim using Guid(eeff4325f634c1546bf1480b336c56e0) Importer(815301076,1909f56bfc062723c751e8b465ee728b)  -> (artifact id: '8ff82fe6293c4ad8dad75353f4741ee9') in 0.036830 seconds
Number of updated asset objects reloaded before import = 0
Number of asset objects unloaded after import = 1
========================================================================
Received Prepare
Begin MonoManager ReloadAssembly
Symbol file LoadedFromMemory is not a mono symbol file
- Loaded All Assemblies, in  4.728 seconds
Refreshing native plugins compatible for Editor in 15.07 ms, found 9 plugins.
Native extension for WindowsStandalone target not found
Native extension for iOS target not found
Native extension for Android target not found
[Package Manager] Server::EnsureServerProcessIsRunning -- launch failed, reason: Unity was launched with the -noUpm command-line argument
[Package Manager] UpmClient::Send -- Unable to send message (not connected to UPM process).
[Package Manager] Cannot connect to Unity Package Manager local server
Mono: successfully reloaded assembly
- Finished resetting the current domain, in 16.149 seconds
Domain Reload Profiling: 20877ms
	BeginReloadAssembly (2181ms)
		ExecutionOrderSort (0ms)
		DisableScriptedObjects (467ms)
		BackupInstance (0ms)
		ReleaseScriptingObjects (1ms)
		CreateAndSetChildDomain (1092ms)
	RebuildCommonClasses (59ms)
	RebuildNativeTypeToScriptingClass (15ms)
	initialDomainReloadingComplete (72ms)
	LoadAllAssembliesAndSetupDomain (2401ms)
		LoadAssemblies (2339ms)
		RebuildTransferFunctionScriptingTraits (0ms)
		AnalyzeDomain (220ms)
			TypeCache.Refresh (62ms)
				TypeCache.ScanAssembly (4ms)
			ScanForSourceGeneratedMonoScriptInfo (105ms)
			ResolveRequiredComponents (53ms)
	FinalizeReload (16150ms)
		ReleaseScriptCaches (0ms)
		RebuildScriptCaches (0ms)
		SetupLoadedEditorAssemblies (1802ms)
			LogAssemblyErrors (0ms)
			InitializePlatformSupportModulesInManaged (64ms)
			SetLoadedEditorAssemblies (19ms)
			RefreshPlugins (0ms)
			BeforeProcessingInitializeOnLoad (200ms)
			ProcessInitializeOnLoadAttributes (1072ms)
			ProcessInitializeOnLoadMethodAttributes (444ms)
			AfterProcessingInitializeOnLoad (1ms)
			EditorAssembliesLoaded (1ms)
		ExecutionOrderSort2 (0ms)
		AwakeInstancesAfterBackupRestoration (22ms)
Shader 'MoreMountains/MMRipple': fallback shader 'Particle/AlphaBlended' not found
Refreshing native plugins compatible for Editor in 17.12 ms, found 9 plugins.
Preloading 0 native plugins for Editor in 0.00 ms.
Unloading 8779 Unused Serialized files (Serialized files now loaded: 0)
Unloading 99 unused Assets / (1.1 MB). Loaded Objects now: 9742.
Memory consumption went from 394.6 MB to 393.4 MB.
Total: 41.581000 ms (FindLiveObjects: 1.123900 ms CreateObjectMapping: 0.615300 ms MarkObjects: 38.521200 ms  DeleteObjects: 1.317100 ms)

Prepare: number of updated asset objects reloaded= 0
AssetImportParameters requested are different than current active one (requested -> active):
  custom:container-demuxer-ogg: 62fdf1f143b41e24485cea50d1cbac27 -> 
  custom:framework-win-MediaFoundation: 216162199b28c13a410421893ffa2e32 -> 
  custom:scripting/monoscript/fileName/BossShadow1_Attack2_Controller.cs: b72366c4b38476dd6a3a7b696e258665 -> 8e475a1ee77cb45d1cd98c05e684dc62
  custom:container-muxer-webm: aa71ff27fc2769a1b78a27578f13a17b -> 
  custom:video-decoder-webm-vp8: 9c59270c3fd7afecdb556c50c9e8de78 -> 
  custom:SearchIndexIgnoredProperties: e643bd26f0fe6173181afceb89e7c659 -> 
  custom:AudioImporter_EditorPlatform: d09bf68614088b80899f8185d706f6e7 -> 
  custom:audio-decoder-ogg-vorbis: bf7c407c2cedff20999df2af8eb42d56 -> 
  custom:scripting/monoscript/fileName/BossShadow1_Attack1_Controller.cs: 13074c66c6b5d1f7e8528b09654bca03 -> 44f32db56bf2e57733e144c8f9f66a6d
  custom:audio-encoder-webm-vorbis: bf7c407c2cedff20999df2af8eb42d56 -> 
  custom:video-codec-MediaFoundation-h265: 746d11721c4dcdbdad8f713fa42b33f4 -> 
  custom:video-decoder-ogg-theora: a1e56fd34408186e4bbccfd4996cb3dc -> 
  custom:CustomObjectIndexerAttribute: 72b91833f83ae208fae7752999fa3104 -> 
  custom:container-demuxer-webm: 4f35f7cbe854078d1ac9338744f61a02 -> 
  custom:scripting/monoscript/fileName/BossShadow1_Attack1_Hit.cs: dd1546f280f00b07a19ae2da2e359390 -> 634124e5e8afcf6cb1158a879da8073b
  custom:video-encoder-webm-vp8: eb34c28f22e8b96e1ab97ce403110664 -> 
========================================================================
Received Prepare
Begin MonoManager ReloadAssembly
Symbol file LoadedFromMemory is not a mono symbol file
- Loaded All Assemblies, in  2.464 seconds
Refreshing native plugins compatible for Editor in 14.72 ms, found 9 plugins.
Native extension for WindowsStandalone target not found
Native extension for iOS target not found
Native extension for Android target not found
[Package Manager] Server::EnsureServerProcessIsRunning -- launch failed, reason: Unity was launched with the -noUpm command-line argument
[Package Manager] UpmClient::Send -- Unable to send message (not connected to UPM process).
[Package Manager] Cannot connect to Unity Package Manager local server
Mono: successfully reloaded assembly
- Finished resetting the current domain, in  3.986 seconds
Domain Reload Profiling: 6450ms
	BeginReloadAssembly (386ms)
		ExecutionOrderSort (0ms)
		DisableScriptedObjects (24ms)
		BackupInstance (0ms)
		ReleaseScriptingObjects (0ms)
		CreateAndSetChildDomain (154ms)
	RebuildCommonClasses (42ms)
	RebuildNativeTypeToScriptingClass (10ms)
	initialDomainReloadingComplete (37ms)
	LoadAllAssembliesAndSetupDomain (1989ms)
		LoadAssemblies (2056ms)
		RebuildTransferFunctionScriptingTraits (0ms)
		AnalyzeDomain (80ms)
			TypeCache.Refresh (26ms)
				TypeCache.ScanAssembly (3ms)
			ScanForSourceGeneratedMonoScriptInfo (30ms)
			ResolveRequiredComponents (23ms)
	FinalizeReload (3986ms)
		ReleaseScriptCaches (0ms)
		RebuildScriptCaches (0ms)
		SetupLoadedEditorAssemblies (1479ms)
			LogAssemblyErrors (0ms)
			InitializePlatformSupportModulesInManaged (53ms)
			SetLoadedEditorAssemblies (23ms)
			RefreshPlugins (0ms)
			BeforeProcessingInitializeOnLoad (198ms)
			ProcessInitializeOnLoadAttributes (851ms)
			ProcessInitializeOnLoadMethodAttributes (352ms)
			AfterProcessingInitializeOnLoad (1ms)
			EditorAssembliesLoaded (1ms)
		ExecutionOrderSort2 (0ms)
		AwakeInstancesAfterBackupRestoration (20ms)
Shader 'MoreMountains/MMRipple': fallback shader 'Particle/AlphaBlended' not found
Refreshing native plugins compatible for Editor in 7.58 ms, found 9 plugins.
Preloading 0 native plugins for Editor in 0.00 ms.
Unloading 8779 Unused Serialized files (Serialized files now loaded: 0)
Unloading 99 unused Assets / (1.1 MB). Loaded Objects now: 9757.
Memory consumption went from 407.8 MB to 406.7 MB.
Total: 16.926600 ms (FindLiveObjects: 0.531000 ms CreateObjectMapping: 0.338000 ms MarkObjects: 15.408400 ms  DeleteObjects: 0.647600 ms)

Prepare: number of updated asset objects reloaded= 0
AssetImportParameters requested are different than current active one (requested -> active):
  custom:container-demuxer-ogg: 62fdf1f143b41e24485cea50d1cbac27 -> 
  custom:framework-win-MediaFoundation: 216162199b28c13a410421893ffa2e32 -> 
  custom:scripting/monoscript/fileName/BossShadow1_Attack2_Controller.cs: b72366c4b38476dd6a3a7b696e258665 -> 8e475a1ee77cb45d1cd98c05e684dc62
  custom:container-muxer-webm: aa71ff27fc2769a1b78a27578f13a17b -> 
  custom:video-decoder-webm-vp8: 9c59270c3fd7afecdb556c50c9e8de78 -> 
  custom:SearchIndexIgnoredProperties: e643bd26f0fe6173181afceb89e7c659 -> 
  custom:AudioImporter_EditorPlatform: d09bf68614088b80899f8185d706f6e7 -> 
  custom:audio-decoder-ogg-vorbis: bf7c407c2cedff20999df2af8eb42d56 -> 
  custom:scripting/monoscript/fileName/BossShadow1_Attack1_Controller.cs: 13074c66c6b5d1f7e8528b09654bca03 -> 44f32db56bf2e57733e144c8f9f66a6d
  custom:audio-encoder-webm-vorbis: bf7c407c2cedff20999df2af8eb42d56 -> 
  custom:video-codec-MediaFoundation-h265: 746d11721c4dcdbdad8f713fa42b33f4 -> 
  custom:video-decoder-ogg-theora: a1e56fd34408186e4bbccfd4996cb3dc -> 
  custom:CustomObjectIndexerAttribute: 72b91833f83ae208fae7752999fa3104 -> 
  custom:container-demuxer-webm: 4f35f7cbe854078d1ac9338744f61a02 -> 
  custom:scripting/monoscript/fileName/BossShadow1_Attack1_Hit.cs: dd1546f280f00b07a19ae2da2e359390 -> 634124e5e8afcf6cb1158a879da8073b
  custom:video-encoder-webm-vp8: eb34c28f22e8b96e1ab97ce403110664 -> 
========================================================================
Received Prepare
Begin MonoManager ReloadAssembly
Symbol file LoadedFromMemory is not a mono symbol file
- Loaded All Assemblies, in  0.646 seconds
Refreshing native plugins compatible for Editor in 7.04 ms, found 9 plugins.
Native extension for WindowsStandalone target not found
Native extension for iOS target not found
Native extension for Android target not found
[Package Manager] Server::EnsureServerProcessIsRunning -- launch failed, reason: Unity was launched with the -noUpm command-line argument
[Package Manager] UpmClient::Send -- Unable to send message (not connected to UPM process).
[Package Manager] Cannot connect to Unity Package Manager local server
Mono: successfully reloaded assembly
- Finished resetting the current domain, in  2.395 seconds
Domain Reload Profiling: 3040ms
	BeginReloadAssembly (170ms)
		ExecutionOrderSort (0ms)
		DisableScriptedObjects (14ms)
		BackupInstance (0ms)
		ReleaseScriptingObjects (0ms)
		CreateAndSetChildDomain (56ms)
	RebuildCommonClasses (29ms)
	RebuildNativeTypeToScriptingClass (9ms)
	initialDomainReloadingComplete (26ms)
	LoadAllAssembliesAndSetupDomain (411ms)
		LoadAssemblies (449ms)
		RebuildTransferFunctionScriptingTraits (0ms)
		AnalyzeDomain (29ms)
			TypeCache.Refresh (9ms)
				TypeCache.ScanAssembly (0ms)
			ScanForSourceGeneratedMonoScriptInfo (0ms)
			ResolveRequiredComponents (19ms)
	FinalizeReload (2395ms)
		ReleaseScriptCaches (0ms)
		RebuildScriptCaches (0ms)
		SetupLoadedEditorAssemblies (1466ms)
			LogAssemblyErrors (0ms)
			InitializePlatformSupportModulesInManaged (28ms)
			SetLoadedEditorAssemblies (8ms)
			RefreshPlugins (0ms)
			BeforeProcessingInitializeOnLoad (189ms)
			ProcessInitializeOnLoadAttributes (958ms)
			ProcessInitializeOnLoadMethodAttributes (281ms)
			AfterProcessingInitializeOnLoad (1ms)
			EditorAssembliesLoaded (1ms)
		ExecutionOrderSort2 (0ms)
		AwakeInstancesAfterBackupRestoration (16ms)
Shader 'MoreMountains/MMRipple': fallback shader 'Particle/AlphaBlended' not found
Refreshing native plugins compatible for Editor in 15.29 ms, found 9 plugins.
Preloading 0 native plugins for Editor in 0.00 ms.
Unloading 8779 Unused Serialized files (Serialized files now loaded: 0)
Unloading 99 unused Assets / (1.1 MB). Loaded Objects now: 9772.
Memory consumption went from 398.5 MB to 397.3 MB.
Total: 18.077200 ms (FindLiveObjects: 0.607400 ms CreateObjectMapping: 0.333900 ms MarkObjects: 16.560300 ms  DeleteObjects: 0.573800 ms)

Prepare: number of updated asset objects reloaded= 0
AssetImportParameters requested are different than current active one (requested -> active):
  custom:container-demuxer-ogg: 62fdf1f143b41e24485cea50d1cbac27 -> 
  custom:framework-win-MediaFoundation: 216162199b28c13a410421893ffa2e32 -> 
  custom:scripting/monoscript/fileName/BossShadow1_Attack2_Controller.cs: b72366c4b38476dd6a3a7b696e258665 -> 8e475a1ee77cb45d1cd98c05e684dc62
  custom:container-muxer-webm: aa71ff27fc2769a1b78a27578f13a17b -> 
  custom:video-decoder-webm-vp8: 9c59270c3fd7afecdb556c50c9e8de78 -> 
  custom:SearchIndexIgnoredProperties: e643bd26f0fe6173181afceb89e7c659 -> 
  custom:AudioImporter_EditorPlatform: d09bf68614088b80899f8185d706f6e7 -> 
  custom:audio-decoder-ogg-vorbis: bf7c407c2cedff20999df2af8eb42d56 -> 
  custom:scripting/monoscript/fileName/BossShadow1_Attack1_Controller.cs: 13074c66c6b5d1f7e8528b09654bca03 -> 44f32db56bf2e57733e144c8f9f66a6d
  custom:audio-encoder-webm-vorbis: bf7c407c2cedff20999df2af8eb42d56 -> 
  custom:video-codec-MediaFoundation-h265: 746d11721c4dcdbdad8f713fa42b33f4 -> 
  custom:video-decoder-ogg-theora: a1e56fd34408186e4bbccfd4996cb3dc -> 
  custom:CustomObjectIndexerAttribute: 72b91833f83ae208fae7752999fa3104 -> 
  custom:container-demuxer-webm: 4f35f7cbe854078d1ac9338744f61a02 -> 
  custom:scripting/monoscript/fileName/BossShadow1_Attack1_Hit.cs: dd1546f280f00b07a19ae2da2e359390 -> 634124e5e8afcf6cb1158a879da8073b
  custom:video-encoder-webm-vp8: eb34c28f22e8b96e1ab97ce403110664 -> 
========================================================================
Received Prepare
Begin MonoManager ReloadAssembly
Symbol file LoadedFromMemory is not a mono symbol file
- Loaded All Assemblies, in  1.930 seconds
Refreshing native plugins compatible for Editor in 19.88 ms, found 9 plugins.
Native extension for WindowsStandalone target not found
Native extension for iOS target not found
Native extension for Android target not found
[Package Manager] Server::EnsureServerProcessIsRunning -- launch failed, reason: Unity was launched with the -noUpm command-line argument
[Package Manager] UpmClient::Send -- Unable to send message (not connected to UPM process).
[Package Manager] Cannot connect to Unity Package Manager local server
Mono: successfully reloaded assembly
- Finished resetting the current domain, in  3.579 seconds
Domain Reload Profiling: 5510ms
	BeginReloadAssembly (826ms)
		ExecutionOrderSort (0ms)
		DisableScriptedObjects (23ms)
		BackupInstance (0ms)
		ReleaseScriptingObjects (0ms)
		CreateAndSetChildDomain (567ms)
	RebuildCommonClasses (36ms)
	RebuildNativeTypeToScriptingClass (10ms)
	initialDomainReloadingComplete (35ms)
	LoadAllAssembliesAndSetupDomain (1023ms)
		LoadAssemblies (1112ms)
		RebuildTransferFunctionScriptingTraits (0ms)
		AnalyzeDomain (84ms)
			TypeCache.Refresh (29ms)
				TypeCache.ScanAssembly (3ms)
			ScanForSourceGeneratedMonoScriptInfo (32ms)
			ResolveRequiredComponents (21ms)
	FinalizeReload (3579ms)
		ReleaseScriptCaches (0ms)
		RebuildScriptCaches (0ms)
		SetupLoadedEditorAssemblies (1416ms)
			LogAssemblyErrors (0ms)
			InitializePlatformSupportModulesInManaged (28ms)
			SetLoadedEditorAssemblies (10ms)
			RefreshPlugins (0ms)
			BeforeProcessingInitializeOnLoad (220ms)
			ProcessInitializeOnLoadAttributes (779ms)
			ProcessInitializeOnLoadMethodAttributes (377ms)
			AfterProcessingInitializeOnLoad (2ms)
			EditorAssembliesLoaded (1ms)
		ExecutionOrderSort2 (0ms)
		AwakeInstancesAfterBackupRestoration (16ms)
Shader 'MoreMountains/MMRipple': fallback shader 'Particle/AlphaBlended' not found
Refreshing native plugins compatible for Editor in 7.99 ms, found 9 plugins.
Preloading 0 native plugins for Editor in 0.00 ms.
Unloading 8779 Unused Serialized files (Serialized files now loaded: 0)
Unloading 99 unused Assets / (1.2 MB). Loaded Objects now: 9787.
Memory consumption went from 400.3 MB to 399.1 MB.
Total: 18.022200 ms (FindLiveObjects: 0.866800 ms CreateObjectMapping: 0.374100 ms MarkObjects: 15.880500 ms  DeleteObjects: 0.899400 ms)

Prepare: number of updated asset objects reloaded= 0
AssetImportParameters requested are different than current active one (requested -> active):
  custom:container-demuxer-ogg: 62fdf1f143b41e24485cea50d1cbac27 -> 
  custom:framework-win-MediaFoundation: 216162199b28c13a410421893ffa2e32 -> 
  custom:scripting/monoscript/fileName/BossShadow1_Attack2_Controller.cs: b72366c4b38476dd6a3a7b696e258665 -> 8e475a1ee77cb45d1cd98c05e684dc62
  custom:container-muxer-webm: aa71ff27fc2769a1b78a27578f13a17b -> 
  custom:video-decoder-webm-vp8: 9c59270c3fd7afecdb556c50c9e8de78 -> 
  custom:SearchIndexIgnoredProperties: e643bd26f0fe6173181afceb89e7c659 -> 
  custom:AudioImporter_EditorPlatform: d09bf68614088b80899f8185d706f6e7 -> 
  custom:audio-decoder-ogg-vorbis: bf7c407c2cedff20999df2af8eb42d56 -> 
  custom:scripting/monoscript/fileName/BossShadow1_Attack1_Controller.cs: 13074c66c6b5d1f7e8528b09654bca03 -> 44f32db56bf2e57733e144c8f9f66a6d
  custom:audio-encoder-webm-vorbis: bf7c407c2cedff20999df2af8eb42d56 -> 
  custom:video-codec-MediaFoundation-h265: 746d11721c4dcdbdad8f713fa42b33f4 -> 
  custom:video-decoder-ogg-theora: a1e56fd34408186e4bbccfd4996cb3dc -> 
  custom:CustomObjectIndexerAttribute: 72b91833f83ae208fae7752999fa3104 -> 
  custom:container-demuxer-webm: 4f35f7cbe854078d1ac9338744f61a02 -> 
  custom:scripting/monoscript/fileName/BossShadow1_Attack1_Hit.cs: dd1546f280f00b07a19ae2da2e359390 -> 634124e5e8afcf6cb1158a879da8073b
  custom:video-encoder-webm-vp8: eb34c28f22e8b96e1ab97ce403110664 -> 
========================================================================
Received Import Request.
  Time since last request: 2095.771979 seconds.
  path: Assets/_TM02-FOREST/Prefabs/Characters/Enemy/BossCrystal.prefab
  artifactKey: Guid(9d243beb9f8cff9478bdc1cf21f27db8) Importer(815301076,1909f56bfc062723c751e8b465ee728b)
Start importing Assets/_TM02-FOREST/Prefabs/Characters/Enemy/BossCrystal.prefab using Guid(9d243beb9f8cff9478bdc1cf21f27db8) Importer(815301076,1909f56bfc062723c751e8b465ee728b)  -> (artifact id: '426459f3e45d88cd3988b3a2618f40e2') in 2.006050 seconds
Number of updated asset objects reloaded before import = 0
Number of asset objects unloaded after import = 269
========================================================================
Received Prepare
Begin MonoManager ReloadAssembly
Symbol file LoadedFromMemory is not a mono symbol file
- Loaded All Assemblies, in  1.206 seconds
Refreshing native plugins compatible for Editor in 18.53 ms, found 9 plugins.
Native extension for WindowsStandalone target not found
Native extension for iOS target not found
Native extension for Android target not found
[Package Manager] Server::EnsureServerProcessIsRunning -- launch failed, reason: Unity was launched with the -noUpm command-line argument
[Package Manager] UpmClient::Send -- Unable to send message (not connected to UPM process).
[Package Manager] Cannot connect to Unity Package Manager local server
Mono: successfully reloaded assembly
- Finished resetting the current domain, in  5.174 seconds
Domain Reload Profiling: 6381ms
	BeginReloadAssembly (247ms)
		ExecutionOrderSort (0ms)
		DisableScriptedObjects (29ms)
		BackupInstance (0ms)
		ReleaseScriptingObjects (0ms)
		CreateAndSetChildDomain (94ms)
	RebuildCommonClasses (26ms)
	RebuildNativeTypeToScriptingClass (9ms)
	initialDomainReloadingComplete (27ms)
	LoadAllAssembliesAndSetupDomain (897ms)
		LoadAssemblies (903ms)
		RebuildTransferFunctionScriptingTraits (0ms)
		AnalyzeDomain (57ms)
			TypeCache.Refresh (17ms)
				TypeCache.ScanAssembly (0ms)
			ScanForSourceGeneratedMonoScriptInfo (1ms)
			ResolveRequiredComponents (36ms)
	FinalizeReload (5175ms)
		ReleaseScriptCaches (0ms)
		RebuildScriptCaches (0ms)
		SetupLoadedEditorAssemblies (1778ms)
			LogAssemblyErrors (0ms)
			InitializePlatformSupportModulesInManaged (25ms)
			SetLoadedEditorAssemblies (8ms)
			RefreshPlugins (0ms)
			BeforeProcessingInitializeOnLoad (187ms)
			ProcessInitializeOnLoadAttributes (958ms)
			ProcessInitializeOnLoadMethodAttributes (596ms)
			AfterProcessingInitializeOnLoad (1ms)
			EditorAssembliesLoaded (2ms)
		ExecutionOrderSort2 (0ms)
		AwakeInstancesAfterBackupRestoration (24ms)
Shader 'MoreMountains/MMRipple': fallback shader 'Particle/AlphaBlended' not found
Refreshing native plugins compatible for Editor in 8.39 ms, found 9 plugins.
Preloading 0 native plugins for Editor in 0.00 ms.
Unloading 8779 Unused Serialized files (Serialized files now loaded: 0)
Unloading 99 unused Assets / (1.2 MB). Loaded Objects now: 9839.
Memory consumption went from 402.6 MB to 401.4 MB.
Total: 26.461900 ms (FindLiveObjects: 0.966800 ms CreateObjectMapping: 0.622000 ms MarkObjects: 23.994500 ms  DeleteObjects: 0.876600 ms)

Prepare: number of updated asset objects reloaded= 0
AssetImportParameters requested are different than current active one (requested -> active):
  custom:container-demuxer-ogg: 62fdf1f143b41e24485cea50d1cbac27 -> 
  custom:framework-win-MediaFoundation: 216162199b28c13a410421893ffa2e32 -> 
  custom:scripting/monoscript/fileName/BossShadow1_Attack2_Controller.cs: b72366c4b38476dd6a3a7b696e258665 -> 8e475a1ee77cb45d1cd98c05e684dc62
  custom:container-muxer-webm: aa71ff27fc2769a1b78a27578f13a17b -> 
  custom:video-decoder-webm-vp8: 9c59270c3fd7afecdb556c50c9e8de78 -> 
  custom:SearchIndexIgnoredProperties: e643bd26f0fe6173181afceb89e7c659 -> 
  custom:AudioImporter_EditorPlatform: d09bf68614088b80899f8185d706f6e7 -> 
  custom:audio-decoder-ogg-vorbis: bf7c407c2cedff20999df2af8eb42d56 -> 
  custom:scripting/monoscript/fileName/BossShadow1_Attack1_Controller.cs: 13074c66c6b5d1f7e8528b09654bca03 -> 44f32db56bf2e57733e144c8f9f66a6d
  custom:audio-encoder-webm-vorbis: bf7c407c2cedff20999df2af8eb42d56 -> 
  custom:video-codec-MediaFoundation-h265: 746d11721c4dcdbdad8f713fa42b33f4 -> 
  custom:video-decoder-ogg-theora: a1e56fd34408186e4bbccfd4996cb3dc -> 
  custom:CustomObjectIndexerAttribute: 72b91833f83ae208fae7752999fa3104 -> 
  custom:container-demuxer-webm: 4f35f7cbe854078d1ac9338744f61a02 -> 
  custom:scripting/monoscript/fileName/BossShadow1_Attack1_Hit.cs: dd1546f280f00b07a19ae2da2e359390 -> 634124e5e8afcf6cb1158a879da8073b
  custom:video-encoder-webm-vp8: eb34c28f22e8b96e1ab97ce403110664 -> 
========================================================================
Received Prepare
Begin MonoManager ReloadAssembly
Symbol file LoadedFromMemory is not a mono symbol file
- Loaded All Assemblies, in  4.315 seconds
Refreshing native plugins compatible for Editor in 28.11 ms, found 9 plugins.
Native extension for WindowsStandalone target not found
Native extension for iOS target not found
Native extension for Android target not found
[Package Manager] Server::EnsureServerProcessIsRunning -- launch failed, reason: Unity was launched with the -noUpm command-line argument
[Package Manager] UpmClient::Send -- Unable to send message (not connected to UPM process).
[Package Manager] Cannot connect to Unity Package Manager local server
Mono: successfully reloaded assembly
- Finished resetting the current domain, in  6.218 seconds
Domain Reload Profiling: 10547ms
	BeginReloadAssembly (1992ms)
		ExecutionOrderSort (0ms)
		DisableScriptedObjects (123ms)
		BackupInstance (0ms)
		ReleaseScriptingObjects (1ms)
		CreateAndSetChildDomain (1367ms)
	RebuildCommonClasses (70ms)
	RebuildNativeTypeToScriptingClass (14ms)
	initialDomainReloadingComplete (64ms)
	LoadAllAssembliesAndSetupDomain (2188ms)
		LoadAssemblies (2323ms)
		RebuildTransferFunctionScriptingTraits (0ms)
		AnalyzeDomain (83ms)
			TypeCache.Refresh (39ms)
				TypeCache.ScanAssembly (0ms)
			ScanForSourceGeneratedMonoScriptInfo (3ms)
			ResolveRequiredComponents (38ms)
	FinalizeReload (6219ms)
		ReleaseScriptCaches (0ms)
		RebuildScriptCaches (0ms)
		SetupLoadedEditorAssemblies (2489ms)
			LogAssemblyErrors (0ms)
			InitializePlatformSupportModulesInManaged (49ms)
			SetLoadedEditorAssemblies (23ms)
			RefreshPlugins (0ms)
			BeforeProcessingInitializeOnLoad (248ms)
			ProcessInitializeOnLoadAttributes (1577ms)
			ProcessInitializeOnLoadMethodAttributes (587ms)
			AfterProcessingInitializeOnLoad (3ms)
			EditorAssembliesLoaded (3ms)
		ExecutionOrderSort2 (0ms)
		AwakeInstancesAfterBackupRestoration (41ms)
Shader 'MoreMountains/MMRipple': fallback shader 'Particle/AlphaBlended' not found
Refreshing native plugins compatible for Editor in 21.95 ms, found 9 plugins.
Preloading 0 native plugins for Editor in 0.00 ms.
Unloading 8779 Unused Serialized files (Serialized files now loaded: 0)
Unloading 99 unused Assets / (1.2 MB). Loaded Objects now: 9854.
Memory consumption went from 404.5 MB to 403.3 MB.
Total: 81.610700 ms (FindLiveObjects: 1.301700 ms CreateObjectMapping: 1.078300 ms MarkObjects: 78.377400 ms  DeleteObjects: 0.851200 ms)

Prepare: number of updated asset objects reloaded= 0
AssetImportParameters requested are different than current active one (requested -> active):
  custom:container-demuxer-ogg: 62fdf1f143b41e24485cea50d1cbac27 -> 
  custom:framework-win-MediaFoundation: 216162199b28c13a410421893ffa2e32 -> 
  custom:scripting/monoscript/fileName/BossShadow1_Attack2_Controller.cs: b72366c4b38476dd6a3a7b696e258665 -> 8e475a1ee77cb45d1cd98c05e684dc62
  custom:container-muxer-webm: aa71ff27fc2769a1b78a27578f13a17b -> 
  custom:video-decoder-webm-vp8: 9c59270c3fd7afecdb556c50c9e8de78 -> 
  custom:SearchIndexIgnoredProperties: e643bd26f0fe6173181afceb89e7c659 -> 
  custom:AudioImporter_EditorPlatform: d09bf68614088b80899f8185d706f6e7 -> 
  custom:audio-decoder-ogg-vorbis: bf7c407c2cedff20999df2af8eb42d56 -> 
  custom:scripting/monoscript/fileName/BossShadow1_Attack1_Controller.cs: 13074c66c6b5d1f7e8528b09654bca03 -> 44f32db56bf2e57733e144c8f9f66a6d
  custom:audio-encoder-webm-vorbis: bf7c407c2cedff20999df2af8eb42d56 -> 
  custom:video-codec-MediaFoundation-h265: 746d11721c4dcdbdad8f713fa42b33f4 -> 
  custom:video-decoder-ogg-theora: a1e56fd34408186e4bbccfd4996cb3dc -> 
  custom:CustomObjectIndexerAttribute: 72b91833f83ae208fae7752999fa3104 -> 
  custom:container-demuxer-webm: 4f35f7cbe854078d1ac9338744f61a02 -> 
  custom:scripting/monoscript/fileName/BossShadow1_Attack1_Hit.cs: dd1546f280f00b07a19ae2da2e359390 -> 634124e5e8afcf6cb1158a879da8073b
  custom:video-encoder-webm-vp8: eb34c28f22e8b96e1ab97ce403110664 -> 
========================================================================
Received Prepare
Begin MonoManager ReloadAssembly
Symbol file LoadedFromMemory is not a mono symbol file
- Loaded All Assemblies, in  3.104 seconds
Refreshing native plugins compatible for Editor in 29.89 ms, found 9 plugins.
Native extension for WindowsStandalone target not found
Native extension for iOS target not found
Native extension for Android target not found
[Package Manager] Server::EnsureServerProcessIsRunning -- launch failed, reason: Unity was launched with the -noUpm command-line argument
[Package Manager] UpmClient::Send -- Unable to send message (not connected to UPM process).
[Package Manager] Cannot connect to Unity Package Manager local server
Mono: successfully reloaded assembly
- Finished resetting the current domain, in  5.385 seconds
Domain Reload Profiling: 8494ms
	BeginReloadAssembly (1236ms)
		ExecutionOrderSort (0ms)
		DisableScriptedObjects (100ms)
		BackupInstance (0ms)
		ReleaseScriptingObjects (2ms)
		CreateAndSetChildDomain (700ms)
	RebuildCommonClasses (39ms)
	RebuildNativeTypeToScriptingClass (9ms)
	initialDomainReloadingComplete (32ms)
	LoadAllAssembliesAndSetupDomain (1793ms)
		LoadAssemblies (1803ms)
		RebuildTransferFunctionScriptingTraits (0ms)
		AnalyzeDomain (113ms)
			TypeCache.Refresh (33ms)
				TypeCache.ScanAssembly (0ms)
			ScanForSourceGeneratedMonoScriptInfo (1ms)
			ResolveRequiredComponents (75ms)
	FinalizeReload (5386ms)
		ReleaseScriptCaches (0ms)
		RebuildScriptCaches (0ms)
		SetupLoadedEditorAssemblies (2134ms)
			LogAssemblyErrors (0ms)
			InitializePlatformSupportModulesInManaged (32ms)
			SetLoadedEditorAssemblies (7ms)
			RefreshPlugins (0ms)
			BeforeProcessingInitializeOnLoad (182ms)
			ProcessInitializeOnLoadAttributes (1135ms)
			ProcessInitializeOnLoadMethodAttributes (773ms)
			AfterProcessingInitializeOnLoad (2ms)
			EditorAssembliesLoaded (2ms)
		ExecutionOrderSort2 (0ms)
		AwakeInstancesAfterBackupRestoration (48ms)
Shader 'MoreMountains/MMRipple': fallback shader 'Particle/AlphaBlended' not found
Refreshing native plugins compatible for Editor in 9.89 ms, found 9 plugins.
Preloading 0 native plugins for Editor in 0.00 ms.
Unloading 8779 Unused Serialized files (Serialized files now loaded: 0)
Unloading 99 unused Assets / (1.1 MB). Loaded Objects now: 9869.
Memory consumption went from 406.3 MB to 405.2 MB.
Total: 29.976300 ms (FindLiveObjects: 0.734700 ms CreateObjectMapping: 0.786800 ms MarkObjects: 27.528500 ms  DeleteObjects: 0.918900 ms)

Prepare: number of updated asset objects reloaded= 0
AssetImportParameters requested are different than current active one (requested -> active):
  custom:container-demuxer-ogg: 62fdf1f143b41e24485cea50d1cbac27 -> 
  custom:framework-win-MediaFoundation: 216162199b28c13a410421893ffa2e32 -> 
  custom:scripting/monoscript/fileName/BossShadow1_Attack2_Controller.cs: b72366c4b38476dd6a3a7b696e258665 -> 8e475a1ee77cb45d1cd98c05e684dc62
  custom:container-muxer-webm: aa71ff27fc2769a1b78a27578f13a17b -> 
  custom:video-decoder-webm-vp8: 9c59270c3fd7afecdb556c50c9e8de78 -> 
  custom:SearchIndexIgnoredProperties: e643bd26f0fe6173181afceb89e7c659 -> 
  custom:AudioImporter_EditorPlatform: d09bf68614088b80899f8185d706f6e7 -> 
  custom:audio-decoder-ogg-vorbis: bf7c407c2cedff20999df2af8eb42d56 -> 
  custom:scripting/monoscript/fileName/BossShadow1_Attack1_Controller.cs: 13074c66c6b5d1f7e8528b09654bca03 -> 44f32db56bf2e57733e144c8f9f66a6d
  custom:audio-encoder-webm-vorbis: bf7c407c2cedff20999df2af8eb42d56 -> 
  custom:video-codec-MediaFoundation-h265: 746d11721c4dcdbdad8f713fa42b33f4 -> 
  custom:video-decoder-ogg-theora: a1e56fd34408186e4bbccfd4996cb3dc -> 
  custom:CustomObjectIndexerAttribute: 72b91833f83ae208fae7752999fa3104 -> 
  custom:container-demuxer-webm: 4f35f7cbe854078d1ac9338744f61a02 -> 
  custom:scripting/monoscript/fileName/BossShadow1_Attack1_Hit.cs: dd1546f280f00b07a19ae2da2e359390 -> 634124e5e8afcf6cb1158a879da8073b
  custom:video-encoder-webm-vp8: eb34c28f22e8b96e1ab97ce403110664 -> 
========================================================================
Received Prepare
Begin MonoManager ReloadAssembly
Symbol file LoadedFromMemory is not a mono symbol file
- Loaded All Assemblies, in  3.172 seconds
Refreshing native plugins compatible for Editor in 23.70 ms, found 9 plugins.
Native extension for WindowsStandalone target not found
Native extension for iOS target not found
Native extension for Android target not found
[Package Manager] Server::EnsureServerProcessIsRunning -- launch failed, reason: Unity was launched with the -noUpm command-line argument
[Package Manager] UpmClient::Send -- Unable to send message (not connected to UPM process).
[Package Manager] Cannot connect to Unity Package Manager local server
Mono: successfully reloaded assembly
- Finished resetting the current domain, in 14.171 seconds
Domain Reload Profiling: 17344ms
	BeginReloadAssembly (901ms)
		ExecutionOrderSort (0ms)
		DisableScriptedObjects (25ms)
		BackupInstance (0ms)
		ReleaseScriptingObjects (0ms)
		CreateAndSetChildDomain (407ms)
	RebuildCommonClasses (67ms)
	RebuildNativeTypeToScriptingClass (10ms)
	initialDomainReloadingComplete (69ms)
	LoadAllAssembliesAndSetupDomain (2126ms)
		LoadAssemblies (2361ms)
		RebuildTransferFunctionScriptingTraits (0ms)
		AnalyzeDomain (152ms)
			TypeCache.Refresh (49ms)
				TypeCache.ScanAssembly (4ms)
			ScanForSourceGeneratedMonoScriptInfo (62ms)
			ResolveRequiredComponents (38ms)
	FinalizeReload (14171ms)
		ReleaseScriptCaches (0ms)
		RebuildScriptCaches (0ms)
		SetupLoadedEditorAssemblies (2611ms)
			LogAssemblyErrors (0ms)
			InitializePlatformSupportModulesInManaged (97ms)
			SetLoadedEditorAssemblies (66ms)
			RefreshPlugins (0ms)
			BeforeProcessingInitializeOnLoad (267ms)
			ProcessInitializeOnLoadAttributes (1348ms)
			ProcessInitializeOnLoadMethodAttributes (830ms)
			AfterProcessingInitializeOnLoad (1ms)
			EditorAssembliesLoaded (1ms)
		ExecutionOrderSort2 (0ms)
		AwakeInstancesAfterBackupRestoration (20ms)
Shader 'MoreMountains/MMRipple': fallback shader 'Particle/AlphaBlended' not found
Refreshing native plugins compatible for Editor in 10.16 ms, found 9 plugins.
Preloading 0 native plugins for Editor in 0.00 ms.
Unloading 8779 Unused Serialized files (Serialized files now loaded: 0)
Unloading 99 unused Assets / (1.2 MB). Loaded Objects now: 9884.
Memory consumption went from 408.3 MB to 407.1 MB.
Total: 44.271800 ms (FindLiveObjects: 0.839400 ms CreateObjectMapping: 0.581600 ms MarkObjects: 41.271800 ms  DeleteObjects: 1.576700 ms)

Prepare: number of updated asset objects reloaded= 0
AssetImportParameters requested are different than current active one (requested -> active):
  custom:container-demuxer-ogg: 62fdf1f143b41e24485cea50d1cbac27 -> 
  custom:framework-win-MediaFoundation: 216162199b28c13a410421893ffa2e32 -> 
  custom:scripting/monoscript/fileName/BossShadow1_Attack2_Controller.cs: b72366c4b38476dd6a3a7b696e258665 -> 8e475a1ee77cb45d1cd98c05e684dc62
  custom:container-muxer-webm: aa71ff27fc2769a1b78a27578f13a17b -> 
  custom:video-decoder-webm-vp8: 9c59270c3fd7afecdb556c50c9e8de78 -> 
  custom:SearchIndexIgnoredProperties: e643bd26f0fe6173181afceb89e7c659 -> 
  custom:AudioImporter_EditorPlatform: d09bf68614088b80899f8185d706f6e7 -> 
  custom:audio-decoder-ogg-vorbis: bf7c407c2cedff20999df2af8eb42d56 -> 
  custom:scripting/monoscript/fileName/BossShadow1_Attack1_Controller.cs: 13074c66c6b5d1f7e8528b09654bca03 -> 44f32db56bf2e57733e144c8f9f66a6d
  custom:audio-encoder-webm-vorbis: bf7c407c2cedff20999df2af8eb42d56 -> 
  custom:video-codec-MediaFoundation-h265: 746d11721c4dcdbdad8f713fa42b33f4 -> 
  custom:video-decoder-ogg-theora: a1e56fd34408186e4bbccfd4996cb3dc -> 
  custom:CustomObjectIndexerAttribute: 72b91833f83ae208fae7752999fa3104 -> 
  custom:container-demuxer-webm: 4f35f7cbe854078d1ac9338744f61a02 -> 
  custom:scripting/monoscript/fileName/BossShadow1_Attack1_Hit.cs: dd1546f280f00b07a19ae2da2e359390 -> 634124e5e8afcf6cb1158a879da8073b
  custom:video-encoder-webm-vp8: eb34c28f22e8b96e1ab97ce403110664 -> 
========================================================================
Received Prepare
Begin MonoManager ReloadAssembly
Symbol file LoadedFromMemory is not a mono symbol file
- Loaded All Assemblies, in  0.741 seconds
Refreshing native plugins compatible for Editor in 7.12 ms, found 9 plugins.
Native extension for WindowsStandalone target not found
Native extension for iOS target not found
Native extension for Android target not found
[Package Manager] Server::EnsureServerProcessIsRunning -- launch failed, reason: Unity was launched with the -noUpm command-line argument
[Package Manager] UpmClient::Send -- Unable to send message (not connected to UPM process).
[Package Manager] Cannot connect to Unity Package Manager local server
Mono: successfully reloaded assembly
- Finished resetting the current domain, in  2.930 seconds
Domain Reload Profiling: 3670ms
	BeginReloadAssembly (209ms)
		ExecutionOrderSort (0ms)
		DisableScriptedObjects (17ms)
		BackupInstance (0ms)
		ReleaseScriptingObjects (0ms)
		CreateAndSetChildDomain (75ms)
	RebuildCommonClasses (23ms)
	RebuildNativeTypeToScriptingClass (12ms)
	initialDomainReloadingComplete (27ms)
	LoadAllAssembliesAndSetupDomain (469ms)
		LoadAssemblies (507ms)
		RebuildTransferFunctionScriptingTraits (0ms)
		AnalyzeDomain (32ms)
			TypeCache.Refresh (9ms)
				TypeCache.ScanAssembly (0ms)
			ScanForSourceGeneratedMonoScriptInfo (0ms)
			ResolveRequiredComponents (20ms)
	FinalizeReload (2931ms)
		ReleaseScriptCaches (0ms)
		RebuildScriptCaches (0ms)
		SetupLoadedEditorAssemblies (1528ms)
			LogAssemblyErrors (0ms)
			InitializePlatformSupportModulesInManaged (28ms)
			SetLoadedEditorAssemblies (5ms)
			RefreshPlugins (0ms)
			BeforeProcessingInitializeOnLoad (181ms)
			ProcessInitializeOnLoadAttributes (988ms)
			ProcessInitializeOnLoadMethodAttributes (323ms)
			AfterProcessingInitializeOnLoad (2ms)
			EditorAssembliesLoaded (1ms)
		ExecutionOrderSort2 (0ms)
		AwakeInstancesAfterBackupRestoration (28ms)
Shader 'MoreMountains/MMRipple': fallback shader 'Particle/AlphaBlended' not found
Refreshing native plugins compatible for Editor in 18.22 ms, found 9 plugins.
Preloading 0 native plugins for Editor in 0.00 ms.
Unloading 8779 Unused Serialized files (Serialized files now loaded: 0)
Unloading 99 unused Assets / (1.1 MB). Loaded Objects now: 9899.
Memory consumption went from 410.1 MB to 408.9 MB.
Total: 21.142500 ms (FindLiveObjects: 0.604500 ms CreateObjectMapping: 0.401400 ms MarkObjects: 19.026200 ms  DeleteObjects: 1.108700 ms)

Prepare: number of updated asset objects reloaded= 0
AssetImportParameters requested are different than current active one (requested -> active):
  custom:container-demuxer-ogg: 62fdf1f143b41e24485cea50d1cbac27 -> 
  custom:framework-win-MediaFoundation: 216162199b28c13a410421893ffa2e32 -> 
  custom:scripting/monoscript/fileName/BossShadow1_Attack2_Controller.cs: b72366c4b38476dd6a3a7b696e258665 -> 8e475a1ee77cb45d1cd98c05e684dc62
  custom:container-muxer-webm: aa71ff27fc2769a1b78a27578f13a17b -> 
  custom:video-decoder-webm-vp8: 9c59270c3fd7afecdb556c50c9e8de78 -> 
  custom:SearchIndexIgnoredProperties: e643bd26f0fe6173181afceb89e7c659 -> 
  custom:AudioImporter_EditorPlatform: d09bf68614088b80899f8185d706f6e7 -> 
  custom:audio-decoder-ogg-vorbis: bf7c407c2cedff20999df2af8eb42d56 -> 
  custom:scripting/monoscript/fileName/BossShadow1_Attack1_Controller.cs: 13074c66c6b5d1f7e8528b09654bca03 -> 44f32db56bf2e57733e144c8f9f66a6d
  custom:audio-encoder-webm-vorbis: bf7c407c2cedff20999df2af8eb42d56 -> 
  custom:video-codec-MediaFoundation-h265: 746d11721c4dcdbdad8f713fa42b33f4 -> 
  custom:video-decoder-ogg-theora: a1e56fd34408186e4bbccfd4996cb3dc -> 
  custom:CustomObjectIndexerAttribute: 72b91833f83ae208fae7752999fa3104 -> 
  custom:container-demuxer-webm: 4f35f7cbe854078d1ac9338744f61a02 -> 
  custom:scripting/monoscript/fileName/BossShadow1_Attack1_Hit.cs: dd1546f280f00b07a19ae2da2e359390 -> 634124e5e8afcf6cb1158a879da8073b
  custom:video-encoder-webm-vp8: eb34c28f22e8b96e1ab97ce403110664 -> 
========================================================================
Received Prepare
Begin MonoManager ReloadAssembly
Symbol file LoadedFromMemory is not a mono symbol file
- Loaded All Assemblies, in  1.720 seconds
Refreshing native plugins compatible for Editor in 9.24 ms, found 9 plugins.
Native extension for WindowsStandalone target not found
Native extension for iOS target not found
Native extension for Android target not found
[Package Manager] Server::EnsureServerProcessIsRunning -- launch failed, reason: Unity was launched with the -noUpm command-line argument
[Package Manager] UpmClient::Send -- Unable to send message (not connected to UPM process).
[Package Manager] Cannot connect to Unity Package Manager local server
Mono: successfully reloaded assembly
- Finished resetting the current domain, in  4.113 seconds
Domain Reload Profiling: 5835ms
	BeginReloadAssembly (345ms)
		ExecutionOrderSort (0ms)
		DisableScriptedObjects (33ms)
		BackupInstance (0ms)
		ReleaseScriptingObjects (0ms)
		CreateAndSetChildDomain (143ms)
	RebuildCommonClasses (28ms)
	RebuildNativeTypeToScriptingClass (9ms)
	initialDomainReloadingComplete (33ms)
	LoadAllAssembliesAndSetupDomain (1307ms)
		LoadAssemblies (1289ms)
		RebuildTransferFunctionScriptingTraits (0ms)
		AnalyzeDomain (103ms)
			TypeCache.Refresh (31ms)
				TypeCache.ScanAssembly (5ms)
			ScanForSourceGeneratedMonoScriptInfo (39ms)
			ResolveRequiredComponents (30ms)
	FinalizeReload (4113ms)
		ReleaseScriptCaches (0ms)
		RebuildScriptCaches (0ms)
		SetupLoadedEditorAssemblies (2012ms)
			LogAssemblyErrors (0ms)
			InitializePlatformSupportModulesInManaged (31ms)
			SetLoadedEditorAssemblies (10ms)
			RefreshPlugins (0ms)
			BeforeProcessingInitializeOnLoad (209ms)
			ProcessInitializeOnLoadAttributes (1180ms)
			ProcessInitializeOnLoadMethodAttributes (576ms)
			AfterProcessingInitializeOnLoad (2ms)
			EditorAssembliesLoaded (3ms)
		ExecutionOrderSort2 (0ms)
		AwakeInstancesAfterBackupRestoration (26ms)
Shader 'MoreMountains/MMRipple': fallback shader 'Particle/AlphaBlended' not found
Refreshing native plugins compatible for Editor in 7.89 ms, found 9 plugins.
Preloading 0 native plugins for Editor in 0.00 ms.
Unloading 8779 Unused Serialized files (Serialized files now loaded: 0)
Unloading 99 unused Assets / (1.2 MB). Loaded Objects now: 9914.
Memory consumption went from 412.2 MB to 411.0 MB.
Total: 21.176800 ms (FindLiveObjects: 1.208200 ms CreateObjectMapping: 0.472400 ms MarkObjects: 18.444800 ms  DeleteObjects: 1.049100 ms)

Prepare: number of updated asset objects reloaded= 0
AssetImportParameters requested are different than current active one (requested -> active):
  custom:container-demuxer-ogg: 62fdf1f143b41e24485cea50d1cbac27 -> 
  custom:framework-win-MediaFoundation: 216162199b28c13a410421893ffa2e32 -> 
  custom:scripting/monoscript/fileName/BossShadow1_Attack2_Controller.cs: b72366c4b38476dd6a3a7b696e258665 -> 8e475a1ee77cb45d1cd98c05e684dc62
  custom:container-muxer-webm: aa71ff27fc2769a1b78a27578f13a17b -> 
  custom:video-decoder-webm-vp8: 9c59270c3fd7afecdb556c50c9e8de78 -> 
  custom:SearchIndexIgnoredProperties: e643bd26f0fe6173181afceb89e7c659 -> 
  custom:AudioImporter_EditorPlatform: d09bf68614088b80899f8185d706f6e7 -> 
  custom:audio-decoder-ogg-vorbis: bf7c407c2cedff20999df2af8eb42d56 -> 
  custom:scripting/monoscript/fileName/BossShadow1_Attack1_Controller.cs: 13074c66c6b5d1f7e8528b09654bca03 -> 44f32db56bf2e57733e144c8f9f66a6d
  custom:audio-encoder-webm-vorbis: bf7c407c2cedff20999df2af8eb42d56 -> 
  custom:video-codec-MediaFoundation-h265: 746d11721c4dcdbdad8f713fa42b33f4 -> 
  custom:video-decoder-ogg-theora: a1e56fd34408186e4bbccfd4996cb3dc -> 
  custom:CustomObjectIndexerAttribute: 72b91833f83ae208fae7752999fa3104 -> 
  custom:container-demuxer-webm: 4f35f7cbe854078d1ac9338744f61a02 -> 
  custom:scripting/monoscript/fileName/BossShadow1_Attack1_Hit.cs: dd1546f280f00b07a19ae2da2e359390 -> 634124e5e8afcf6cb1158a879da8073b
  custom:video-encoder-webm-vp8: eb34c28f22e8b96e1ab97ce403110664 -> 
========================================================================
Received Prepare
Begin MonoManager ReloadAssembly
Symbol file LoadedFromMemory is not a mono symbol file
- Loaded All Assemblies, in  0.813 seconds
Refreshing native plugins compatible for Editor in 9.90 ms, found 9 plugins.
Native extension for WindowsStandalone target not found
Native extension for iOS target not found
Native extension for Android target not found
[Package Manager] Server::EnsureServerProcessIsRunning -- launch failed, reason: Unity was launched with the -noUpm command-line argument
[Package Manager] UpmClient::Send -- Unable to send message (not connected to UPM process).
[Package Manager] Cannot connect to Unity Package Manager local server
Mono: successfully reloaded assembly
- Finished resetting the current domain, in  3.275 seconds
Domain Reload Profiling: 4087ms
	BeginReloadAssembly (206ms)
		ExecutionOrderSort (0ms)
		DisableScriptedObjects (11ms)
		BackupInstance (0ms)
		ReleaseScriptingObjects (0ms)
		CreateAndSetChildDomain (67ms)
	RebuildCommonClasses (31ms)
	RebuildNativeTypeToScriptingClass (11ms)
	initialDomainReloadingComplete (35ms)
	LoadAllAssembliesAndSetupDomain (529ms)
		LoadAssemblies (567ms)
		RebuildTransferFunctionScriptingTraits (0ms)
		AnalyzeDomain (46ms)
			TypeCache.Refresh (12ms)
				TypeCache.ScanAssembly (0ms)
			ScanForSourceGeneratedMonoScriptInfo (0ms)
			ResolveRequiredComponents (30ms)
	FinalizeReload (3276ms)
		ReleaseScriptCaches (0ms)
		RebuildScriptCaches (0ms)
		SetupLoadedEditorAssemblies (1485ms)
			LogAssemblyErrors (0ms)
			InitializePlatformSupportModulesInManaged (22ms)
			SetLoadedEditorAssemblies (6ms)
			RefreshPlugins (0ms)
			BeforeProcessingInitializeOnLoad (225ms)
			ProcessInitializeOnLoadAttributes (924ms)
			ProcessInitializeOnLoadMethodAttributes (305ms)
			AfterProcessingInitializeOnLoad (1ms)
			EditorAssembliesLoaded (1ms)
		ExecutionOrderSort2 (0ms)
		AwakeInstancesAfterBackupRestoration (20ms)
Shader 'MoreMountains/MMRipple': fallback shader 'Particle/AlphaBlended' not found
Refreshing native plugins compatible for Editor in 12.67 ms, found 9 plugins.
Preloading 0 native plugins for Editor in 0.00 ms.
Unloading 8779 Unused Serialized files (Serialized files now loaded: 0)
Unloading 99 unused Assets / (1.3 MB). Loaded Objects now: 9929.
Memory consumption went from 425.5 MB to 424.2 MB.
Total: 26.507200 ms (FindLiveObjects: 1.263600 ms CreateObjectMapping: 0.708900 ms MarkObjects: 23.461000 ms  DeleteObjects: 1.071400 ms)

Prepare: number of updated asset objects reloaded= 0
AssetImportParameters requested are different than current active one (requested -> active):
  custom:container-demuxer-ogg: 62fdf1f143b41e24485cea50d1cbac27 -> 
  custom:framework-win-MediaFoundation: 216162199b28c13a410421893ffa2e32 -> 
  custom:scripting/monoscript/fileName/BossShadow1_Attack2_Controller.cs: b72366c4b38476dd6a3a7b696e258665 -> 8e475a1ee77cb45d1cd98c05e684dc62
  custom:container-muxer-webm: aa71ff27fc2769a1b78a27578f13a17b -> 
  custom:video-decoder-webm-vp8: 9c59270c3fd7afecdb556c50c9e8de78 -> 
  custom:SearchIndexIgnoredProperties: e643bd26f0fe6173181afceb89e7c659 -> 
  custom:AudioImporter_EditorPlatform: d09bf68614088b80899f8185d706f6e7 -> 
  custom:audio-decoder-ogg-vorbis: bf7c407c2cedff20999df2af8eb42d56 -> 
  custom:scripting/monoscript/fileName/BossShadow1_Attack1_Controller.cs: 13074c66c6b5d1f7e8528b09654bca03 -> 44f32db56bf2e57733e144c8f9f66a6d
  custom:audio-encoder-webm-vorbis: bf7c407c2cedff20999df2af8eb42d56 -> 
  custom:video-codec-MediaFoundation-h265: 746d11721c4dcdbdad8f713fa42b33f4 -> 
  custom:video-decoder-ogg-theora: a1e56fd34408186e4bbccfd4996cb3dc -> 
  custom:CustomObjectIndexerAttribute: 72b91833f83ae208fae7752999fa3104 -> 
  custom:container-demuxer-webm: 4f35f7cbe854078d1ac9338744f61a02 -> 
  custom:scripting/monoscript/fileName/BossShadow1_Attack1_Hit.cs: dd1546f280f00b07a19ae2da2e359390 -> 634124e5e8afcf6cb1158a879da8073b
  custom:video-encoder-webm-vp8: eb34c28f22e8b96e1ab97ce403110664 -> 
========================================================================
Received Import Request.
  Time since last request: 5700.160719 seconds.
  path: Assets/_TM02-FOREST/Assets/Characters/Enemy/Elementals_Crystal_Mauler_Free_v1.0/Elementals_Crystal_Mauler_Free_v1.0/anim/Animation/Run.anim
  artifactKey: Guid(e101a74272beffa4dbe9ecc8bfd39d82) Importer(815301076,1909f56bfc062723c751e8b465ee728b)
Start importing Assets/_TM02-FOREST/Assets/Characters/Enemy/Elementals_Crystal_Mauler_Free_v1.0/Elementals_Crystal_Mauler_Free_v1.0/anim/Animation/Run.anim using Guid(e101a74272beffa4dbe9ecc8bfd39d82) Importer(815301076,1909f56bfc062723c751e8b465ee728b)  -> (artifact id: 'c506f21519ee8d0497a97bafe6e96b17') in 0.071052 seconds
Number of updated asset objects reloaded before import = 0
Number of asset objects unloaded after import = 1
========================================================================
Received Import Request.
  Time since last request: 14.339249 seconds.
  path: Assets/_TM02-FOREST/Assets/Characters/Enemy/Elementals_Crystal_Mauler_Free_v1.0/Elementals_Crystal_Mauler_Free_v1.0/anim/Animator/BossCrystal.controller
  artifactKey: Guid(d020f0215a480ee4687f108fe37d9127) Importer(815301076,1909f56bfc062723c751e8b465ee728b)
Start importing Assets/_TM02-FOREST/Assets/Characters/Enemy/Elementals_Crystal_Mauler_Free_v1.0/Elementals_Crystal_Mauler_Free_v1.0/anim/Animator/BossCrystal.controller using Guid(d020f0215a480ee4687f108fe37d9127) Importer(815301076,1909f56bfc062723c751e8b465ee728b)  -> (artifact id: '841ecbc93e84a9b8e4e283be4630f207') in 0.164043 seconds
Number of updated asset objects reloaded before import = 0
Number of asset objects unloaded after import = 36
========================================================================
Received Prepare
Begin MonoManager ReloadAssembly
Symbol file LoadedFromMemory is not a mono symbol file
- Loaded All Assemblies, in  0.801 seconds
Refreshing native plugins compatible for Editor in 10.80 ms, found 9 plugins.
Native extension for WindowsStandalone target not found
Native extension for iOS target not found
Native extension for Android target not found
[Package Manager] Server::EnsureServerProcessIsRunning -- launch failed, reason: Unity was launched with the -noUpm command-line argument
[Package Manager] UpmClient::Send -- Unable to send message (not connected to UPM process).
[Package Manager] Cannot connect to Unity Package Manager local server
Mono: successfully reloaded assembly
- Finished resetting the current domain, in  3.336 seconds
Domain Reload Profiling: 4136ms
	BeginReloadAssembly (234ms)
		ExecutionOrderSort (0ms)
		DisableScriptedObjects (13ms)
		BackupInstance (0ms)
		ReleaseScriptingObjects (0ms)
		CreateAndSetChildDomain (79ms)
	RebuildCommonClasses (31ms)
	RebuildNativeTypeToScriptingClass (9ms)
	initialDomainReloadingComplete (30ms)
	LoadAllAssembliesAndSetupDomain (496ms)
		LoadAssemblies (567ms)
		RebuildTransferFunctionScriptingTraits (0ms)
		AnalyzeDomain (33ms)
			TypeCache.Refresh (10ms)
				TypeCache.ScanAssembly (0ms)
			ScanForSourceGeneratedMonoScriptInfo (0ms)
			ResolveRequiredComponents (19ms)
	FinalizeReload (3337ms)
		ReleaseScriptCaches (0ms)
		RebuildScriptCaches (0ms)
		SetupLoadedEditorAssemblies (1498ms)
			LogAssemblyErrors (0ms)
			InitializePlatformSupportModulesInManaged (28ms)
			SetLoadedEditorAssemblies (14ms)
			RefreshPlugins (0ms)
			BeforeProcessingInitializeOnLoad (183ms)
			ProcessInitializeOnLoadAttributes (939ms)
			ProcessInitializeOnLoadMethodAttributes (330ms)
			AfterProcessingInitializeOnLoad (3ms)
			EditorAssembliesLoaded (1ms)
		ExecutionOrderSort2 (0ms)
		AwakeInstancesAfterBackupRestoration (39ms)
Shader 'MoreMountains/MMRipple': fallback shader 'Particle/AlphaBlended' not found
Refreshing native plugins compatible for Editor in 11.12 ms, found 9 plugins.
Preloading 0 native plugins for Editor in 0.00 ms.
Unloading 8779 Unused Serialized files (Serialized files now loaded: 0)
Unloading 99 unused Assets / (1.2 MB). Loaded Objects now: 9944.
Memory consumption went from 416.1 MB to 414.8 MB.
Total: 21.051200 ms (FindLiveObjects: 1.113000 ms CreateObjectMapping: 0.927900 ms MarkObjects: 18.305800 ms  DeleteObjects: 0.702200 ms)

Prepare: number of updated asset objects reloaded= 0
AssetImportParameters requested are different than current active one (requested -> active):
  custom:container-demuxer-ogg: 62fdf1f143b41e24485cea50d1cbac27 -> 
  custom:framework-win-MediaFoundation: 216162199b28c13a410421893ffa2e32 -> 
  custom:scripting/monoscript/fileName/BossShadow1_Attack2_Controller.cs: b72366c4b38476dd6a3a7b696e258665 -> 8e475a1ee77cb45d1cd98c05e684dc62
  custom:container-muxer-webm: aa71ff27fc2769a1b78a27578f13a17b -> 
  custom:video-decoder-webm-vp8: 9c59270c3fd7afecdb556c50c9e8de78 -> 
  custom:SearchIndexIgnoredProperties: e643bd26f0fe6173181afceb89e7c659 -> 
  custom:AudioImporter_EditorPlatform: d09bf68614088b80899f8185d706f6e7 -> 
  custom:audio-decoder-ogg-vorbis: bf7c407c2cedff20999df2af8eb42d56 -> 
  custom:scripting/monoscript/fileName/BossShadow1_Attack1_Controller.cs: 13074c66c6b5d1f7e8528b09654bca03 -> 44f32db56bf2e57733e144c8f9f66a6d
  custom:audio-encoder-webm-vorbis: bf7c407c2cedff20999df2af8eb42d56 -> 
  custom:video-codec-MediaFoundation-h265: 746d11721c4dcdbdad8f713fa42b33f4 -> 
  custom:video-decoder-ogg-theora: a1e56fd34408186e4bbccfd4996cb3dc -> 
  custom:CustomObjectIndexerAttribute: 72b91833f83ae208fae7752999fa3104 -> 
  custom:container-demuxer-webm: 4f35f7cbe854078d1ac9338744f61a02 -> 
  custom:scripting/monoscript/fileName/BossShadow1_Attack1_Hit.cs: dd1546f280f00b07a19ae2da2e359390 -> 634124e5e8afcf6cb1158a879da8073b
  custom:video-encoder-webm-vp8: eb34c28f22e8b96e1ab97ce403110664 -> 
========================================================================
Received Prepare
Begin MonoManager ReloadAssembly
Symbol file LoadedFromMemory is not a mono symbol file
- Loaded All Assemblies, in  2.088 seconds
Refreshing native plugins compatible for Editor in 42.83 ms, found 9 plugins.
Native extension for WindowsStandalone target not found
Native extension for iOS target not found
Native extension for Android target not found
[Package Manager] Server::EnsureServerProcessIsRunning -- launch failed, reason: Unity was launched with the -noUpm command-line argument
[Package Manager] UpmClient::Send -- Unable to send message (not connected to UPM process).
[Package Manager] Cannot connect to Unity Package Manager local server
Mono: successfully reloaded assembly
- Finished resetting the current domain, in  7.600 seconds
Domain Reload Profiling: 9687ms
	BeginReloadAssembly (442ms)
		ExecutionOrderSort (0ms)
		DisableScriptedObjects (29ms)
		BackupInstance (0ms)
		ReleaseScriptingObjects (0ms)
		CreateAndSetChildDomain (132ms)
	RebuildCommonClasses (72ms)
	RebuildNativeTypeToScriptingClass (26ms)
	initialDomainReloadingComplete (118ms)
	LoadAllAssembliesAndSetupDomain (1427ms)
		LoadAssemblies (1541ms)
		RebuildTransferFunctionScriptingTraits (0ms)
		AnalyzeDomain (94ms)
			TypeCache.Refresh (32ms)
				TypeCache.ScanAssembly (0ms)
			ScanForSourceGeneratedMonoScriptInfo (0ms)
			ResolveRequiredComponents (56ms)
	FinalizeReload (7602ms)
		ReleaseScriptCaches (0ms)
		RebuildScriptCaches (0ms)
		SetupLoadedEditorAssemblies (3373ms)
			LogAssemblyErrors (0ms)
			InitializePlatformSupportModulesInManaged (67ms)
			SetLoadedEditorAssemblies (27ms)
			RefreshPlugins (0ms)
			BeforeProcessingInitializeOnLoad (353ms)
			ProcessInitializeOnLoadAttributes (2066ms)
			ProcessInitializeOnLoadMethodAttributes (851ms)
			AfterProcessingInitializeOnLoad (3ms)
			EditorAssembliesLoaded (5ms)
		ExecutionOrderSort2 (0ms)
		AwakeInstancesAfterBackupRestoration (59ms)
Shader 'MoreMountains/MMRipple': fallback shader 'Particle/AlphaBlended' not found
Refreshing native plugins compatible for Editor in 39.69 ms, found 9 plugins.
Preloading 0 native plugins for Editor in 0.00 ms.
Unloading 8779 Unused Serialized files (Serialized files now loaded: 0)
Unloading 99 unused Assets / (1.2 MB). Loaded Objects now: 9959.
Memory consumption went from 418.0 MB to 416.8 MB.
Total: 34.089900 ms (FindLiveObjects: 1.123800 ms CreateObjectMapping: 0.708100 ms MarkObjects: 30.841600 ms  DeleteObjects: 1.412900 ms)

Prepare: number of updated asset objects reloaded= 0
AssetImportParameters requested are different than current active one (requested -> active):
  custom:container-demuxer-ogg: 62fdf1f143b41e24485cea50d1cbac27 -> 
  custom:framework-win-MediaFoundation: 216162199b28c13a410421893ffa2e32 -> 
  custom:scripting/monoscript/fileName/BossShadow1_Attack2_Controller.cs: b72366c4b38476dd6a3a7b696e258665 -> 8e475a1ee77cb45d1cd98c05e684dc62
  custom:container-muxer-webm: aa71ff27fc2769a1b78a27578f13a17b -> 
  custom:video-decoder-webm-vp8: 9c59270c3fd7afecdb556c50c9e8de78 -> 
  custom:SearchIndexIgnoredProperties: e643bd26f0fe6173181afceb89e7c659 -> 
  custom:AudioImporter_EditorPlatform: d09bf68614088b80899f8185d706f6e7 -> 
  custom:audio-decoder-ogg-vorbis: bf7c407c2cedff20999df2af8eb42d56 -> 
  custom:scripting/monoscript/fileName/BossShadow1_Attack1_Controller.cs: 13074c66c6b5d1f7e8528b09654bca03 -> 44f32db56bf2e57733e144c8f9f66a6d
  custom:audio-encoder-webm-vorbis: bf7c407c2cedff20999df2af8eb42d56 -> 
  custom:video-codec-MediaFoundation-h265: 746d11721c4dcdbdad8f713fa42b33f4 -> 
  custom:video-decoder-ogg-theora: a1e56fd34408186e4bbccfd4996cb3dc -> 
  custom:CustomObjectIndexerAttribute: 72b91833f83ae208fae7752999fa3104 -> 
  custom:container-demuxer-webm: 4f35f7cbe854078d1ac9338744f61a02 -> 
  custom:scripting/monoscript/fileName/BossShadow1_Attack1_Hit.cs: dd1546f280f00b07a19ae2da2e359390 -> 634124e5e8afcf6cb1158a879da8073b
  custom:video-encoder-webm-vp8: eb34c28f22e8b96e1ab97ce403110664 -> 
========================================================================
Received Prepare
Begin MonoManager ReloadAssembly
Symbol file LoadedFromMemory is not a mono symbol file
- Loaded All Assemblies, in  0.864 seconds
Refreshing native plugins compatible for Editor in 14.11 ms, found 9 plugins.
Native extension for WindowsStandalone target not found
Native extension for iOS target not found
Native extension for Android target not found
[Package Manager] Server::EnsureServerProcessIsRunning -- launch failed, reason: Unity was launched with the -noUpm command-line argument
[Package Manager] UpmClient::Send -- Unable to send message (not connected to UPM process).
[Package Manager] Cannot connect to Unity Package Manager local server
Mono: successfully reloaded assembly
- Finished resetting the current domain, in  3.428 seconds
Domain Reload Profiling: 4292ms
	BeginReloadAssembly (202ms)
		ExecutionOrderSort (0ms)
		DisableScriptedObjects (13ms)
		BackupInstance (0ms)
		ReleaseScriptingObjects (0ms)
		CreateAndSetChildDomain (69ms)
	RebuildCommonClasses (30ms)
	RebuildNativeTypeToScriptingClass (11ms)
	initialDomainReloadingComplete (32ms)
	LoadAllAssembliesAndSetupDomain (587ms)
		LoadAssemblies (632ms)
		RebuildTransferFunctionScriptingTraits (0ms)
		AnalyzeDomain (35ms)
			TypeCache.Refresh (11ms)
				TypeCache.ScanAssembly (0ms)
			ScanForSourceGeneratedMonoScriptInfo (0ms)
			ResolveRequiredComponents (18ms)
	FinalizeReload (3429ms)
		ReleaseScriptCaches (0ms)
		RebuildScriptCaches (0ms)
		SetupLoadedEditorAssemblies (1453ms)
			LogAssemblyErrors (0ms)
			InitializePlatformSupportModulesInManaged (40ms)
			SetLoadedEditorAssemblies (10ms)
			RefreshPlugins (0ms)
			BeforeProcessingInitializeOnLoad (196ms)
			ProcessInitializeOnLoadAttributes (914ms)
			ProcessInitializeOnLoadMethodAttributes (291ms)
			AfterProcessingInitializeOnLoad (1ms)
			EditorAssembliesLoaded (1ms)
		ExecutionOrderSort2 (0ms)
		AwakeInstancesAfterBackupRestoration (21ms)
Shader 'MoreMountains/MMRipple': fallback shader 'Particle/AlphaBlended' not found
Refreshing native plugins compatible for Editor in 21.13 ms, found 9 plugins.
Preloading 0 native plugins for Editor in 0.00 ms.
Unloading 8779 Unused Serialized files (Serialized files now loaded: 0)
Unloading 99 unused Assets / (1.2 MB). Loaded Objects now: 9974.
Memory consumption went from 419.8 MB to 418.6 MB.
Total: 30.962500 ms (FindLiveObjects: 0.903400 ms CreateObjectMapping: 0.478900 ms MarkObjects: 28.421600 ms  DeleteObjects: 1.155700 ms)

Prepare: number of updated asset objects reloaded= 0
AssetImportParameters requested are different than current active one (requested -> active):
  custom:container-demuxer-ogg: 62fdf1f143b41e24485cea50d1cbac27 -> 
  custom:framework-win-MediaFoundation: 216162199b28c13a410421893ffa2e32 -> 
  custom:scripting/monoscript/fileName/BossShadow1_Attack2_Controller.cs: b72366c4b38476dd6a3a7b696e258665 -> 8e475a1ee77cb45d1cd98c05e684dc62
  custom:container-muxer-webm: aa71ff27fc2769a1b78a27578f13a17b -> 
  custom:video-decoder-webm-vp8: 9c59270c3fd7afecdb556c50c9e8de78 -> 
  custom:SearchIndexIgnoredProperties: e643bd26f0fe6173181afceb89e7c659 -> 
  custom:AudioImporter_EditorPlatform: d09bf68614088b80899f8185d706f6e7 -> 
  custom:audio-decoder-ogg-vorbis: bf7c407c2cedff20999df2af8eb42d56 -> 
  custom:scripting/monoscript/fileName/BossShadow1_Attack1_Controller.cs: 13074c66c6b5d1f7e8528b09654bca03 -> 44f32db56bf2e57733e144c8f9f66a6d
  custom:audio-encoder-webm-vorbis: bf7c407c2cedff20999df2af8eb42d56 -> 
  custom:video-codec-MediaFoundation-h265: 746d11721c4dcdbdad8f713fa42b33f4 -> 
  custom:video-decoder-ogg-theora: a1e56fd34408186e4bbccfd4996cb3dc -> 
  custom:CustomObjectIndexerAttribute: 72b91833f83ae208fae7752999fa3104 -> 
  custom:container-demuxer-webm: 4f35f7cbe854078d1ac9338744f61a02 -> 
  custom:scripting/monoscript/fileName/BossShadow1_Attack1_Hit.cs: dd1546f280f00b07a19ae2da2e359390 -> 634124e5e8afcf6cb1158a879da8073b
  custom:video-encoder-webm-vp8: eb34c28f22e8b96e1ab97ce403110664 -> 
========================================================================
Received Prepare
Begin MonoManager ReloadAssembly
Symbol file LoadedFromMemory is not a mono symbol file
- Loaded All Assemblies, in  0.769 seconds
Refreshing native plugins compatible for Editor in 8.00 ms, found 9 plugins.
Native extension for WindowsStandalone target not found
Native extension for iOS target not found
Native extension for Android target not found
[Package Manager] Server::EnsureServerProcessIsRunning -- launch failed, reason: Unity was launched with the -noUpm command-line argument
[Package Manager] UpmClient::Send -- Unable to send message (not connected to UPM process).
[Package Manager] Cannot connect to Unity Package Manager local server
Mono: successfully reloaded assembly
- Finished resetting the current domain, in  3.502 seconds
Domain Reload Profiling: 4270ms
	BeginReloadAssembly (224ms)
		ExecutionOrderSort (0ms)
		DisableScriptedObjects (9ms)
		BackupInstance (0ms)
		ReleaseScriptingObjects (0ms)
		CreateAndSetChildDomain (84ms)
	RebuildCommonClasses (26ms)
	RebuildNativeTypeToScriptingClass (16ms)
	initialDomainReloadingComplete (40ms)
	LoadAllAssembliesAndSetupDomain (461ms)
		LoadAssemblies (523ms)
		RebuildTransferFunctionScriptingTraits (0ms)
		AnalyzeDomain (34ms)
			TypeCache.Refresh (11ms)
				TypeCache.ScanAssembly (0ms)
			ScanForSourceGeneratedMonoScriptInfo (0ms)
			ResolveRequiredComponents (19ms)
	FinalizeReload (3503ms)
		ReleaseScriptCaches (0ms)
		RebuildScriptCaches (0ms)
		SetupLoadedEditorAssemblies (1607ms)
			LogAssemblyErrors (0ms)
			InitializePlatformSupportModulesInManaged (25ms)
			SetLoadedEditorAssemblies (11ms)
			RefreshPlugins (0ms)
			BeforeProcessingInitializeOnLoad (192ms)
			ProcessInitializeOnLoadAttributes (1010ms)
			ProcessInitializeOnLoadMethodAttributes (366ms)
			AfterProcessingInitializeOnLoad (1ms)
			EditorAssembliesLoaded (0ms)
		ExecutionOrderSort2 (0ms)
		AwakeInstancesAfterBackupRestoration (24ms)
Shader 'MoreMountains/MMRipple': fallback shader 'Particle/AlphaBlended' not found
Refreshing native plugins compatible for Editor in 17.25 ms, found 9 plugins.
Preloading 0 native plugins for Editor in 0.00 ms.
Unloading 8779 Unused Serialized files (Serialized files now loaded: 0)
Unloading 99 unused Assets / (1.1 MB). Loaded Objects now: 9989.
Memory consumption went from 421.7 MB to 420.6 MB.
Total: 21.725400 ms (FindLiveObjects: 0.797300 ms CreateObjectMapping: 0.369900 ms MarkObjects: 19.536000 ms  DeleteObjects: 1.020700 ms)

Prepare: number of updated asset objects reloaded= 0
AssetImportParameters requested are different than current active one (requested -> active):
  custom:container-demuxer-ogg: 62fdf1f143b41e24485cea50d1cbac27 -> 
  custom:framework-win-MediaFoundation: 216162199b28c13a410421893ffa2e32 -> 
  custom:scripting/monoscript/fileName/BossShadow1_Attack2_Controller.cs: b72366c4b38476dd6a3a7b696e258665 -> 8e475a1ee77cb45d1cd98c05e684dc62
  custom:container-muxer-webm: aa71ff27fc2769a1b78a27578f13a17b -> 
  custom:video-decoder-webm-vp8: 9c59270c3fd7afecdb556c50c9e8de78 -> 
  custom:SearchIndexIgnoredProperties: e643bd26f0fe6173181afceb89e7c659 -> 
  custom:AudioImporter_EditorPlatform: d09bf68614088b80899f8185d706f6e7 -> 
  custom:audio-decoder-ogg-vorbis: bf7c407c2cedff20999df2af8eb42d56 -> 
  custom:scripting/monoscript/fileName/BossShadow1_Attack1_Controller.cs: 13074c66c6b5d1f7e8528b09654bca03 -> 44f32db56bf2e57733e144c8f9f66a6d
  custom:audio-encoder-webm-vorbis: bf7c407c2cedff20999df2af8eb42d56 -> 
  custom:video-codec-MediaFoundation-h265: 746d11721c4dcdbdad8f713fa42b33f4 -> 
  custom:video-decoder-ogg-theora: a1e56fd34408186e4bbccfd4996cb3dc -> 
  custom:CustomObjectIndexerAttribute: 72b91833f83ae208fae7752999fa3104 -> 
  custom:container-demuxer-webm: 4f35f7cbe854078d1ac9338744f61a02 -> 
  custom:scripting/monoscript/fileName/BossShadow1_Attack1_Hit.cs: dd1546f280f00b07a19ae2da2e359390 -> 634124e5e8afcf6cb1158a879da8073b
  custom:video-encoder-webm-vp8: eb34c28f22e8b96e1ab97ce403110664 -> 
========================================================================
Received Prepare
Begin MonoManager ReloadAssembly
Symbol file LoadedFromMemory is not a mono symbol file
- Loaded All Assemblies, in  2.686 seconds
Refreshing native plugins compatible for Editor in 9.89 ms, found 9 plugins.
Native extension for WindowsStandalone target not found
Native extension for iOS target not found
Native extension for Android target not found
[Package Manager] Server::EnsureServerProcessIsRunning -- launch failed, reason: Unity was launched with the -noUpm command-line argument
[Package Manager] UpmClient::Send -- Unable to send message (not connected to UPM process).
[Package Manager] Cannot connect to Unity Package Manager local server
Mono: successfully reloaded assembly
- Finished resetting the current domain, in  4.977 seconds
Domain Reload Profiling: 7666ms
	BeginReloadAssembly (706ms)
		ExecutionOrderSort (0ms)
		DisableScriptedObjects (51ms)
		BackupInstance (0ms)
		ReleaseScriptingObjects (0ms)
		CreateAndSetChildDomain (433ms)
	RebuildCommonClasses (31ms)
	RebuildNativeTypeToScriptingClass (11ms)
	initialDomainReloadingComplete (34ms)
	LoadAllAssembliesAndSetupDomain (1906ms)
		LoadAssemblies (1951ms)
		RebuildTransferFunctionScriptingTraits (0ms)
		AnalyzeDomain (62ms)
			TypeCache.Refresh (31ms)
				TypeCache.ScanAssembly (0ms)
			ScanForSourceGeneratedMonoScriptInfo (1ms)
			ResolveRequiredComponents (28ms)
	FinalizeReload (4977ms)
		ReleaseScriptCaches (0ms)
		RebuildScriptCaches (0ms)
		SetupLoadedEditorAssemblies (2408ms)
			LogAssemblyErrors (0ms)
			InitializePlatformSupportModulesInManaged (81ms)
			SetLoadedEditorAssemblies (35ms)
			RefreshPlugins (0ms)
			BeforeProcessingInitializeOnLoad (301ms)
			ProcessInitializeOnLoadAttributes (1315ms)
			ProcessInitializeOnLoadMethodAttributes (673ms)
			AfterProcessingInitializeOnLoad (2ms)
			EditorAssembliesLoaded (2ms)
		ExecutionOrderSort2 (0ms)
		AwakeInstancesAfterBackupRestoration (27ms)
Shader 'MoreMountains/MMRipple': fallback shader 'Particle/AlphaBlended' not found
Refreshing native plugins compatible for Editor in 12.10 ms, found 9 plugins.
Preloading 0 native plugins for Editor in 0.00 ms.
Unloading 8779 Unused Serialized files (Serialized files now loaded: 0)
Unloading 99 unused Assets / (1.2 MB). Loaded Objects now: 10004.
Memory consumption went from 435.1 MB to 433.9 MB.
Total: 32.945900 ms (FindLiveObjects: 1.287000 ms CreateObjectMapping: 1.267600 ms MarkObjects: 29.366100 ms  DeleteObjects: 1.023400 ms)

Prepare: number of updated asset objects reloaded= 0
AssetImportParameters requested are different than current active one (requested -> active):
  custom:container-demuxer-ogg: 62fdf1f143b41e24485cea50d1cbac27 -> 
  custom:framework-win-MediaFoundation: 216162199b28c13a410421893ffa2e32 -> 
  custom:scripting/monoscript/fileName/BossShadow1_Attack2_Controller.cs: b72366c4b38476dd6a3a7b696e258665 -> 8e475a1ee77cb45d1cd98c05e684dc62
  custom:container-muxer-webm: aa71ff27fc2769a1b78a27578f13a17b -> 
  custom:video-decoder-webm-vp8: 9c59270c3fd7afecdb556c50c9e8de78 -> 
  custom:SearchIndexIgnoredProperties: e643bd26f0fe6173181afceb89e7c659 -> 
  custom:AudioImporter_EditorPlatform: d09bf68614088b80899f8185d706f6e7 -> 
  custom:audio-decoder-ogg-vorbis: bf7c407c2cedff20999df2af8eb42d56 -> 
  custom:scripting/monoscript/fileName/BossShadow1_Attack1_Controller.cs: 13074c66c6b5d1f7e8528b09654bca03 -> 44f32db56bf2e57733e144c8f9f66a6d
  custom:audio-encoder-webm-vorbis: bf7c407c2cedff20999df2af8eb42d56 -> 
  custom:video-codec-MediaFoundation-h265: 746d11721c4dcdbdad8f713fa42b33f4 -> 
  custom:video-decoder-ogg-theora: a1e56fd34408186e4bbccfd4996cb3dc -> 
  custom:CustomObjectIndexerAttribute: 72b91833f83ae208fae7752999fa3104 -> 
  custom:container-demuxer-webm: 4f35f7cbe854078d1ac9338744f61a02 -> 
  custom:scripting/monoscript/fileName/BossShadow1_Attack1_Hit.cs: dd1546f280f00b07a19ae2da2e359390 -> 634124e5e8afcf6cb1158a879da8073b
  custom:video-encoder-webm-vp8: eb34c28f22e8b96e1ab97ce403110664 -> 
TcpMessagingSession - receive error
AssetImportWorkerClient::OnTransportError - code=10054 error=An existing connection was forcibly closed by the remote host.
