Using pre-set license
Built from '2022.3/staging' branch; Version is '2022.3.24f1 (334eb2a0b267) revision 3362482'; Using compiler version '192829333'; Build Type 'Release'
OS: 'Windows 11  (10.0.22631) 64bit CoreSingleLanguage' Language: 'vi' Physical Memory: 16109 MB
BatchMode: 1, IsHumanControllingUs: 0, StartBugReporterOnCrash: 0, Is64bit: 1, IsPro: 1

COMMAND LINE ARGUMENTS:
D:\unity\2022.3.24f1\Editor\Unity.exe
-adb2
-batchMode
-noUpm
-name
AssetImportWorker0
-projectPath
E:/Unity/My Project/Main/TM02-FOREST
-logFile
Logs/AssetImportWorker0.log
-srvPort
57479
Successfully changed project path to: E:/Unity/My Project/Main/TM02-FOREST
E:/Unity/My Project/Main/TM02-FOREST
[UnityMemory] Configuration Parameters - Can be set up in boot.config
    "memorysetup-bucket-allocator-granularity=16"
    "memorysetup-bucket-allocator-bucket-count=8"
    "memorysetup-bucket-allocator-block-size=33554432"
    "memorysetup-bucket-allocator-block-count=8"
    "memorysetup-main-allocator-block-size=16777216"
    "memorysetup-thread-allocator-block-size=16777216"
    "memorysetup-gfx-main-allocator-block-size=16777216"
    "memorysetup-gfx-thread-allocator-block-size=16777216"
    "memorysetup-cache-allocator-block-size=4194304"
    "memorysetup-typetree-allocator-block-size=2097152"
    "memorysetup-profiler-bucket-allocator-granularity=16"
    "memorysetup-profiler-bucket-allocator-bucket-count=8"
    "memorysetup-profiler-bucket-allocator-block-size=33554432"
    "memorysetup-profiler-bucket-allocator-block-count=8"
    "memorysetup-profiler-allocator-block-size=16777216"
    "memorysetup-profiler-editor-allocator-block-size=1048576"
    "memorysetup-temp-allocator-size-main=16777216"
    "memorysetup-job-temp-allocator-block-size=2097152"
    "memorysetup-job-temp-allocator-block-size-background=1048576"
    "memorysetup-job-temp-allocator-reduction-small-platforms=262144"
    "memorysetup-allocator-temp-initial-block-size-main=262144"
    "memorysetup-allocator-temp-initial-block-size-worker=262144"
    "memorysetup-temp-allocator-size-background-worker=32768"
    "memorysetup-temp-allocator-size-job-worker=262144"
    "memorysetup-temp-allocator-size-preload-manager=33554432"
    "memorysetup-temp-allocator-size-nav-mesh-worker=65536"
    "memorysetup-temp-allocator-size-audio-worker=65536"
    "memorysetup-temp-allocator-size-cloud-worker=32768"
    "memorysetup-temp-allocator-size-gi-baking-worker=262144"
    "memorysetup-temp-allocator-size-gfx=262144"
Player connection [45260] Host "[IP] 192.168.19.1 [Port] 0 [Flags] 2 [Guid] 1971673712 [EditorId] 1971673712 [Version] 1048832 [Id] WindowsEditor(7,LAPTOP-3JGSAUFN) [Debug] 1 [PackageName] WindowsEditor [ProjectName] Editor" joined multi-casting on [225.0.0.222:54997]...

Player connection [45260] Host "[IP] 192.168.19.1 [Port] 0 [Flags] 2 [Guid] 1971673712 [EditorId] 1971673712 [Version] 1048832 [Id] WindowsEditor(7,LAPTOP-3JGSAUFN) [Debug] 1 [PackageName] WindowsEditor [ProjectName] Editor" joined alternative multi-casting on [225.0.0.222:34997]...

[Physics::Module] Initialized MultithreadedJobDispatcher with 15 workers.
Refreshing native plugins compatible for Editor in 67.63 ms, found 9 plugins.
Preloading 0 native plugins for Editor in 0.00 ms.
Initialize engine version: 2022.3.24f1 (334eb2a0b267)
[Subsystems] Discovering subsystems at path D:/unity/2022.3.24f1/Editor/Data/Resources/UnitySubsystems
[Subsystems] Discovering subsystems at path E:/Unity/My Project/Main/TM02-FOREST/Assets
GfxDevice: creating device client; threaded=0; jobified=0
Direct3D:
    Version:  Direct3D 11.0 [level 11.1]
    Renderer: NVIDIA GeForce RTX 3050 Ti Laptop GPU (ID=0x25a0)
    Vendor:   NVIDIA
    VRAM:     3962 MB
    Driver:   32.0.15.7216
Shader 'MoreMountains/MMRipple': fallback shader 'Particle/AlphaBlended' not found
Initialize mono
Mono path[0] = 'D:/unity/2022.3.24f1/Editor/Data/Managed'
Mono path[1] = 'D:/unity/2022.3.24f1/Editor/Data/MonoBleedingEdge/lib/mono/unityjit-win32'
Mono config path = 'D:/unity/2022.3.24f1/Editor/Data/MonoBleedingEdge/etc'
Using monoOptions --debugger-agent=transport=dt_socket,embedding=1,server=y,suspend=n,address=127.0.0.1:56256
Begin MonoManager ReloadAssembly
Registering precompiled unity dll's ...
Register platform support module: D:/unity/2022.3.24f1/Editor/Data/PlaybackEngines/AndroidPlayer/UnityEditor.Android.Extensions.dll
Register platform support module: D:/unity/2022.3.24f1/Editor/Data/PlaybackEngines/iOSSupport/UnityEditor.iOS.Extensions.dll
Register platform support module: D:/unity/2022.3.24f1/Editor/Data/PlaybackEngines/WindowsStandaloneSupport/UnityEditor.WindowsStandalone.Extensions.dll
Registered in 0.006563 seconds.
- Loaded All Assemblies, in  0.512 seconds
Native extension for WindowsStandalone target not found
[usbmuxd] Start listen thread
[usbmuxd] Listen thread started
Native extension for iOS target not found
Native extension for Android target not found
Android Extension - Scanning For ADB Devices 737 ms
Mono: successfully reloaded assembly
- Finished resetting the current domain, in  1.111 seconds
Domain Reload Profiling: 1623ms
	BeginReloadAssembly (177ms)
		ExecutionOrderSort (0ms)
		DisableScriptedObjects (0ms)
		BackupInstance (0ms)
		ReleaseScriptingObjects (0ms)
		CreateAndSetChildDomain (1ms)
	RebuildCommonClasses (35ms)
	RebuildNativeTypeToScriptingClass (12ms)
	initialDomainReloadingComplete (67ms)
	LoadAllAssembliesAndSetupDomain (220ms)
		LoadAssemblies (176ms)
		RebuildTransferFunctionScriptingTraits (0ms)
		AnalyzeDomain (216ms)
			TypeCache.Refresh (213ms)
				TypeCache.ScanAssembly (193ms)
			ScanForSourceGeneratedMonoScriptInfo (0ms)
			ResolveRequiredComponents (1ms)
	FinalizeReload (1111ms)
		ReleaseScriptCaches (0ms)
		RebuildScriptCaches (0ms)
		SetupLoadedEditorAssemblies (1035ms)
			LogAssemblyErrors (0ms)
			InitializePlatformSupportModulesInManaged (885ms)
			SetLoadedEditorAssemblies (6ms)
			RefreshPlugins (0ms)
			BeforeProcessingInitializeOnLoad (2ms)
			ProcessInitializeOnLoadAttributes (99ms)
			ProcessInitializeOnLoadMethodAttributes (43ms)
			AfterProcessingInitializeOnLoad (0ms)
			EditorAssembliesLoaded (0ms)
		ExecutionOrderSort2 (0ms)
		AwakeInstancesAfterBackupRestoration (0ms)
========================================================================
Worker process is ready to serve import requests
Begin MonoManager ReloadAssembly
Symbol file LoadedFromMemory is not a mono symbol file
- Loaded All Assemblies, in  2.067 seconds
Refreshing native plugins compatible for Editor in 33.35 ms, found 9 plugins.
Native extension for WindowsStandalone target not found
Native extension for iOS target not found
Native extension for Android target not found
Package Manager log level set to [2]
[Package Manager] Server::EnsureServerProcessIsRunning -- launch failed, reason: Unity was launched with the -noUpm command-line argument
[Package Manager] UpmClient::Send -- Unable to send message (not connected to UPM process).
[Package Manager] Cannot connect to Unity Package Manager local server
Launched and connected shader compiler UnityShaderCompiler.exe after 0.10 seconds
Mono: successfully reloaded assembly
- Finished resetting the current domain, in  3.714 seconds
Domain Reload Profiling: 5782ms
	BeginReloadAssembly (166ms)
		ExecutionOrderSort (0ms)
		DisableScriptedObjects (5ms)
		BackupInstance (0ms)
		ReleaseScriptingObjects (0ms)
		CreateAndSetChildDomain (22ms)
	RebuildCommonClasses (37ms)
	RebuildNativeTypeToScriptingClass (8ms)
	initialDomainReloadingComplete (47ms)
	LoadAllAssembliesAndSetupDomain (1810ms)
		LoadAssemblies (1196ms)
		RebuildTransferFunctionScriptingTraits (0ms)
		AnalyzeDomain (720ms)
			TypeCache.Refresh (607ms)
				TypeCache.ScanAssembly (541ms)
			ScanForSourceGeneratedMonoScriptInfo (78ms)
			ResolveRequiredComponents (31ms)
	FinalizeReload (3715ms)
		ReleaseScriptCaches (0ms)
		RebuildScriptCaches (0ms)
		SetupLoadedEditorAssemblies (3347ms)
			LogAssemblyErrors (0ms)
			InitializePlatformSupportModulesInManaged (102ms)
			SetLoadedEditorAssemblies (8ms)
			RefreshPlugins (0ms)
			BeforeProcessingInitializeOnLoad (239ms)
			ProcessInitializeOnLoadAttributes (2073ms)
			ProcessInitializeOnLoadMethodAttributes (923ms)
			AfterProcessingInitializeOnLoad (1ms)
			EditorAssembliesLoaded (0ms)
		ExecutionOrderSort2 (0ms)
		AwakeInstancesAfterBackupRestoration (7ms)
Shader 'MoreMountains/MMRipple': fallback shader 'Particle/AlphaBlended' not found
Refreshing native plugins compatible for Editor in 34.41 ms, found 9 plugins.
Preloading 0 native plugins for Editor in 0.00 ms.
Unloading 8989 Unused Serialized files (Serialized files now loaded: 0)
Unloading 163 unused Assets / (1.3 MB). Loaded Objects now: 9526.
Memory consumption went from 431.3 MB to 430.0 MB.
Total: 25.213900 ms (FindLiveObjects: 0.559600 ms CreateObjectMapping: 0.356500 ms MarkObjects: 23.578000 ms  DeleteObjects: 0.718200 ms)

AssetImportParameters requested are different than current active one (requested -> active):
  custom:container-demuxer-ogg: 62fdf1f143b41e24485cea50d1cbac27 -> 
  custom:framework-win-MediaFoundation: 216162199b28c13a410421893ffa2e32 -> 
  custom:container-muxer-webm: aa71ff27fc2769a1b78a27578f13a17b -> 
  custom:video-decoder-webm-vp8: 9c59270c3fd7afecdb556c50c9e8de78 -> 
  custom:SearchIndexIgnoredProperties: e643bd26f0fe6173181afceb89e7c659 -> 
  custom:AudioImporter_EditorPlatform: d09bf68614088b80899f8185d706f6e7 -> 
  custom:audio-decoder-ogg-vorbis: bf7c407c2cedff20999df2af8eb42d56 -> 
  custom:audio-encoder-webm-vorbis: bf7c407c2cedff20999df2af8eb42d56 -> 
  custom:video-codec-MediaFoundation-h265: 746d11721c4dcdbdad8f713fa42b33f4 -> 
  custom:video-decoder-ogg-theora: a1e56fd34408186e4bbccfd4996cb3dc -> 
  custom:CustomObjectIndexerAttribute: 72b91833f83ae208fae7752999fa3104 -> 
  custom:container-demuxer-webm: 4f35f7cbe854078d1ac9338744f61a02 -> 
  custom:video-encoder-webm-vp8: eb34c28f22e8b96e1ab97ce403110664 -> 
========================================================================
Received Import Request.
  Time since last request: 118725.782101 seconds.
  path: Assets/_TM02-FOREST/Assets/Characters/Enemy/Elementals_Crystal_Mauler_Free_v1.0/Elementals_Crystal_Mauler_Free_v1.0/anim/Animation/Attack1.anim
  artifactKey: Guid(6d318d114c54cfe42bcd666b83533033) Importer(815301076,1909f56bfc062723c751e8b465ee728b)
Start importing Assets/_TM02-FOREST/Assets/Characters/Enemy/Elementals_Crystal_Mauler_Free_v1.0/Elementals_Crystal_Mauler_Free_v1.0/anim/Animation/Attack1.anim using Guid(6d318d114c54cfe42bcd666b83533033) Importer(815301076,1909f56bfc062723c751e8b465ee728b)  -> (artifact id: 'cb0355dc16f726f3fb3e87333e2a8e21') in 0.029713 seconds
Number of updated asset objects reloaded before import = 0
Number of asset objects unloaded after import = 1
========================================================================
Received Import Request.
  Time since last request: 52.962721 seconds.
  path: Assets/_TM02-FOREST/Assets/Characters/Enemy/Elementals_Crystal_Mauler_Free_v1.0/Elementals_Crystal_Mauler_Free_v1.0/anim/Animator/BossCrystal.controller
  artifactKey: Guid(d020f0215a480ee4687f108fe37d9127) Importer(815301076,1909f56bfc062723c751e8b465ee728b)
Start importing Assets/_TM02-FOREST/Assets/Characters/Enemy/Elementals_Crystal_Mauler_Free_v1.0/Elementals_Crystal_Mauler_Free_v1.0/anim/Animator/BossCrystal.controller using Guid(d020f0215a480ee4687f108fe37d9127) Importer(815301076,1909f56bfc062723c751e8b465ee728b)  -> (artifact id: '576d6b2ef969139cd005b7d244ff23af') in 0.018565 seconds
Number of updated asset objects reloaded before import = 0
Number of asset objects unloaded after import = 36
========================================================================
Received Import Request.
  Time since last request: 281.577864 seconds.
  path: Assets/_TM02-FOREST/Assets/Environment/Packs/CaveAssetsMaaot/Assets 1024 Cave/Cave - BigRocks1.png
  artifactKey: Guid(3ae49a5d351c11140b180eebcfd1865b) Importer(815301076,1909f56bfc062723c751e8b465ee728b)
Start importing Assets/_TM02-FOREST/Assets/Environment/Packs/CaveAssetsMaaot/Assets 1024 Cave/Cave - BigRocks1.png using Guid(3ae49a5d351c11140b180eebcfd1865b) Importer(815301076,1909f56bfc062723c751e8b465ee728b)  -> (artifact id: '58798f664597071d78f31a0cd26e5c5d') in 0.283467 seconds
Number of updated asset objects reloaded before import = 0
Number of asset objects unloaded after import = 3
========================================================================
Received Import Request.
  Time since last request: 0.239504 seconds.
  path: Assets/_TM02-FOREST/Assets/Environment/Packs/CaveAssetsMaaot/Assets 1024 Cave/Cave - Floor.png
  artifactKey: Guid(870c7f914fe6289469853941bf174f4d) Importer(815301076,1909f56bfc062723c751e8b465ee728b)
Start importing Assets/_TM02-FOREST/Assets/Environment/Packs/CaveAssetsMaaot/Assets 1024 Cave/Cave - Floor.png using Guid(870c7f914fe6289469853941bf174f4d) Importer(815301076,1909f56bfc062723c751e8b465ee728b)  -> (artifact id: '5c6b764fae282fb4e43665454f615d69') in 0.043769 seconds
Number of updated asset objects reloaded before import = 0
Number of asset objects unloaded after import = 3
========================================================================
Received Import Request.
  Time since last request: 0.523712 seconds.
  path: Assets/_TM02-FOREST/Assets/Environment/Packs/CaveAssetsMaaot/Assets 1024 Cave/Cave - RockCombinations1.png
  artifactKey: Guid(663a7433184d7f1488be6fc0e41217e2) Importer(815301076,1909f56bfc062723c751e8b465ee728b)
Start importing Assets/_TM02-FOREST/Assets/Environment/Packs/CaveAssetsMaaot/Assets 1024 Cave/Cave - RockCombinations1.png using Guid(663a7433184d7f1488be6fc0e41217e2) Importer(815301076,1909f56bfc062723c751e8b465ee728b)  -> (artifact id: 'ed859bb0e814ed15485cbcb1f4627c00') in 0.038831 seconds
Number of updated asset objects reloaded before import = 0
Number of asset objects unloaded after import = 3
========================================================================
Received Import Request.
  Time since last request: 0.664649 seconds.
  path: Assets/_TM02-FOREST/Assets/Environment/Packs/CaveAssetsMaaot/Assets 1024 Cave/Cave - SmallRocks.png
  artifactKey: Guid(f5bd89ed02a8eab4aac0e87ae6137eda) Importer(815301076,1909f56bfc062723c751e8b465ee728b)
Start importing Assets/_TM02-FOREST/Assets/Environment/Packs/CaveAssetsMaaot/Assets 1024 Cave/Cave - SmallRocks.png using Guid(f5bd89ed02a8eab4aac0e87ae6137eda) Importer(815301076,1909f56bfc062723c751e8b465ee728b)  -> (artifact id: '77bac8dac564fa8bb925fbf0a8c43d27') in 0.035000 seconds
Number of updated asset objects reloaded before import = 0
Number of asset objects unloaded after import = 3
========================================================================
Received Import Request.
  Time since last request: 17.638390 seconds.
  path: Assets/_TM02-FOREST/Assets/Environment/Packs/Game-Asset-Art-Carol-Salvato/Game-Asset-Carol-Salvato/cave-bg-03.png
  artifactKey: Guid(8b4b98de6c8c4554b8812dfc43e2dc4f) Importer(815301076,1909f56bfc062723c751e8b465ee728b)
Start importing Assets/_TM02-FOREST/Assets/Environment/Packs/Game-Asset-Art-Carol-Salvato/Game-Asset-Carol-Salvato/cave-bg-03.png using Guid(8b4b98de6c8c4554b8812dfc43e2dc4f) Importer(815301076,1909f56bfc062723c751e8b465ee728b)  -> (artifact id: '5bdff7b1bea93f96a268a072002ca8f9') in 0.035400 seconds
Number of updated asset objects reloaded before import = 0
Number of asset objects unloaded after import = 3
========================================================================
Received Import Request.
  Time since last request: 0.437181 seconds.
  path: Assets/_TM02-FOREST/Assets/Environment/Packs/Game-Asset-Art-Carol-Salvato/Game-Asset-Carol-Salvato/cave-bg-02.png
  artifactKey: Guid(b8c243e8c839fe042ad5224d9042e991) Importer(815301076,1909f56bfc062723c751e8b465ee728b)
Start importing Assets/_TM02-FOREST/Assets/Environment/Packs/Game-Asset-Art-Carol-Salvato/Game-Asset-Carol-Salvato/cave-bg-02.png using Guid(b8c243e8c839fe042ad5224d9042e991) Importer(815301076,1909f56bfc062723c751e8b465ee728b)  -> (artifact id: '34b8c148c00f25a6a97048c5a2828005') in 0.034780 seconds
Number of updated asset objects reloaded before import = 0
Number of asset objects unloaded after import = 3
========================================================================
Received Import Request.
  Time since last request: 0.941605 seconds.
  path: Assets/_TM02-FOREST/Assets/Environment/Packs/Game-Asset-Art-Carol-Salvato/Game-Asset-Carol-Salvato/cave-bg-01.png
  artifactKey: Guid(08f50d82c8aa24e488eec22ade83dbcb) Importer(815301076,1909f56bfc062723c751e8b465ee728b)
Start importing Assets/_TM02-FOREST/Assets/Environment/Packs/Game-Asset-Art-Carol-Salvato/Game-Asset-Carol-Salvato/cave-bg-01.png using Guid(08f50d82c8aa24e488eec22ade83dbcb) Importer(815301076,1909f56bfc062723c751e8b465ee728b)  -> (artifact id: 'c9fb63b45b1ef7509392f8ef49c53578') in 0.031686 seconds
Number of updated asset objects reloaded before import = 0
Number of asset objects unloaded after import = 3
========================================================================
Received Import Request.
  Time since last request: 0.605021 seconds.
  path: Assets/_TM02-FOREST/Assets/Environment/Packs/Game-Asset-Art-Carol-Salvato/Game-Asset-Carol-Salvato/cave-bg-01-completo.png
  artifactKey: Guid(0a16fea71c281d8438bae7a6c0200c94) Importer(815301076,1909f56bfc062723c751e8b465ee728b)
Start importing Assets/_TM02-FOREST/Assets/Environment/Packs/Game-Asset-Art-Carol-Salvato/Game-Asset-Carol-Salvato/cave-bg-01-completo.png using Guid(0a16fea71c281d8438bae7a6c0200c94) Importer(815301076,1909f56bfc062723c751e8b465ee728b)  -> (artifact id: '899796ece1e5062b55fc35ae76ff1d7d') in 0.024279 seconds
Number of updated asset objects reloaded before import = 0
Number of asset objects unloaded after import = 3
========================================================================
Received Import Request.
  Time since last request: 13.885180 seconds.
  path: Assets/_TM02-FOREST/Assets/Environment/Packs/Game-Asset-Art-Carol-Salvato/Game-Asset-Carol-Salvato/cave-bg-01-completo.png
  artifactKey: Guid(0a16fea71c281d8438bae7a6c0200c94) Importer(815301076,1909f56bfc062723c751e8b465ee728b)
Start importing Assets/_TM02-FOREST/Assets/Environment/Packs/Game-Asset-Art-Carol-Salvato/Game-Asset-Carol-Salvato/cave-bg-01-completo.png using Guid(0a16fea71c281d8438bae7a6c0200c94) Importer(815301076,1909f56bfc062723c751e8b465ee728b)  -> (artifact id: 'ba765adae6730e0429d4db8ef3bca209') in 0.036311 seconds
Number of updated asset objects reloaded before import = 0
Number of asset objects unloaded after import = 3
========================================================================
Received Import Request.
  Time since last request: 4.232756 seconds.
  path: Assets/_TM02-FOREST/Assets/Environment/Packs/Game-Asset-Art-Carol-Salvato/Game-Asset-Carol-Salvato/cave-bg-01-completo.png
  artifactKey: Guid(0a16fea71c281d8438bae7a6c0200c94) Importer(815301076,1909f56bfc062723c751e8b465ee728b)
Start importing Assets/_TM02-FOREST/Assets/Environment/Packs/Game-Asset-Art-Carol-Salvato/Game-Asset-Carol-Salvato/cave-bg-01-completo.png using Guid(0a16fea71c281d8438bae7a6c0200c94) Importer(815301076,1909f56bfc062723c751e8b465ee728b)  -> (artifact id: '7e001b4c0b3be48f0dc7a6e4ccb45340') in 0.033206 seconds
Number of updated asset objects reloaded before import = 0
Number of asset objects unloaded after import = 3
========================================================================
Received Import Request.
  Time since last request: 7.625259 seconds.
  path: Assets/_TM02-FOREST/Assets/Environment/Packs/Game-Asset-Art-Carol-Salvato/Game-Asset-Carol-Salvato/cave-bg-01-completo.png
  artifactKey: Guid(0a16fea71c281d8438bae7a6c0200c94) Importer(815301076,1909f56bfc062723c751e8b465ee728b)
Start importing Assets/_TM02-FOREST/Assets/Environment/Packs/Game-Asset-Art-Carol-Salvato/Game-Asset-Carol-Salvato/cave-bg-01-completo.png using Guid(0a16fea71c281d8438bae7a6c0200c94) Importer(815301076,1909f56bfc062723c751e8b465ee728b)  -> (artifact id: '3b37a5b7418b450d9540d4379171c50a') in 0.028679 seconds
Number of updated asset objects reloaded before import = 0
Number of asset objects unloaded after import = 3
========================================================================
Received Import Request.
  Time since last request: 4.861004 seconds.
  path: Assets/_TM02-FOREST/Assets/Environment/Packs/Game-Asset-Art-Carol-Salvato/Game-Asset-Carol-Salvato/cave-bg-01-completo.png
  artifactKey: Guid(0a16fea71c281d8438bae7a6c0200c94) Importer(815301076,1909f56bfc062723c751e8b465ee728b)
Start importing Assets/_TM02-FOREST/Assets/Environment/Packs/Game-Asset-Art-Carol-Salvato/Game-Asset-Carol-Salvato/cave-bg-01-completo.png using Guid(0a16fea71c281d8438bae7a6c0200c94) Importer(815301076,1909f56bfc062723c751e8b465ee728b)  -> (artifact id: 'b3bb877fc06d3e7dcfcd85a2ba1f481b') in 0.028846 seconds
Number of updated asset objects reloaded before import = 0
Number of asset objects unloaded after import = 3
========================================================================
Received Import Request.
  Time since last request: 55.409102 seconds.
  path: Assets/_TM02-FOREST/Assets/Environment/Packs/Game-Asset-Art-Carol-Salvato/Game-Asset-Carol-Salvato/cave-bg-01-completo.png
  artifactKey: Guid(0a16fea71c281d8438bae7a6c0200c94) Importer(815301076,1909f56bfc062723c751e8b465ee728b)
Start importing Assets/_TM02-FOREST/Assets/Environment/Packs/Game-Asset-Art-Carol-Salvato/Game-Asset-Carol-Salvato/cave-bg-01-completo.png using Guid(0a16fea71c281d8438bae7a6c0200c94) Importer(815301076,1909f56bfc062723c751e8b465ee728b)  -> (artifact id: '150f8fa33ed2476db3d5c930ef1e8a31') in 0.030543 seconds
Number of updated asset objects reloaded before import = 0
Number of asset objects unloaded after import = 3
========================================================================
Received Import Request.
  Time since last request: 12.927499 seconds.
  path: Assets/_TM02-FOREST/Assets/Environment/Packs/Game-Asset-Art-Carol-Salvato/Game-Asset-Carol-Salvato/cave-bg-01-completo.png
  artifactKey: Guid(0a16fea71c281d8438bae7a6c0200c94) Importer(815301076,1909f56bfc062723c751e8b465ee728b)
Start importing Assets/_TM02-FOREST/Assets/Environment/Packs/Game-Asset-Art-Carol-Salvato/Game-Asset-Carol-Salvato/cave-bg-01-completo.png using Guid(0a16fea71c281d8438bae7a6c0200c94) Importer(815301076,1909f56bfc062723c751e8b465ee728b)  -> (artifact id: 'caaa3731b6615a970defadb12576da51') in 0.028362 seconds
Number of updated asset objects reloaded before import = 0
Number of asset objects unloaded after import = 3
========================================================================
Received Prepare
Begin MonoManager ReloadAssembly
Symbol file LoadedFromMemory is not a mono symbol file
- Loaded All Assemblies, in  3.126 seconds
Refreshing native plugins compatible for Editor in 25.58 ms, found 9 plugins.
Native extension for WindowsStandalone target not found
Native extension for iOS target not found
Native extension for Android target not found
[Package Manager] Server::EnsureServerProcessIsRunning -- launch failed, reason: Unity was launched with the -noUpm command-line argument
[Package Manager] UpmClient::Send -- Unable to send message (not connected to UPM process).
[Package Manager] Cannot connect to Unity Package Manager local server
Mono: successfully reloaded assembly
- Finished resetting the current domain, in  5.910 seconds
Domain Reload Profiling: 9037ms
	BeginReloadAssembly (450ms)
		ExecutionOrderSort (0ms)
		DisableScriptedObjects (36ms)
		BackupInstance (0ms)
		ReleaseScriptingObjects (0ms)
		CreateAndSetChildDomain (190ms)
	RebuildCommonClasses (33ms)
	RebuildNativeTypeToScriptingClass (9ms)
	initialDomainReloadingComplete (33ms)
	LoadAllAssembliesAndSetupDomain (2600ms)
		LoadAssemblies (2600ms)
		RebuildTransferFunctionScriptingTraits (0ms)
		AnalyzeDomain (115ms)
			TypeCache.Refresh (50ms)
				TypeCache.ScanAssembly (0ms)
			ScanForSourceGeneratedMonoScriptInfo (1ms)
			ResolveRequiredComponents (62ms)
	FinalizeReload (5912ms)
		ReleaseScriptCaches (0ms)
		RebuildScriptCaches (0ms)
		SetupLoadedEditorAssemblies (2846ms)
			LogAssemblyErrors (0ms)
			InitializePlatformSupportModulesInManaged (38ms)
			SetLoadedEditorAssemblies (9ms)
			RefreshPlugins (0ms)
			BeforeProcessingInitializeOnLoad (199ms)
			ProcessInitializeOnLoadAttributes (1612ms)
			ProcessInitializeOnLoadMethodAttributes (978ms)
			AfterProcessingInitializeOnLoad (3ms)
			EditorAssembliesLoaded (7ms)
		ExecutionOrderSort2 (0ms)
		AwakeInstancesAfterBackupRestoration (34ms)
Shader 'MoreMountains/MMRipple': fallback shader 'Particle/AlphaBlended' not found
Refreshing native plugins compatible for Editor in 33.21 ms, found 9 plugins.
Preloading 0 native plugins for Editor in 0.00 ms.
Unloading 8784 Unused Serialized files (Serialized files now loaded: 0)
Unloading 99 unused Assets / (1.1 MB). Loaded Objects now: 9556.
Memory consumption went from 392.7 MB to 391.6 MB.
Total: 49.189500 ms (FindLiveObjects: 1.332900 ms CreateObjectMapping: 0.352300 ms MarkObjects: 46.642300 ms  DeleteObjects: 0.859200 ms)

Prepare: number of updated asset objects reloaded= 0
AssetImportParameters requested are different than current active one (requested -> active):
  custom:container-demuxer-ogg: 62fdf1f143b41e24485cea50d1cbac27 -> 
  custom:framework-win-MediaFoundation: 216162199b28c13a410421893ffa2e32 -> 
  custom:container-muxer-webm: aa71ff27fc2769a1b78a27578f13a17b -> 
  custom:video-decoder-webm-vp8: 9c59270c3fd7afecdb556c50c9e8de78 -> 
  custom:SearchIndexIgnoredProperties: e643bd26f0fe6173181afceb89e7c659 -> 
  custom:AudioImporter_EditorPlatform: d09bf68614088b80899f8185d706f6e7 -> 
  custom:audio-decoder-ogg-vorbis: bf7c407c2cedff20999df2af8eb42d56 -> 
  custom:audio-encoder-webm-vorbis: bf7c407c2cedff20999df2af8eb42d56 -> 
  custom:video-codec-MediaFoundation-h265: 746d11721c4dcdbdad8f713fa42b33f4 -> 
  custom:video-decoder-ogg-theora: a1e56fd34408186e4bbccfd4996cb3dc -> 
  custom:CustomObjectIndexerAttribute: 72b91833f83ae208fae7752999fa3104 -> 
  custom:container-demuxer-webm: 4f35f7cbe854078d1ac9338744f61a02 -> 
  custom:video-encoder-webm-vp8: eb34c28f22e8b96e1ab97ce403110664 -> 
========================================================================
Received Prepare
Begin MonoManager ReloadAssembly
Symbol file LoadedFromMemory is not a mono symbol file
- Loaded All Assemblies, in  2.455 seconds
Refreshing native plugins compatible for Editor in 14.69 ms, found 9 plugins.
Native extension for WindowsStandalone target not found
Native extension for iOS target not found
Native extension for Android target not found
[Package Manager] Server::EnsureServerProcessIsRunning -- launch failed, reason: Unity was launched with the -noUpm command-line argument
[Package Manager] UpmClient::Send -- Unable to send message (not connected to UPM process).
[Package Manager] Cannot connect to Unity Package Manager local server
Mono: successfully reloaded assembly
- Finished resetting the current domain, in  4.918 seconds
Domain Reload Profiling: 7373ms
	BeginReloadAssembly (617ms)
		ExecutionOrderSort (0ms)
		DisableScriptedObjects (41ms)
		BackupInstance (0ms)
		ReleaseScriptingObjects (0ms)
		CreateAndSetChildDomain (372ms)
	RebuildCommonClasses (45ms)
	RebuildNativeTypeToScriptingClass (15ms)
	initialDomainReloadingComplete (60ms)
	LoadAllAssembliesAndSetupDomain (1717ms)
		LoadAssemblies (1795ms)
		RebuildTransferFunctionScriptingTraits (0ms)
		AnalyzeDomain (43ms)
			TypeCache.Refresh (15ms)
				TypeCache.ScanAssembly (0ms)
			ScanForSourceGeneratedMonoScriptInfo (0ms)
			ResolveRequiredComponents (26ms)
	FinalizeReload (4919ms)
		ReleaseScriptCaches (0ms)
		RebuildScriptCaches (0ms)
		SetupLoadedEditorAssemblies (2051ms)
			LogAssemblyErrors (0ms)
			InitializePlatformSupportModulesInManaged (39ms)
			SetLoadedEditorAssemblies (9ms)
			RefreshPlugins (0ms)
			BeforeProcessingInitializeOnLoad (194ms)
			ProcessInitializeOnLoadAttributes (1337ms)
			ProcessInitializeOnLoadMethodAttributes (470ms)
			AfterProcessingInitializeOnLoad (2ms)
			EditorAssembliesLoaded (1ms)
		ExecutionOrderSort2 (0ms)
		AwakeInstancesAfterBackupRestoration (22ms)
Shader 'MoreMountains/MMRipple': fallback shader 'Particle/AlphaBlended' not found
Refreshing native plugins compatible for Editor in 25.68 ms, found 9 plugins.
Preloading 0 native plugins for Editor in 0.00 ms.
Unloading 8779 Unused Serialized files (Serialized files now loaded: 0)
Unloading 99 unused Assets / (1.1 MB). Loaded Objects now: 9571.
Memory consumption went from 393.7 MB to 392.5 MB.
Total: 37.347400 ms (FindLiveObjects: 1.457400 ms CreateObjectMapping: 1.127300 ms MarkObjects: 33.321300 ms  DeleteObjects: 1.437000 ms)

Prepare: number of updated asset objects reloaded= 0
AssetImportParameters requested are different than current active one (requested -> active):
  custom:container-demuxer-ogg: 62fdf1f143b41e24485cea50d1cbac27 -> 
  custom:framework-win-MediaFoundation: 216162199b28c13a410421893ffa2e32 -> 
  custom:container-muxer-webm: aa71ff27fc2769a1b78a27578f13a17b -> 
  custom:video-decoder-webm-vp8: 9c59270c3fd7afecdb556c50c9e8de78 -> 
  custom:SearchIndexIgnoredProperties: e643bd26f0fe6173181afceb89e7c659 -> 
  custom:AudioImporter_EditorPlatform: d09bf68614088b80899f8185d706f6e7 -> 
  custom:audio-decoder-ogg-vorbis: bf7c407c2cedff20999df2af8eb42d56 -> 
  custom:audio-encoder-webm-vorbis: bf7c407c2cedff20999df2af8eb42d56 -> 
  custom:video-codec-MediaFoundation-h265: 746d11721c4dcdbdad8f713fa42b33f4 -> 
  custom:video-decoder-ogg-theora: a1e56fd34408186e4bbccfd4996cb3dc -> 
  custom:CustomObjectIndexerAttribute: 72b91833f83ae208fae7752999fa3104 -> 
  custom:container-demuxer-webm: 4f35f7cbe854078d1ac9338744f61a02 -> 
  custom:video-encoder-webm-vp8: eb34c28f22e8b96e1ab97ce403110664 -> 
========================================================================
Received Prepare
Begin MonoManager ReloadAssembly
Symbol file LoadedFromMemory is not a mono symbol file
- Loaded All Assemblies, in  0.792 seconds
Refreshing native plugins compatible for Editor in 8.21 ms, found 9 plugins.
Native extension for WindowsStandalone target not found
Native extension for iOS target not found
Native extension for Android target not found
[Package Manager] Server::EnsureServerProcessIsRunning -- launch failed, reason: Unity was launched with the -noUpm command-line argument
[Package Manager] UpmClient::Send -- Unable to send message (not connected to UPM process).
[Package Manager] Cannot connect to Unity Package Manager local server
Mono: successfully reloaded assembly
- Finished resetting the current domain, in  3.683 seconds
Domain Reload Profiling: 4474ms
	BeginReloadAssembly (210ms)
		ExecutionOrderSort (0ms)
		DisableScriptedObjects (14ms)
		BackupInstance (0ms)
		ReleaseScriptingObjects (0ms)
		CreateAndSetChildDomain (88ms)
	RebuildCommonClasses (29ms)
	RebuildNativeTypeToScriptingClass (9ms)
	initialDomainReloadingComplete (33ms)
	LoadAllAssembliesAndSetupDomain (509ms)
		LoadAssemblies (551ms)
		RebuildTransferFunctionScriptingTraits (0ms)
		AnalyzeDomain (32ms)
			TypeCache.Refresh (10ms)
				TypeCache.ScanAssembly (0ms)
			ScanForSourceGeneratedMonoScriptInfo (0ms)
			ResolveRequiredComponents (20ms)
	FinalizeReload (3684ms)
		ReleaseScriptCaches (0ms)
		RebuildScriptCaches (0ms)
		SetupLoadedEditorAssemblies (1790ms)
			LogAssemblyErrors (0ms)
			InitializePlatformSupportModulesInManaged (33ms)
			SetLoadedEditorAssemblies (6ms)
			RefreshPlugins (0ms)
			BeforeProcessingInitializeOnLoad (204ms)
			ProcessInitializeOnLoadAttributes (1168ms)
			ProcessInitializeOnLoadMethodAttributes (375ms)
			AfterProcessingInitializeOnLoad (2ms)
			EditorAssembliesLoaded (1ms)
		ExecutionOrderSort2 (0ms)
		AwakeInstancesAfterBackupRestoration (21ms)
Shader 'MoreMountains/MMRipple': fallback shader 'Particle/AlphaBlended' not found
Refreshing native plugins compatible for Editor in 36.81 ms, found 9 plugins.
Preloading 0 native plugins for Editor in 0.00 ms.
Unloading 8779 Unused Serialized files (Serialized files now loaded: 0)
Unloading 99 unused Assets / (1.2 MB). Loaded Objects now: 9586.
Memory consumption went from 407.0 MB to 405.8 MB.
Total: 39.469600 ms (FindLiveObjects: 1.223300 ms CreateObjectMapping: 1.274600 ms MarkObjects: 35.430500 ms  DeleteObjects: 1.538300 ms)

Prepare: number of updated asset objects reloaded= 0
AssetImportParameters requested are different than current active one (requested -> active):
  custom:container-demuxer-ogg: 62fdf1f143b41e24485cea50d1cbac27 -> 
  custom:framework-win-MediaFoundation: 216162199b28c13a410421893ffa2e32 -> 
  custom:container-muxer-webm: aa71ff27fc2769a1b78a27578f13a17b -> 
  custom:video-decoder-webm-vp8: 9c59270c3fd7afecdb556c50c9e8de78 -> 
  custom:SearchIndexIgnoredProperties: e643bd26f0fe6173181afceb89e7c659 -> 
  custom:AudioImporter_EditorPlatform: d09bf68614088b80899f8185d706f6e7 -> 
  custom:audio-decoder-ogg-vorbis: bf7c407c2cedff20999df2af8eb42d56 -> 
  custom:audio-encoder-webm-vorbis: bf7c407c2cedff20999df2af8eb42d56 -> 
  custom:video-codec-MediaFoundation-h265: 746d11721c4dcdbdad8f713fa42b33f4 -> 
  custom:video-decoder-ogg-theora: a1e56fd34408186e4bbccfd4996cb3dc -> 
  custom:CustomObjectIndexerAttribute: 72b91833f83ae208fae7752999fa3104 -> 
  custom:container-demuxer-webm: 4f35f7cbe854078d1ac9338744f61a02 -> 
  custom:video-encoder-webm-vp8: eb34c28f22e8b96e1ab97ce403110664 -> 
========================================================================
Received Import Request.
  Time since last request: 357.693433 seconds.
  path: Assets/_TM02-FOREST/Assets/Environment/Packs/Game-Asset-Art-Carol-Salvato/Game-Asset-Carol-Salvato/cave-bg-01-completo.png
  artifactKey: Guid(0a16fea71c281d8438bae7a6c0200c94) Importer(815301076,1909f56bfc062723c751e8b465ee728b)
Start importing Assets/_TM02-FOREST/Assets/Environment/Packs/Game-Asset-Art-Carol-Salvato/Game-Asset-Carol-Salvato/cave-bg-01-completo.png using Guid(0a16fea71c281d8438bae7a6c0200c94) Importer(815301076,1909f56bfc062723c751e8b465ee728b)  -> (artifact id: 'babfce905dd8c6f2cee27d07dd0ce636') in 0.100016 seconds
Number of updated asset objects reloaded before import = 0
Number of asset objects unloaded after import = 3
========================================================================
Received Prepare
Begin MonoManager ReloadAssembly
Symbol file LoadedFromMemory is not a mono symbol file
- Loaded All Assemblies, in  0.735 seconds
Refreshing native plugins compatible for Editor in 8.90 ms, found 9 plugins.
Native extension for WindowsStandalone target not found
Native extension for iOS target not found
Native extension for Android target not found
[Package Manager] Server::EnsureServerProcessIsRunning -- launch failed, reason: Unity was launched with the -noUpm command-line argument
[Package Manager] UpmClient::Send -- Unable to send message (not connected to UPM process).
[Package Manager] Cannot connect to Unity Package Manager local server
Mono: successfully reloaded assembly
- Finished resetting the current domain, in  3.808 seconds
Domain Reload Profiling: 4543ms
	BeginReloadAssembly (196ms)
		ExecutionOrderSort (0ms)
		DisableScriptedObjects (11ms)
		BackupInstance (0ms)
		ReleaseScriptingObjects (0ms)
		CreateAndSetChildDomain (76ms)
	RebuildCommonClasses (24ms)
	RebuildNativeTypeToScriptingClass (9ms)
	initialDomainReloadingComplete (32ms)
	LoadAllAssembliesAndSetupDomain (473ms)
		LoadAssemblies (506ms)
		RebuildTransferFunctionScriptingTraits (0ms)
		AnalyzeDomain (41ms)
			TypeCache.Refresh (13ms)
				TypeCache.ScanAssembly (0ms)
			ScanForSourceGeneratedMonoScriptInfo (0ms)
			ResolveRequiredComponents (25ms)
	FinalizeReload (3809ms)
		ReleaseScriptCaches (0ms)
		RebuildScriptCaches (0ms)
		SetupLoadedEditorAssemblies (1856ms)
			LogAssemblyErrors (0ms)
			InitializePlatformSupportModulesInManaged (29ms)
			SetLoadedEditorAssemblies (6ms)
			RefreshPlugins (0ms)
			BeforeProcessingInitializeOnLoad (193ms)
			ProcessInitializeOnLoadAttributes (1197ms)
			ProcessInitializeOnLoadMethodAttributes (429ms)
			AfterProcessingInitializeOnLoad (2ms)
			EditorAssembliesLoaded (1ms)
		ExecutionOrderSort2 (0ms)
		AwakeInstancesAfterBackupRestoration (21ms)
Shader 'MoreMountains/MMRipple': fallback shader 'Particle/AlphaBlended' not found
Refreshing native plugins compatible for Editor in 17.89 ms, found 9 plugins.
Preloading 0 native plugins for Editor in 0.00 ms.
Unloading 8779 Unused Serialized files (Serialized files now loaded: 0)
Unloading 99 unused Assets / (1.3 MB). Loaded Objects now: 9601.
Memory consumption went from 398.0 MB to 396.7 MB.
Total: 34.418300 ms (FindLiveObjects: 1.211800 ms CreateObjectMapping: 1.424500 ms MarkObjects: 29.044700 ms  DeleteObjects: 2.732300 ms)

Prepare: number of updated asset objects reloaded= 0
AssetImportParameters requested are different than current active one (requested -> active):
  custom:container-demuxer-ogg: 62fdf1f143b41e24485cea50d1cbac27 -> 
  custom:framework-win-MediaFoundation: 216162199b28c13a410421893ffa2e32 -> 
  custom:container-muxer-webm: aa71ff27fc2769a1b78a27578f13a17b -> 
  custom:video-decoder-webm-vp8: 9c59270c3fd7afecdb556c50c9e8de78 -> 
  custom:SearchIndexIgnoredProperties: e643bd26f0fe6173181afceb89e7c659 -> 
  custom:AudioImporter_EditorPlatform: d09bf68614088b80899f8185d706f6e7 -> 
  custom:audio-decoder-ogg-vorbis: bf7c407c2cedff20999df2af8eb42d56 -> 
  custom:audio-encoder-webm-vorbis: bf7c407c2cedff20999df2af8eb42d56 -> 
  custom:video-codec-MediaFoundation-h265: 746d11721c4dcdbdad8f713fa42b33f4 -> 
  custom:video-decoder-ogg-theora: a1e56fd34408186e4bbccfd4996cb3dc -> 
  custom:CustomObjectIndexerAttribute: 72b91833f83ae208fae7752999fa3104 -> 
  custom:container-demuxer-webm: 4f35f7cbe854078d1ac9338744f61a02 -> 
  custom:video-encoder-webm-vp8: eb34c28f22e8b96e1ab97ce403110664 -> 
========================================================================
Received Import Request.
  Time since last request: 84.194838 seconds.
  path: Assets/_TM02-FOREST/Prefabs/Environments/Plants/Mushroom 1.prefab
  artifactKey: Guid(2298771100c1a374396a21d2106d9b62) Importer(815301076,1909f56bfc062723c751e8b465ee728b)
Start importing Assets/_TM02-FOREST/Prefabs/Environments/Plants/Mushroom 1.prefab using Guid(2298771100c1a374396a21d2106d9b62) Importer(815301076,1909f56bfc062723c751e8b465ee728b)  -> (artifact id: '9b84ce9ad4e0682bd35f2591b00bf52c') in 0.399521 seconds
Number of updated asset objects reloaded before import = 0
Number of asset objects unloaded after import = 41
========================================================================
Received Import Request.
  Time since last request: 6.081768 seconds.
  path: Assets/_TM02-FOREST/Prefabs/Environments/Plants/Mushroom 1.prefab
  artifactKey: Guid(2298771100c1a374396a21d2106d9b62) Importer(815301076,1909f56bfc062723c751e8b465ee728b)
Start importing Assets/_TM02-FOREST/Prefabs/Environments/Plants/Mushroom 1.prefab using Guid(2298771100c1a374396a21d2106d9b62) Importer(815301076,1909f56bfc062723c751e8b465ee728b)  -> (artifact id: '2f2e666aaf347b067edc7c9e414d095e') in 0.017133 seconds
Number of updated asset objects reloaded before import = 0
Number of asset objects unloaded after import = 24
========================================================================
Received Import Request.
  Time since last request: 0.005379 seconds.
  path: Assets/_TM02-FOREST/Prefabs/Environments/Plants/Mushroom 2.prefab
  artifactKey: Guid(5eca918de5e412641a257ceccb51364e) Importer(815301076,1909f56bfc062723c751e8b465ee728b)
Start importing Assets/_TM02-FOREST/Prefabs/Environments/Plants/Mushroom 2.prefab using Guid(5eca918de5e412641a257ceccb51364e) Importer(815301076,1909f56bfc062723c751e8b465ee728b)  -> (artifact id: '94b3b3b1cdc3a5e2e0a15c731fa25621') in 0.028836 seconds
Number of updated asset objects reloaded before import = 0
Number of asset objects unloaded after import = 24
========================================================================
Received Import Request.
  Time since last request: 2.996151 seconds.
  path: Assets/_TM02-FOREST/Prefabs/Environments/Plants/Mushroom 3.prefab
  artifactKey: Guid(16172a2b197ae45478308ee1de7ba9eb) Importer(815301076,1909f56bfc062723c751e8b465ee728b)
Start importing Assets/_TM02-FOREST/Prefabs/Environments/Plants/Mushroom 3.prefab using Guid(16172a2b197ae45478308ee1de7ba9eb) Importer(815301076,1909f56bfc062723c751e8b465ee728b)  -> (artifact id: 'd6cc4610fb02e93eaf8ecef32624d73f') in 0.028192 seconds
Number of updated asset objects reloaded before import = 0
Number of asset objects unloaded after import = 24
========================================================================
Received Import Request.
  Time since last request: 1.616807 seconds.
  path: Assets/_TM02-FOREST/Prefabs/Environments/Plants/Mushroom 4.prefab
  artifactKey: Guid(5d7275e739047aa418ca29c6396637b4) Importer(815301076,1909f56bfc062723c751e8b465ee728b)
Start importing Assets/_TM02-FOREST/Prefabs/Environments/Plants/Mushroom 4.prefab using Guid(5d7275e739047aa418ca29c6396637b4) Importer(815301076,1909f56bfc062723c751e8b465ee728b)  -> (artifact id: '801ea8ce89738d14134c17469775a001') in 0.028831 seconds
Number of updated asset objects reloaded before import = 0
Number of asset objects unloaded after import = 24
========================================================================
Received Import Request.
  Time since last request: 1.933764 seconds.
  path: Assets/_TM02-FOREST/Prefabs/Environments/Plants/Mushroom 5.prefab
  artifactKey: Guid(4ed8f8089149c71409dae62e68c319cd) Importer(815301076,1909f56bfc062723c751e8b465ee728b)
Start importing Assets/_TM02-FOREST/Prefabs/Environments/Plants/Mushroom 5.prefab using Guid(4ed8f8089149c71409dae62e68c319cd) Importer(815301076,1909f56bfc062723c751e8b465ee728b)  -> (artifact id: 'db1e1e7894237eb6201cd97a215122ab') in 0.030712 seconds
Number of updated asset objects reloaded before import = 0
Number of asset objects unloaded after import = 27
========================================================================
Received Import Request.
  Time since last request: 1.976924 seconds.
  path: Assets/_TM02-FOREST/Prefabs/Environments/Plants/Mushroom 5.prefab
  artifactKey: Guid(4ed8f8089149c71409dae62e68c319cd) Importer(815301076,1909f56bfc062723c751e8b465ee728b)
Start importing Assets/_TM02-FOREST/Prefabs/Environments/Plants/Mushroom 5.prefab using Guid(4ed8f8089149c71409dae62e68c319cd) Importer(815301076,1909f56bfc062723c751e8b465ee728b)  -> (artifact id: '9b18500fe99dedd612e2db185e88f487') in 0.028224 seconds
Number of updated asset objects reloaded before import = 0
Number of asset objects unloaded after import = 27
========================================================================
Received Import Request.
  Time since last request: 0.610958 seconds.
  path: Assets/_TM02-FOREST/Prefabs/Environments/Plants/Mushroom 6.prefab
  artifactKey: Guid(9e186739e96ea1e4bada145fbdbf4bde) Importer(815301076,1909f56bfc062723c751e8b465ee728b)
Start importing Assets/_TM02-FOREST/Prefabs/Environments/Plants/Mushroom 6.prefab using Guid(9e186739e96ea1e4bada145fbdbf4bde) Importer(815301076,1909f56bfc062723c751e8b465ee728b)  -> (artifact id: 'a5d80eaf5d1e07c63dcc188898876124') in 0.025389 seconds
Number of updated asset objects reloaded before import = 0
Number of asset objects unloaded after import = 30
========================================================================
Received Import Request.
  Time since last request: 2.557745 seconds.
  path: Assets/_TM02-FOREST/Prefabs/Environments/Plants/Mushroom 7.prefab
  artifactKey: Guid(ea3f7ecd303b7d74a882c5eea5a92370) Importer(815301076,1909f56bfc062723c751e8b465ee728b)
Start importing Assets/_TM02-FOREST/Prefabs/Environments/Plants/Mushroom 7.prefab using Guid(ea3f7ecd303b7d74a882c5eea5a92370) Importer(815301076,1909f56bfc062723c751e8b465ee728b)  -> (artifact id: '19ec005131fd4ab69a1c98e324f1fb5b') in 0.033103 seconds
Number of updated asset objects reloaded before import = 0
Number of asset objects unloaded after import = 24
========================================================================
Received Import Request.
  Time since last request: 1.867301 seconds.
  path: Assets/_TM02-FOREST/Prefabs/Environments/Plants/Mushroom 8.prefab
  artifactKey: Guid(625fd983333ba0c479a345243b534cf8) Importer(815301076,1909f56bfc062723c751e8b465ee728b)
Start importing Assets/_TM02-FOREST/Prefabs/Environments/Plants/Mushroom 8.prefab using Guid(625fd983333ba0c479a345243b534cf8) Importer(815301076,1909f56bfc062723c751e8b465ee728b)  -> (artifact id: '88e338c80c34d52aba751a09913b72df') in 0.027727 seconds
Number of updated asset objects reloaded before import = 0
Number of asset objects unloaded after import = 24
========================================================================
Received Prepare
Begin MonoManager ReloadAssembly
Symbol file LoadedFromMemory is not a mono symbol file
- Loaded All Assemblies, in  3.129 seconds
Refreshing native plugins compatible for Editor in 12.05 ms, found 9 plugins.
Native extension for WindowsStandalone target not found
Native extension for iOS target not found
Native extension for Android target not found
[Package Manager] Server::EnsureServerProcessIsRunning -- launch failed, reason: Unity was launched with the -noUpm command-line argument
[Package Manager] UpmClient::Send -- Unable to send message (not connected to UPM process).
[Package Manager] Cannot connect to Unity Package Manager local server
Mono: successfully reloaded assembly
- Finished resetting the current domain, in  5.179 seconds
Domain Reload Profiling: 8309ms
	BeginReloadAssembly (933ms)
		ExecutionOrderSort (0ms)
		DisableScriptedObjects (79ms)
		BackupInstance (0ms)
		ReleaseScriptingObjects (0ms)
		CreateAndSetChildDomain (358ms)
	RebuildCommonClasses (128ms)
	RebuildNativeTypeToScriptingClass (13ms)
	initialDomainReloadingComplete (148ms)
	LoadAllAssembliesAndSetupDomain (1907ms)
		LoadAssemblies (2251ms)
		RebuildTransferFunctionScriptingTraits (0ms)
		AnalyzeDomain (40ms)
			TypeCache.Refresh (11ms)
				TypeCache.ScanAssembly (0ms)
			ScanForSourceGeneratedMonoScriptInfo (1ms)
			ResolveRequiredComponents (25ms)
	FinalizeReload (5180ms)
		ReleaseScriptCaches (0ms)
		RebuildScriptCaches (0ms)
		SetupLoadedEditorAssemblies (2126ms)
			LogAssemblyErrors (0ms)
			InitializePlatformSupportModulesInManaged (41ms)
			SetLoadedEditorAssemblies (11ms)
			RefreshPlugins (0ms)
			BeforeProcessingInitializeOnLoad (222ms)
			ProcessInitializeOnLoadAttributes (1374ms)
			ProcessInitializeOnLoadMethodAttributes (475ms)
			AfterProcessingInitializeOnLoad (1ms)
			EditorAssembliesLoaded (1ms)
		ExecutionOrderSort2 (0ms)
		AwakeInstancesAfterBackupRestoration (25ms)
Shader 'MoreMountains/MMRipple': fallback shader 'Particle/AlphaBlended' not found
Refreshing native plugins compatible for Editor in 11.25 ms, found 9 plugins.
Preloading 0 native plugins for Editor in 0.00 ms.
Unloading 8779 Unused Serialized files (Serialized files now loaded: 0)
Unloading 99 unused Assets / (1.3 MB). Loaded Objects now: 9659.
Memory consumption went from 400.0 MB to 398.8 MB.
Total: 26.554900 ms (FindLiveObjects: 0.718900 ms CreateObjectMapping: 0.403000 ms MarkObjects: 24.772700 ms  DeleteObjects: 0.657100 ms)

Prepare: number of updated asset objects reloaded= 0
AssetImportParameters requested are different than current active one (requested -> active):
  custom:container-demuxer-ogg: 62fdf1f143b41e24485cea50d1cbac27 -> 
  custom:framework-win-MediaFoundation: 216162199b28c13a410421893ffa2e32 -> 
  custom:container-muxer-webm: aa71ff27fc2769a1b78a27578f13a17b -> 
  custom:video-decoder-webm-vp8: 9c59270c3fd7afecdb556c50c9e8de78 -> 
  custom:SearchIndexIgnoredProperties: e643bd26f0fe6173181afceb89e7c659 -> 
  custom:AudioImporter_EditorPlatform: d09bf68614088b80899f8185d706f6e7 -> 
  custom:audio-decoder-ogg-vorbis: bf7c407c2cedff20999df2af8eb42d56 -> 
  custom:audio-encoder-webm-vorbis: bf7c407c2cedff20999df2af8eb42d56 -> 
  custom:video-codec-MediaFoundation-h265: 746d11721c4dcdbdad8f713fa42b33f4 -> 
  custom:video-decoder-ogg-theora: a1e56fd34408186e4bbccfd4996cb3dc -> 
  custom:CustomObjectIndexerAttribute: 72b91833f83ae208fae7752999fa3104 -> 
  custom:container-demuxer-webm: 4f35f7cbe854078d1ac9338744f61a02 -> 
  custom:video-encoder-webm-vp8: eb34c28f22e8b96e1ab97ce403110664 -> 
========================================================================
Received Import Request.
  Time since last request: 105.376109 seconds.
  path: Assets/_TM02-FOREST/Prefabs/Particle/FireFly.prefab
  artifactKey: Guid(4ccac8b0eee361243906a3e91fb2a610) Importer(815301076,1909f56bfc062723c751e8b465ee728b)
Start importing Assets/_TM02-FOREST/Prefabs/Particle/FireFly.prefab using Guid(4ccac8b0eee361243906a3e91fb2a610) Importer(815301076,1909f56bfc062723c751e8b465ee728b)  -> (artifact id: '649a83971260ab46fdb7e530911df341') in 0.352936 seconds
Number of updated asset objects reloaded before import = 0
Number of asset objects unloaded after import = 27
========================================================================
Received Import Request.
  Time since last request: 29.609296 seconds.
  path: Assets/_TM02-FOREST/Prefabs/Environments/Plants/Mushroom 8.prefab
  artifactKey: Guid(625fd983333ba0c479a345243b534cf8) Importer(815301076,1909f56bfc062723c751e8b465ee728b)
Start importing Assets/_TM02-FOREST/Prefabs/Environments/Plants/Mushroom 8.prefab using Guid(625fd983333ba0c479a345243b534cf8) Importer(815301076,1909f56bfc062723c751e8b465ee728b)  -> (artifact id: '5d4b649d2894c49b63716f169f04bdda') in 0.029195 seconds
Number of updated asset objects reloaded before import = 0
Number of asset objects unloaded after import = 24
========================================================================
Received Import Request.
  Time since last request: 1.097477 seconds.
  path: Assets/_TM02-FOREST/Prefabs/Environments/Plants/Mushroom 6.prefab
  artifactKey: Guid(9e186739e96ea1e4bada145fbdbf4bde) Importer(815301076,1909f56bfc062723c751e8b465ee728b)
Start importing Assets/_TM02-FOREST/Prefabs/Environments/Plants/Mushroom 6.prefab using Guid(9e186739e96ea1e4bada145fbdbf4bde) Importer(815301076,1909f56bfc062723c751e8b465ee728b)  -> (artifact id: 'a5c62b4a8cf3a824bd3e1a003fd32091') in 0.030549 seconds
Number of updated asset objects reloaded before import = 0
Number of asset objects unloaded after import = 30
========================================================================
Received Import Request.
  Time since last request: 0.509925 seconds.
  path: Assets/_TM02-FOREST/Prefabs/Environments/Plants/Mushroom 5.prefab
  artifactKey: Guid(4ed8f8089149c71409dae62e68c319cd) Importer(815301076,1909f56bfc062723c751e8b465ee728b)
Start importing Assets/_TM02-FOREST/Prefabs/Environments/Plants/Mushroom 5.prefab using Guid(4ed8f8089149c71409dae62e68c319cd) Importer(815301076,1909f56bfc062723c751e8b465ee728b)  -> (artifact id: 'b206227757564af3f3d5ba96aabac9d8') in 0.026638 seconds
Number of updated asset objects reloaded before import = 0
Number of asset objects unloaded after import = 27
========================================================================
Received Prepare
Begin MonoManager ReloadAssembly
Symbol file LoadedFromMemory is not a mono symbol file
- Loaded All Assemblies, in  1.349 seconds
Refreshing native plugins compatible for Editor in 16.08 ms, found 9 plugins.
Native extension for WindowsStandalone target not found
Native extension for iOS target not found
Native extension for Android target not found
[Package Manager] Server::EnsureServerProcessIsRunning -- launch failed, reason: Unity was launched with the -noUpm command-line argument
[Package Manager] UpmClient::Send -- Unable to send message (not connected to UPM process).
[Package Manager] Cannot connect to Unity Package Manager local server
Mono: successfully reloaded assembly
- Finished resetting the current domain, in  4.013 seconds
Domain Reload Profiling: 5358ms
	BeginReloadAssembly (448ms)
		ExecutionOrderSort (0ms)
		DisableScriptedObjects (23ms)
		BackupInstance (0ms)
		ReleaseScriptingObjects (0ms)
		CreateAndSetChildDomain (208ms)
	RebuildCommonClasses (62ms)
	RebuildNativeTypeToScriptingClass (21ms)
	initialDomainReloadingComplete (67ms)
	LoadAllAssembliesAndSetupDomain (746ms)
		LoadAssemblies (857ms)
		RebuildTransferFunctionScriptingTraits (0ms)
		AnalyzeDomain (48ms)
			TypeCache.Refresh (19ms)
				TypeCache.ScanAssembly (0ms)
			ScanForSourceGeneratedMonoScriptInfo (0ms)
			ResolveRequiredComponents (25ms)
	FinalizeReload (4013ms)
		ReleaseScriptCaches (0ms)
		RebuildScriptCaches (0ms)
		SetupLoadedEditorAssemblies (1823ms)
			LogAssemblyErrors (0ms)
			InitializePlatformSupportModulesInManaged (29ms)
			SetLoadedEditorAssemblies (11ms)
			RefreshPlugins (0ms)
			BeforeProcessingInitializeOnLoad (180ms)
			ProcessInitializeOnLoadAttributes (1142ms)
			ProcessInitializeOnLoadMethodAttributes (458ms)
			AfterProcessingInitializeOnLoad (2ms)
			EditorAssembliesLoaded (1ms)
		ExecutionOrderSort2 (0ms)
		AwakeInstancesAfterBackupRestoration (27ms)
Shader 'MoreMountains/MMRipple': fallback shader 'Particle/AlphaBlended' not found
Refreshing native plugins compatible for Editor in 28.74 ms, found 9 plugins.
Preloading 0 native plugins for Editor in 0.00 ms.
Unloading 8779 Unused Serialized files (Serialized files now loaded: 0)
Unloading 99 unused Assets / (1.1 MB). Loaded Objects now: 9711.
Memory consumption went from 402.0 MB to 400.9 MB.
Total: 37.928300 ms (FindLiveObjects: 1.195300 ms CreateObjectMapping: 1.363000 ms MarkObjects: 33.978300 ms  DeleteObjects: 1.357700 ms)

Prepare: number of updated asset objects reloaded= 0
AssetImportParameters requested are different than current active one (requested -> active):
  custom:container-demuxer-ogg: 62fdf1f143b41e24485cea50d1cbac27 -> 
  custom:framework-win-MediaFoundation: 216162199b28c13a410421893ffa2e32 -> 
  custom:container-muxer-webm: aa71ff27fc2769a1b78a27578f13a17b -> 
  custom:video-decoder-webm-vp8: 9c59270c3fd7afecdb556c50c9e8de78 -> 
  custom:SearchIndexIgnoredProperties: e643bd26f0fe6173181afceb89e7c659 -> 
  custom:AudioImporter_EditorPlatform: d09bf68614088b80899f8185d706f6e7 -> 
  custom:audio-decoder-ogg-vorbis: bf7c407c2cedff20999df2af8eb42d56 -> 
  custom:audio-encoder-webm-vorbis: bf7c407c2cedff20999df2af8eb42d56 -> 
  custom:video-codec-MediaFoundation-h265: 746d11721c4dcdbdad8f713fa42b33f4 -> 
  custom:video-decoder-ogg-theora: a1e56fd34408186e4bbccfd4996cb3dc -> 
  custom:CustomObjectIndexerAttribute: 72b91833f83ae208fae7752999fa3104 -> 
  custom:container-demuxer-webm: 4f35f7cbe854078d1ac9338744f61a02 -> 
  custom:video-encoder-webm-vp8: eb34c28f22e8b96e1ab97ce403110664 -> 
========================================================================
Received Prepare
Begin MonoManager ReloadAssembly
Symbol file LoadedFromMemory is not a mono symbol file
- Loaded All Assemblies, in  1.542 seconds
Refreshing native plugins compatible for Editor in 22.65 ms, found 9 plugins.
Native extension for WindowsStandalone target not found
Native extension for iOS target not found
Native extension for Android target not found
[Package Manager] Server::EnsureServerProcessIsRunning -- launch failed, reason: Unity was launched with the -noUpm command-line argument
[Package Manager] UpmClient::Send -- Unable to send message (not connected to UPM process).
[Package Manager] Cannot connect to Unity Package Manager local server
Mono: successfully reloaded assembly
- Finished resetting the current domain, in  4.774 seconds
Domain Reload Profiling: 6314ms
	BeginReloadAssembly (356ms)
		ExecutionOrderSort (0ms)
		DisableScriptedObjects (22ms)
		BackupInstance (0ms)
		ReleaseScriptingObjects (1ms)
		CreateAndSetChildDomain (114ms)
	RebuildCommonClasses (61ms)
	RebuildNativeTypeToScriptingClass (24ms)
	initialDomainReloadingComplete (68ms)
	LoadAllAssembliesAndSetupDomain (1030ms)
		LoadAssemblies (1111ms)
		RebuildTransferFunctionScriptingTraits (0ms)
		AnalyzeDomain (76ms)
			TypeCache.Refresh (25ms)
				TypeCache.ScanAssembly (0ms)
			ScanForSourceGeneratedMonoScriptInfo (1ms)
			ResolveRequiredComponents (47ms)
	FinalizeReload (4775ms)
		ReleaseScriptCaches (0ms)
		RebuildScriptCaches (0ms)
		SetupLoadedEditorAssemblies (2028ms)
			LogAssemblyErrors (0ms)
			InitializePlatformSupportModulesInManaged (41ms)
			SetLoadedEditorAssemblies (9ms)
			RefreshPlugins (0ms)
			BeforeProcessingInitializeOnLoad (205ms)
			ProcessInitializeOnLoadAttributes (1283ms)
			ProcessInitializeOnLoadMethodAttributes (487ms)
			AfterProcessingInitializeOnLoad (2ms)
			EditorAssembliesLoaded (1ms)
		ExecutionOrderSort2 (0ms)
		AwakeInstancesAfterBackupRestoration (26ms)
Shader 'MoreMountains/MMRipple': fallback shader 'Particle/AlphaBlended' not found
Refreshing native plugins compatible for Editor in 27.74 ms, found 9 plugins.
Preloading 0 native plugins for Editor in 0.00 ms.
Unloading 8779 Unused Serialized files (Serialized files now loaded: 0)
Unloading 99 unused Assets / (1.1 MB). Loaded Objects now: 9726.
Memory consumption went from 415.2 MB to 414.0 MB.
Total: 67.532300 ms (FindLiveObjects: 2.164700 ms CreateObjectMapping: 3.936800 ms MarkObjects: 59.791000 ms  DeleteObjects: 1.637700 ms)

Prepare: number of updated asset objects reloaded= 0
AssetImportParameters requested are different than current active one (requested -> active):
  custom:container-demuxer-ogg: 62fdf1f143b41e24485cea50d1cbac27 -> 
  custom:framework-win-MediaFoundation: 216162199b28c13a410421893ffa2e32 -> 
  custom:container-muxer-webm: aa71ff27fc2769a1b78a27578f13a17b -> 
  custom:video-decoder-webm-vp8: 9c59270c3fd7afecdb556c50c9e8de78 -> 
  custom:SearchIndexIgnoredProperties: e643bd26f0fe6173181afceb89e7c659 -> 
  custom:AudioImporter_EditorPlatform: d09bf68614088b80899f8185d706f6e7 -> 
  custom:audio-decoder-ogg-vorbis: bf7c407c2cedff20999df2af8eb42d56 -> 
  custom:audio-encoder-webm-vorbis: bf7c407c2cedff20999df2af8eb42d56 -> 
  custom:video-codec-MediaFoundation-h265: 746d11721c4dcdbdad8f713fa42b33f4 -> 
  custom:video-decoder-ogg-theora: a1e56fd34408186e4bbccfd4996cb3dc -> 
  custom:CustomObjectIndexerAttribute: 72b91833f83ae208fae7752999fa3104 -> 
  custom:container-demuxer-webm: 4f35f7cbe854078d1ac9338744f61a02 -> 
  custom:video-encoder-webm-vp8: eb34c28f22e8b96e1ab97ce403110664 -> 
========================================================================
Received Prepare
Begin MonoManager ReloadAssembly
Symbol file LoadedFromMemory is not a mono symbol file
- Loaded All Assemblies, in  0.768 seconds
Refreshing native plugins compatible for Editor in 7.82 ms, found 9 plugins.
Native extension for WindowsStandalone target not found
Native extension for iOS target not found
Native extension for Android target not found
[Package Manager] Server::EnsureServerProcessIsRunning -- launch failed, reason: Unity was launched with the -noUpm command-line argument
[Package Manager] UpmClient::Send -- Unable to send message (not connected to UPM process).
[Package Manager] Cannot connect to Unity Package Manager local server
Mono: successfully reloaded assembly
- Finished resetting the current domain, in  3.604 seconds
Domain Reload Profiling: 4371ms
	BeginReloadAssembly (217ms)
		ExecutionOrderSort (0ms)
		DisableScriptedObjects (16ms)
		BackupInstance (0ms)
		ReleaseScriptingObjects (0ms)
		CreateAndSetChildDomain (85ms)
	RebuildCommonClasses (28ms)
	RebuildNativeTypeToScriptingClass (13ms)
	initialDomainReloadingComplete (31ms)
	LoadAllAssembliesAndSetupDomain (477ms)
		LoadAssemblies (519ms)
		RebuildTransferFunctionScriptingTraits (0ms)
		AnalyzeDomain (33ms)
			TypeCache.Refresh (10ms)
				TypeCache.ScanAssembly (0ms)
			ScanForSourceGeneratedMonoScriptInfo (0ms)
			ResolveRequiredComponents (20ms)
	FinalizeReload (3604ms)
		ReleaseScriptCaches (0ms)
		RebuildScriptCaches (0ms)
		SetupLoadedEditorAssemblies (1739ms)
			LogAssemblyErrors (0ms)
			InitializePlatformSupportModulesInManaged (32ms)
			SetLoadedEditorAssemblies (8ms)
			RefreshPlugins (0ms)
			BeforeProcessingInitializeOnLoad (198ms)
			ProcessInitializeOnLoadAttributes (1108ms)
			ProcessInitializeOnLoadMethodAttributes (391ms)
			AfterProcessingInitializeOnLoad (1ms)
			EditorAssembliesLoaded (1ms)
		ExecutionOrderSort2 (0ms)
		AwakeInstancesAfterBackupRestoration (24ms)
Shader 'MoreMountains/MMRipple': fallback shader 'Particle/AlphaBlended' not found
Refreshing native plugins compatible for Editor in 15.69 ms, found 9 plugins.
Preloading 0 native plugins for Editor in 0.00 ms.
Unloading 8779 Unused Serialized files (Serialized files now loaded: 0)
Unloading 99 unused Assets / (1.1 MB). Loaded Objects now: 9741.
Memory consumption went from 417.0 MB to 415.9 MB.
Total: 37.648700 ms (FindLiveObjects: 0.917800 ms CreateObjectMapping: 1.550900 ms MarkObjects: 33.519900 ms  DeleteObjects: 1.658400 ms)

Prepare: number of updated asset objects reloaded= 0
AssetImportParameters requested are different than current active one (requested -> active):
  custom:container-demuxer-ogg: 62fdf1f143b41e24485cea50d1cbac27 -> 
  custom:framework-win-MediaFoundation: 216162199b28c13a410421893ffa2e32 -> 
  custom:container-muxer-webm: aa71ff27fc2769a1b78a27578f13a17b -> 
  custom:video-decoder-webm-vp8: 9c59270c3fd7afecdb556c50c9e8de78 -> 
  custom:SearchIndexIgnoredProperties: e643bd26f0fe6173181afceb89e7c659 -> 
  custom:AudioImporter_EditorPlatform: d09bf68614088b80899f8185d706f6e7 -> 
  custom:audio-decoder-ogg-vorbis: bf7c407c2cedff20999df2af8eb42d56 -> 
  custom:audio-encoder-webm-vorbis: bf7c407c2cedff20999df2af8eb42d56 -> 
  custom:video-codec-MediaFoundation-h265: 746d11721c4dcdbdad8f713fa42b33f4 -> 
  custom:video-decoder-ogg-theora: a1e56fd34408186e4bbccfd4996cb3dc -> 
  custom:CustomObjectIndexerAttribute: 72b91833f83ae208fae7752999fa3104 -> 
  custom:container-demuxer-webm: 4f35f7cbe854078d1ac9338744f61a02 -> 
  custom:video-encoder-webm-vp8: eb34c28f22e8b96e1ab97ce403110664 -> 
========================================================================
Received Prepare
Begin MonoManager ReloadAssembly
Symbol file LoadedFromMemory is not a mono symbol file
- Loaded All Assemblies, in  0.747 seconds
Refreshing native plugins compatible for Editor in 6.96 ms, found 9 plugins.
Native extension for WindowsStandalone target not found
Native extension for iOS target not found
Native extension for Android target not found
[Package Manager] Server::EnsureServerProcessIsRunning -- launch failed, reason: Unity was launched with the -noUpm command-line argument
[Package Manager] UpmClient::Send -- Unable to send message (not connected to UPM process).
[Package Manager] Cannot connect to Unity Package Manager local server
Mono: successfully reloaded assembly
- Finished resetting the current domain, in  3.744 seconds
Domain Reload Profiling: 4491ms
	BeginReloadAssembly (182ms)
		ExecutionOrderSort (0ms)
		DisableScriptedObjects (11ms)
		BackupInstance (0ms)
		ReleaseScriptingObjects (0ms)
		CreateAndSetChildDomain (60ms)
	RebuildCommonClasses (29ms)
	RebuildNativeTypeToScriptingClass (9ms)
	initialDomainReloadingComplete (28ms)
	LoadAllAssembliesAndSetupDomain (499ms)
		LoadAssemblies (538ms)
		RebuildTransferFunctionScriptingTraits (0ms)
		AnalyzeDomain (38ms)
			TypeCache.Refresh (11ms)
				TypeCache.ScanAssembly (0ms)
			ScanForSourceGeneratedMonoScriptInfo (0ms)
			ResolveRequiredComponents (22ms)
	FinalizeReload (3744ms)
		ReleaseScriptCaches (0ms)
		RebuildScriptCaches (0ms)
		SetupLoadedEditorAssemblies (1748ms)
			LogAssemblyErrors (0ms)
			InitializePlatformSupportModulesInManaged (30ms)
			SetLoadedEditorAssemblies (7ms)
			RefreshPlugins (0ms)
			BeforeProcessingInitializeOnLoad (178ms)
			ProcessInitializeOnLoadAttributes (1114ms)
			ProcessInitializeOnLoadMethodAttributes (417ms)
			AfterProcessingInitializeOnLoad (1ms)
			EditorAssembliesLoaded (1ms)
		ExecutionOrderSort2 (0ms)
		AwakeInstancesAfterBackupRestoration (27ms)
Shader 'MoreMountains/MMRipple': fallback shader 'Particle/AlphaBlended' not found
Refreshing native plugins compatible for Editor in 18.38 ms, found 9 plugins.
Preloading 0 native plugins for Editor in 0.00 ms.
Unloading 8779 Unused Serialized files (Serialized files now loaded: 0)
Unloading 99 unused Assets / (1.1 MB). Loaded Objects now: 9756.
Memory consumption went from 407.6 MB to 406.6 MB.
Total: 32.863200 ms (FindLiveObjects: 1.178400 ms CreateObjectMapping: 1.279500 ms MarkObjects: 27.358200 ms  DeleteObjects: 3.044300 ms)

Prepare: number of updated asset objects reloaded= 0
AssetImportParameters requested are different than current active one (requested -> active):
  custom:container-demuxer-ogg: 62fdf1f143b41e24485cea50d1cbac27 -> 
  custom:framework-win-MediaFoundation: 216162199b28c13a410421893ffa2e32 -> 
  custom:container-muxer-webm: aa71ff27fc2769a1b78a27578f13a17b -> 
  custom:video-decoder-webm-vp8: 9c59270c3fd7afecdb556c50c9e8de78 -> 
  custom:SearchIndexIgnoredProperties: e643bd26f0fe6173181afceb89e7c659 -> 
  custom:AudioImporter_EditorPlatform: d09bf68614088b80899f8185d706f6e7 -> 
  custom:audio-decoder-ogg-vorbis: bf7c407c2cedff20999df2af8eb42d56 -> 
  custom:audio-encoder-webm-vorbis: bf7c407c2cedff20999df2af8eb42d56 -> 
  custom:video-codec-MediaFoundation-h265: 746d11721c4dcdbdad8f713fa42b33f4 -> 
  custom:video-decoder-ogg-theora: a1e56fd34408186e4bbccfd4996cb3dc -> 
  custom:CustomObjectIndexerAttribute: 72b91833f83ae208fae7752999fa3104 -> 
  custom:container-demuxer-webm: 4f35f7cbe854078d1ac9338744f61a02 -> 
  custom:video-encoder-webm-vp8: eb34c28f22e8b96e1ab97ce403110664 -> 
========================================================================
Received Import Request.
  Time since last request: 240.331032 seconds.
  path: Assets/_TM02-FOREST/Prefabs/Particle/FireFly.prefab
  artifactKey: Guid(4ccac8b0eee361243906a3e91fb2a610) Importer(815301076,1909f56bfc062723c751e8b465ee728b)
Start importing Assets/_TM02-FOREST/Prefabs/Particle/FireFly.prefab using Guid(4ccac8b0eee361243906a3e91fb2a610) Importer(815301076,1909f56bfc062723c751e8b465ee728b)  -> (artifact id: 'f56c248a9ed051f0fbe6dfe05433d634') in 0.299477 seconds
Number of updated asset objects reloaded before import = 0
Number of asset objects unloaded after import = 27
========================================================================
Received Prepare
Begin MonoManager ReloadAssembly
Symbol file LoadedFromMemory is not a mono symbol file
- Loaded All Assemblies, in  2.055 seconds
Refreshing native plugins compatible for Editor in 19.03 ms, found 9 plugins.
Native extension for WindowsStandalone target not found
Native extension for iOS target not found
Native extension for Android target not found
[Package Manager] Server::EnsureServerProcessIsRunning -- launch failed, reason: Unity was launched with the -noUpm command-line argument
[Package Manager] UpmClient::Send -- Unable to send message (not connected to UPM process).
[Package Manager] Cannot connect to Unity Package Manager local server
Mono: successfully reloaded assembly
- Finished resetting the current domain, in  4.969 seconds
Domain Reload Profiling: 7034ms
	BeginReloadAssembly (372ms)
		ExecutionOrderSort (0ms)
		DisableScriptedObjects (33ms)
		BackupInstance (0ms)
		ReleaseScriptingObjects (0ms)
		CreateAndSetChildDomain (183ms)
	RebuildCommonClasses (27ms)
	RebuildNativeTypeToScriptingClass (9ms)
	initialDomainReloadingComplete (41ms)
	LoadAllAssembliesAndSetupDomain (1616ms)
		LoadAssemblies (1571ms)
		RebuildTransferFunctionScriptingTraits (0ms)
		AnalyzeDomain (122ms)
			TypeCache.Refresh (57ms)
				TypeCache.ScanAssembly (0ms)
			ScanForSourceGeneratedMonoScriptInfo (2ms)
			ResolveRequiredComponents (58ms)
	FinalizeReload (4970ms)
		ReleaseScriptCaches (0ms)
		RebuildScriptCaches (0ms)
		SetupLoadedEditorAssemblies (2386ms)
			LogAssemblyErrors (0ms)
			InitializePlatformSupportModulesInManaged (54ms)
			SetLoadedEditorAssemblies (12ms)
			RefreshPlugins (0ms)
			BeforeProcessingInitializeOnLoad (214ms)
			ProcessInitializeOnLoadAttributes (1370ms)
			ProcessInitializeOnLoadMethodAttributes (731ms)
			AfterProcessingInitializeOnLoad (3ms)
			EditorAssembliesLoaded (2ms)
		ExecutionOrderSort2 (0ms)
		AwakeInstancesAfterBackupRestoration (31ms)
Shader 'MoreMountains/MMRipple': fallback shader 'Particle/AlphaBlended' not found
Refreshing native plugins compatible for Editor in 16.12 ms, found 9 plugins.
Preloading 0 native plugins for Editor in 0.00 ms.
Unloading 8779 Unused Serialized files (Serialized files now loaded: 0)
Unloading 99 unused Assets / (1.2 MB). Loaded Objects now: 9808.
Memory consumption went from 410.0 MB to 408.8 MB.
Total: 35.661100 ms (FindLiveObjects: 1.293500 ms CreateObjectMapping: 0.682800 ms MarkObjects: 31.748500 ms  DeleteObjects: 1.933700 ms)

Prepare: number of updated asset objects reloaded= 0
AssetImportParameters requested are different than current active one (requested -> active):
  custom:container-demuxer-ogg: 62fdf1f143b41e24485cea50d1cbac27 -> 
  custom:framework-win-MediaFoundation: 216162199b28c13a410421893ffa2e32 -> 
  custom:container-muxer-webm: aa71ff27fc2769a1b78a27578f13a17b -> 
  custom:video-decoder-webm-vp8: 9c59270c3fd7afecdb556c50c9e8de78 -> 
  custom:SearchIndexIgnoredProperties: e643bd26f0fe6173181afceb89e7c659 -> 
  custom:AudioImporter_EditorPlatform: d09bf68614088b80899f8185d706f6e7 -> 
  custom:audio-decoder-ogg-vorbis: bf7c407c2cedff20999df2af8eb42d56 -> 
  custom:audio-encoder-webm-vorbis: bf7c407c2cedff20999df2af8eb42d56 -> 
  custom:video-codec-MediaFoundation-h265: 746d11721c4dcdbdad8f713fa42b33f4 -> 
  custom:video-decoder-ogg-theora: a1e56fd34408186e4bbccfd4996cb3dc -> 
  custom:CustomObjectIndexerAttribute: 72b91833f83ae208fae7752999fa3104 -> 
  custom:container-demuxer-webm: 4f35f7cbe854078d1ac9338744f61a02 -> 
  custom:video-encoder-webm-vp8: eb34c28f22e8b96e1ab97ce403110664 -> 
========================================================================
Received Import Request.
  Time since last request: 356.948636 seconds.
  path: Assets/_TM02-FOREST/Prefabs/Particle/FireFly.prefab
  artifactKey: Guid(4ccac8b0eee361243906a3e91fb2a610) Importer(815301076,1909f56bfc062723c751e8b465ee728b)
Start importing Assets/_TM02-FOREST/Prefabs/Particle/FireFly.prefab using Guid(4ccac8b0eee361243906a3e91fb2a610) Importer(815301076,1909f56bfc062723c751e8b465ee728b)  -> (artifact id: '98ca220137777566efc5f9edbba16df2') in 0.278674 seconds
Number of updated asset objects reloaded before import = 0
Number of asset objects unloaded after import = 27
========================================================================
Received Prepare
Begin MonoManager ReloadAssembly
Symbol file LoadedFromMemory is not a mono symbol file
- Loaded All Assemblies, in  0.883 seconds
Refreshing native plugins compatible for Editor in 22.87 ms, found 9 plugins.
Native extension for WindowsStandalone target not found
Native extension for iOS target not found
Native extension for Android target not found
[Package Manager] Server::EnsureServerProcessIsRunning -- launch failed, reason: Unity was launched with the -noUpm command-line argument
[Package Manager] UpmClient::Send -- Unable to send message (not connected to UPM process).
[Package Manager] Cannot connect to Unity Package Manager local server
Mono: successfully reloaded assembly
- Finished resetting the current domain, in  4.161 seconds
Domain Reload Profiling: 5044ms
	BeginReloadAssembly (260ms)
		ExecutionOrderSort (0ms)
		DisableScriptedObjects (18ms)
		BackupInstance (0ms)
		ReleaseScriptingObjects (0ms)
		CreateAndSetChildDomain (89ms)
	RebuildCommonClasses (27ms)
	RebuildNativeTypeToScriptingClass (15ms)
	initialDomainReloadingComplete (26ms)
	LoadAllAssembliesAndSetupDomain (554ms)
		LoadAssemblies (628ms)
		RebuildTransferFunctionScriptingTraits (0ms)
		AnalyzeDomain (43ms)
			TypeCache.Refresh (11ms)
				TypeCache.ScanAssembly (0ms)
			ScanForSourceGeneratedMonoScriptInfo (0ms)
			ResolveRequiredComponents (27ms)
	FinalizeReload (4162ms)
		ReleaseScriptCaches (0ms)
		RebuildScriptCaches (0ms)
		SetupLoadedEditorAssemblies (1831ms)
			LogAssemblyErrors (0ms)
			InitializePlatformSupportModulesInManaged (47ms)
			SetLoadedEditorAssemblies (10ms)
			RefreshPlugins (0ms)
			BeforeProcessingInitializeOnLoad (230ms)
			ProcessInitializeOnLoadAttributes (1194ms)
			ProcessInitializeOnLoadMethodAttributes (347ms)
			AfterProcessingInitializeOnLoad (2ms)
			EditorAssembliesLoaded (1ms)
		ExecutionOrderSort2 (0ms)
		AwakeInstancesAfterBackupRestoration (23ms)
Shader 'MoreMountains/MMRipple': fallback shader 'Particle/AlphaBlended' not found
Refreshing native plugins compatible for Editor in 19.45 ms, found 9 plugins.
Preloading 0 native plugins for Editor in 0.00 ms.
Unloading 8779 Unused Serialized files (Serialized files now loaded: 0)
Unloading 99 unused Assets / (1.2 MB). Loaded Objects now: 9860.
Memory consumption went from 412.2 MB to 410.9 MB.
Total: 29.940600 ms (FindLiveObjects: 0.717400 ms CreateObjectMapping: 0.574700 ms MarkObjects: 27.041700 ms  DeleteObjects: 1.604600 ms)

Prepare: number of updated asset objects reloaded= 0
AssetImportParameters requested are different than current active one (requested -> active):
  custom:container-demuxer-ogg: 62fdf1f143b41e24485cea50d1cbac27 -> 
  custom:framework-win-MediaFoundation: 216162199b28c13a410421893ffa2e32 -> 
  custom:container-muxer-webm: aa71ff27fc2769a1b78a27578f13a17b -> 
  custom:video-decoder-webm-vp8: 9c59270c3fd7afecdb556c50c9e8de78 -> 
  custom:SearchIndexIgnoredProperties: e643bd26f0fe6173181afceb89e7c659 -> 
  custom:AudioImporter_EditorPlatform: d09bf68614088b80899f8185d706f6e7 -> 
  custom:audio-decoder-ogg-vorbis: bf7c407c2cedff20999df2af8eb42d56 -> 
  custom:audio-encoder-webm-vorbis: bf7c407c2cedff20999df2af8eb42d56 -> 
  custom:video-codec-MediaFoundation-h265: 746d11721c4dcdbdad8f713fa42b33f4 -> 
  custom:video-decoder-ogg-theora: a1e56fd34408186e4bbccfd4996cb3dc -> 
  custom:CustomObjectIndexerAttribute: 72b91833f83ae208fae7752999fa3104 -> 
  custom:container-demuxer-webm: 4f35f7cbe854078d1ac9338744f61a02 -> 
  custom:video-encoder-webm-vp8: eb34c28f22e8b96e1ab97ce403110664 -> 
========================================================================
Received Prepare
Begin MonoManager ReloadAssembly
Symbol file LoadedFromMemory is not a mono symbol file
- Loaded All Assemblies, in  0.738 seconds
Refreshing native plugins compatible for Editor in 12.07 ms, found 9 plugins.
Native extension for WindowsStandalone target not found
Native extension for iOS target not found
Native extension for Android target not found
[Package Manager] Server::EnsureServerProcessIsRunning -- launch failed, reason: Unity was launched with the -noUpm command-line argument
[Package Manager] UpmClient::Send -- Unable to send message (not connected to UPM process).
[Package Manager] Cannot connect to Unity Package Manager local server
Mono: successfully reloaded assembly
- Finished resetting the current domain, in  2.409 seconds
Domain Reload Profiling: 3146ms
	BeginReloadAssembly (194ms)
		ExecutionOrderSort (0ms)
		DisableScriptedObjects (10ms)
		BackupInstance (0ms)
		ReleaseScriptingObjects (0ms)
		CreateAndSetChildDomain (65ms)
	RebuildCommonClasses (30ms)
	RebuildNativeTypeToScriptingClass (13ms)
	initialDomainReloadingComplete (36ms)
	LoadAllAssembliesAndSetupDomain (463ms)
		LoadAssemblies (507ms)
		RebuildTransferFunctionScriptingTraits (0ms)
		AnalyzeDomain (40ms)
			TypeCache.Refresh (12ms)
				TypeCache.ScanAssembly (0ms)
			ScanForSourceGeneratedMonoScriptInfo (0ms)
			ResolveRequiredComponents (23ms)
	FinalizeReload (2410ms)
		ReleaseScriptCaches (0ms)
		RebuildScriptCaches (0ms)
		SetupLoadedEditorAssemblies (1505ms)
			LogAssemblyErrors (0ms)
			InitializePlatformSupportModulesInManaged (22ms)
			SetLoadedEditorAssemblies (5ms)
			RefreshPlugins (0ms)
			BeforeProcessingInitializeOnLoad (176ms)
			ProcessInitializeOnLoadAttributes (936ms)
			ProcessInitializeOnLoadMethodAttributes (363ms)
			AfterProcessingInitializeOnLoad (3ms)
			EditorAssembliesLoaded (1ms)
		ExecutionOrderSort2 (0ms)
		AwakeInstancesAfterBackupRestoration (29ms)
Shader 'MoreMountains/MMRipple': fallback shader 'Particle/AlphaBlended' not found
Refreshing native plugins compatible for Editor in 16.78 ms, found 9 plugins.
Preloading 0 native plugins for Editor in 0.00 ms.
Unloading 8779 Unused Serialized files (Serialized files now loaded: 0)
Unloading 99 unused Assets / (1.2 MB). Loaded Objects now: 9875.
Memory consumption went from 414.0 MB to 412.8 MB.
Total: 32.584500 ms (FindLiveObjects: 1.177500 ms CreateObjectMapping: 0.811000 ms MarkObjects: 29.294700 ms  DeleteObjects: 1.298700 ms)

Prepare: number of updated asset objects reloaded= 0
AssetImportParameters requested are different than current active one (requested -> active):
  custom:container-demuxer-ogg: 62fdf1f143b41e24485cea50d1cbac27 -> 
  custom:framework-win-MediaFoundation: 216162199b28c13a410421893ffa2e32 -> 
  custom:container-muxer-webm: aa71ff27fc2769a1b78a27578f13a17b -> 
  custom:video-decoder-webm-vp8: 9c59270c3fd7afecdb556c50c9e8de78 -> 
  custom:SearchIndexIgnoredProperties: e643bd26f0fe6173181afceb89e7c659 -> 
  custom:AudioImporter_EditorPlatform: d09bf68614088b80899f8185d706f6e7 -> 
  custom:audio-decoder-ogg-vorbis: bf7c407c2cedff20999df2af8eb42d56 -> 
  custom:audio-encoder-webm-vorbis: bf7c407c2cedff20999df2af8eb42d56 -> 
  custom:video-codec-MediaFoundation-h265: 746d11721c4dcdbdad8f713fa42b33f4 -> 
  custom:video-decoder-ogg-theora: a1e56fd34408186e4bbccfd4996cb3dc -> 
  custom:CustomObjectIndexerAttribute: 72b91833f83ae208fae7752999fa3104 -> 
  custom:container-demuxer-webm: 4f35f7cbe854078d1ac9338744f61a02 -> 
  custom:video-encoder-webm-vp8: eb34c28f22e8b96e1ab97ce403110664 -> 
========================================================================
Received Import Request.
  Time since last request: 186.050169 seconds.
  path: Assets/_TM02-FOREST/Assets/Environment/Packs/Game-Asset-Art-Carol-Salvato/Game-Asset-Carol-Salvato/cave-bg-04.png
  artifactKey: Guid(905085c2e84bbab49a904d507f76bbee) Importer(815301076,1909f56bfc062723c751e8b465ee728b)
Start importing Assets/_TM02-FOREST/Assets/Environment/Packs/Game-Asset-Art-Carol-Salvato/Game-Asset-Carol-Salvato/cave-bg-04.png using Guid(905085c2e84bbab49a904d507f76bbee) Importer(815301076,1909f56bfc062723c751e8b465ee728b)  -> (artifact id: '8de45d4c9a43b358e34ddb35a8bf69a0') in 0.104915 seconds
Number of updated asset objects reloaded before import = 0
Number of asset objects unloaded after import = 3
========================================================================
Received Import Request.
  Time since last request: 196.929158 seconds.
  path: Assets/_TM02-FOREST/Assets/Environment/Packs/Game-Asset-Art-Carol-Salvato/Game-Asset-Carol-Salvato/cave-bg-01.png
  artifactKey: Guid(08f50d82c8aa24e488eec22ade83dbcb) Importer(815301076,1909f56bfc062723c751e8b465ee728b)
Start importing Assets/_TM02-FOREST/Assets/Environment/Packs/Game-Asset-Art-Carol-Salvato/Game-Asset-Carol-Salvato/cave-bg-01.png using Guid(08f50d82c8aa24e488eec22ade83dbcb) Importer(815301076,1909f56bfc062723c751e8b465ee728b)  -> (artifact id: 'cdd265529806d609468a1ad2ef791d73') in 0.024594 seconds
Number of updated asset objects reloaded before import = 0
Number of asset objects unloaded after import = 3
========================================================================
Received Import Request.
  Time since last request: 7.653235 seconds.
  path: Assets/_TM02-FOREST/Assets/Environment/Packs/Game-Asset-Art-Carol-Salvato/Game-Asset-Carol-Salvato/cave-bg-01.png
  artifactKey: Guid(08f50d82c8aa24e488eec22ade83dbcb) Importer(815301076,1909f56bfc062723c751e8b465ee728b)
Start importing Assets/_TM02-FOREST/Assets/Environment/Packs/Game-Asset-Art-Carol-Salvato/Game-Asset-Carol-Salvato/cave-bg-01.png using Guid(08f50d82c8aa24e488eec22ade83dbcb) Importer(815301076,1909f56bfc062723c751e8b465ee728b)  -> (artifact id: '8a71dfc2a24784cb6ad5cda131c18d1a') in 0.013984 seconds
Number of updated asset objects reloaded before import = 0
Number of asset objects unloaded after import = 3
========================================================================
Received Import Request.
  Time since last request: 6.489431 seconds.
  path: Assets/_TM02-FOREST/Assets/Environment/Packs/Game-Asset-Art-Carol-Salvato/Game-Asset-Carol-Salvato/cave-bg-01.png
  artifactKey: Guid(08f50d82c8aa24e488eec22ade83dbcb) Importer(815301076,1909f56bfc062723c751e8b465ee728b)
Start importing Assets/_TM02-FOREST/Assets/Environment/Packs/Game-Asset-Art-Carol-Salvato/Game-Asset-Carol-Salvato/cave-bg-01.png using Guid(08f50d82c8aa24e488eec22ade83dbcb) Importer(815301076,1909f56bfc062723c751e8b465ee728b)  -> (artifact id: 'a8a461540e2628056f1fa74423293461') in 0.014841 seconds
Number of updated asset objects reloaded before import = 0
Number of asset objects unloaded after import = 3
========================================================================
Received Import Request.
  Time since last request: 6.965827 seconds.
  path: Assets/_TM02-FOREST/Assets/Environment/Packs/Game-Asset-Art-Carol-Salvato/Game-Asset-Carol-Salvato/cave-bg-02.png
  artifactKey: Guid(b8c243e8c839fe042ad5224d9042e991) Importer(815301076,1909f56bfc062723c751e8b465ee728b)
Start importing Assets/_TM02-FOREST/Assets/Environment/Packs/Game-Asset-Art-Carol-Salvato/Game-Asset-Carol-Salvato/cave-bg-02.png using Guid(b8c243e8c839fe042ad5224d9042e991) Importer(815301076,1909f56bfc062723c751e8b465ee728b)  -> (artifact id: '0d6646ea21bb1f47aebd21795d6fd6e7') in 0.014939 seconds
Number of updated asset objects reloaded before import = 0
Number of asset objects unloaded after import = 3
========================================================================
Received Import Request.
  Time since last request: 423.804157 seconds.
  path: Assets/_TM02-FOREST/Assets/Environment/Packs/Game-Asset-Art-Carol-Salvato/Game-Asset-Carol-Salvato/cave-bg-01-completo.png
  artifactKey: Guid(0a16fea71c281d8438bae7a6c0200c94) Importer(815301076,1909f56bfc062723c751e8b465ee728b)
Start importing Assets/_TM02-FOREST/Assets/Environment/Packs/Game-Asset-Art-Carol-Salvato/Game-Asset-Carol-Salvato/cave-bg-01-completo.png using Guid(0a16fea71c281d8438bae7a6c0200c94) Importer(815301076,1909f56bfc062723c751e8b465ee728b)  -> (artifact id: '0cbf0196b82056d2e8c091933959c52b') in 0.043731 seconds
Number of updated asset objects reloaded before import = 0
Number of asset objects unloaded after import = 3
========================================================================
Received Import Request.
  Time since last request: 93.719194 seconds.
  path: Assets/_TM02-FOREST/Assets/Environment/Packs/Parallax Cave/8fx.png
  artifactKey: Guid(c33207637f6bf5a43a49a3a89520bf7c) Importer(815301076,1909f56bfc062723c751e8b465ee728b)
Start importing Assets/_TM02-FOREST/Assets/Environment/Packs/Parallax Cave/8fx.png using Guid(c33207637f6bf5a43a49a3a89520bf7c) Importer(815301076,1909f56bfc062723c751e8b465ee728b)  -> (artifact id: '36e592f41bb255c934bac74532830f01') in 0.072258 seconds
Number of updated asset objects reloaded before import = 0
Number of asset objects unloaded after import = 3
========================================================================
Received Import Request.
  Time since last request: 0.379296 seconds.
  path: Assets/_TM02-FOREST/Assets/Environment/Packs/Parallax Cave/9.png
  artifactKey: Guid(80c4ea8332b915342866c406f03e2d93) Importer(815301076,1909f56bfc062723c751e8b465ee728b)
Start importing Assets/_TM02-FOREST/Assets/Environment/Packs/Parallax Cave/9.png using Guid(80c4ea8332b915342866c406f03e2d93) Importer(815301076,1909f56bfc062723c751e8b465ee728b)  -> (artifact id: '53ac613368e49862456ab7139e02d4bf') in 0.049697 seconds
Number of updated asset objects reloaded before import = 0
Number of asset objects unloaded after import = 3
========================================================================
Received Import Request.
  Time since last request: 1.636702 seconds.
  path: Assets/_TM02-FOREST/Assets/Environment/Packs/Parallax Cave/7.png
  artifactKey: Guid(424bcf7909ecb0c4ebed4a67ee879d3a) Importer(815301076,1909f56bfc062723c751e8b465ee728b)
Start importing Assets/_TM02-FOREST/Assets/Environment/Packs/Parallax Cave/7.png using Guid(424bcf7909ecb0c4ebed4a67ee879d3a) Importer(815301076,1909f56bfc062723c751e8b465ee728b)  -> (artifact id: 'f0d00be03e6a26b453f32ac7ef088678') in 0.037107 seconds
Number of updated asset objects reloaded before import = 0
Number of asset objects unloaded after import = 3
========================================================================
Received Import Request.
  Time since last request: 0.446891 seconds.
  path: Assets/_TM02-FOREST/Assets/Environment/Packs/Parallax Cave/5.png
  artifactKey: Guid(ea26d3e356110194784fb52b3bf68e34) Importer(815301076,1909f56bfc062723c751e8b465ee728b)
Start importing Assets/_TM02-FOREST/Assets/Environment/Packs/Parallax Cave/5.png using Guid(ea26d3e356110194784fb52b3bf68e34) Importer(815301076,1909f56bfc062723c751e8b465ee728b)  -> (artifact id: 'cde7c05ae108a77d333b79d9c5e2c42c') in 0.040306 seconds
Number of updated asset objects reloaded before import = 0
Number of asset objects unloaded after import = 3
========================================================================
Received Import Request.
  Time since last request: 3.859819 seconds.
  path: Assets/_TM02-FOREST/Assets/Environment/Packs/Parallax Cave/3fx.png
  artifactKey: Guid(cd5fbb5ef0ed7194f892350c35095c31) Importer(815301076,1909f56bfc062723c751e8b465ee728b)
Start importing Assets/_TM02-FOREST/Assets/Environment/Packs/Parallax Cave/3fx.png using Guid(cd5fbb5ef0ed7194f892350c35095c31) Importer(815301076,1909f56bfc062723c751e8b465ee728b)  -> (artifact id: 'd14f0116428fa28d0b3548125fe67dee') in 0.035249 seconds
Number of updated asset objects reloaded before import = 0
Number of asset objects unloaded after import = 3
========================================================================
Received Import Request.
  Time since last request: 0.445226 seconds.
  path: Assets/_TM02-FOREST/Assets/Environment/Packs/Parallax Cave/2.png
  artifactKey: Guid(4010e7ccfcf682e46abbdade9b49991f) Importer(815301076,1909f56bfc062723c751e8b465ee728b)
Start importing Assets/_TM02-FOREST/Assets/Environment/Packs/Parallax Cave/2.png using Guid(4010e7ccfcf682e46abbdade9b49991f) Importer(815301076,1909f56bfc062723c751e8b465ee728b)  -> (artifact id: '40a4998907de43a9a8dd50bd77c990c4') in 0.047014 seconds
Number of updated asset objects reloaded before import = 0
Number of asset objects unloaded after import = 3
========================================================================
Received Import Request.
  Time since last request: 4.544362 seconds.
  path: Assets/_TM02-FOREST/Assets/Environment/Packs/Parallax Cave/4.png
  artifactKey: Guid(f16ad2464f066dd4a943351a9b3a7d16) Importer(815301076,1909f56bfc062723c751e8b465ee728b)
Start importing Assets/_TM02-FOREST/Assets/Environment/Packs/Parallax Cave/4.png using Guid(f16ad2464f066dd4a943351a9b3a7d16) Importer(815301076,1909f56bfc062723c751e8b465ee728b)  -> (artifact id: '317b50f82fb37a027cc5078690c3b1eb') in 0.036197 seconds
Number of updated asset objects reloaded before import = 0
Number of asset objects unloaded after import = 3
========================================================================
Received Import Request.
  Time since last request: 1.067541 seconds.
  path: Assets/_TM02-FOREST/Assets/Environment/Packs/Parallax Cave/1.png
  artifactKey: Guid(a94abbe144a3cf14d8d357bfa82c07bb) Importer(815301076,1909f56bfc062723c751e8b465ee728b)
Start importing Assets/_TM02-FOREST/Assets/Environment/Packs/Parallax Cave/1.png using Guid(a94abbe144a3cf14d8d357bfa82c07bb) Importer(815301076,1909f56bfc062723c751e8b465ee728b)  -> (artifact id: '4f924a960987e5402b653139ac688c0d') in 0.035524 seconds
Number of updated asset objects reloaded before import = 0
Number of asset objects unloaded after import = 3
========================================================================
Received Import Request.
  Time since last request: 196.371753 seconds.
  path: Assets/_TM02-FOREST/Assets/Environment/Packs/Parallax Cave/9.png
  artifactKey: Guid(80c4ea8332b915342866c406f03e2d93) Importer(815301076,1909f56bfc062723c751e8b465ee728b)
Start importing Assets/_TM02-FOREST/Assets/Environment/Packs/Parallax Cave/9.png using Guid(80c4ea8332b915342866c406f03e2d93) Importer(815301076,1909f56bfc062723c751e8b465ee728b)  -> (artifact id: '833bc732eeb0a9b3b00e8c24dfa2a50a') in 0.034518 seconds
Number of updated asset objects reloaded before import = 0
Number of asset objects unloaded after import = 3
========================================================================
Received Import Request.
  Time since last request: 469.341184 seconds.
  path: Assets/_TM02-FOREST/Assets/Environment/awesomeCavePixelArt.png
  artifactKey: Guid(b52a12ec6dc277d4ea2666d70d5bf798) Importer(815301076,1909f56bfc062723c751e8b465ee728b)
Start importing Assets/_TM02-FOREST/Assets/Environment/awesomeCavePixelArt.png using Guid(b52a12ec6dc277d4ea2666d70d5bf798) Importer(815301076,1909f56bfc062723c751e8b465ee728b)  -> (artifact id: 'a6345fb7d06e37780032db783eb1bdc2') in 0.097084 seconds
Number of updated asset objects reloaded before import = 0
Number of asset objects unloaded after import = 3
========================================================================
Received Import Request.
  Time since last request: 13.671677 seconds.
  path: Assets/_TM02-FOREST/Assets/Environment/awesomeCavePixelArt.png
  artifactKey: Guid(b52a12ec6dc277d4ea2666d70d5bf798) Importer(815301076,1909f56bfc062723c751e8b465ee728b)
Start importing Assets/_TM02-FOREST/Assets/Environment/awesomeCavePixelArt.png using Guid(b52a12ec6dc277d4ea2666d70d5bf798) Importer(815301076,1909f56bfc062723c751e8b465ee728b)  -> (artifact id: '8734de1c921f7929b6c91482a63a9ebc') in 0.049505 seconds
Number of updated asset objects reloaded before import = 0
Number of asset objects unloaded after import = 3
========================================================================
Received Import Request.
  Time since last request: 7.340437 seconds.
  path: Assets/_TM02-FOREST/Assets/Environment/awesomeCavePixelArt.png
  artifactKey: Guid(b52a12ec6dc277d4ea2666d70d5bf798) Importer(815301076,1909f56bfc062723c751e8b465ee728b)
Start importing Assets/_TM02-FOREST/Assets/Environment/awesomeCavePixelArt.png using Guid(b52a12ec6dc277d4ea2666d70d5bf798) Importer(815301076,1909f56bfc062723c751e8b465ee728b)  -> (artifact id: '1b34a7d212482a5eecc5a5aae071f2cf') in 0.039109 seconds
Number of updated asset objects reloaded before import = 0
Number of asset objects unloaded after import = 3
========================================================================
Received Import Request.
  Time since last request: 33.135567 seconds.
  path: Assets/_TM02-FOREST/Assets/Environment/awesomeCavePixelArt.png
  artifactKey: Guid(b52a12ec6dc277d4ea2666d70d5bf798) Importer(815301076,1909f56bfc062723c751e8b465ee728b)
Start importing Assets/_TM02-FOREST/Assets/Environment/awesomeCavePixelArt.png using Guid(b52a12ec6dc277d4ea2666d70d5bf798) Importer(815301076,1909f56bfc062723c751e8b465ee728b)  -> (artifact id: 'ab0dd3649e25b42b93d06198aa5aad44') in 0.053251 seconds
Number of updated asset objects reloaded before import = 0
Number of asset objects unloaded after import = 3
========================================================================
Received Prepare
Begin MonoManager ReloadAssembly
Symbol file LoadedFromMemory is not a mono symbol file
- Loaded All Assemblies, in  5.666 seconds
Refreshing native plugins compatible for Editor in 33.96 ms, found 9 plugins.
Native extension for WindowsStandalone target not found
Native extension for iOS target not found
Native extension for Android target not found
[Package Manager] Server::EnsureServerProcessIsRunning -- launch failed, reason: Unity was launched with the -noUpm command-line argument
[Package Manager] UpmClient::Send -- Unable to send message (not connected to UPM process).
[Package Manager] Cannot connect to Unity Package Manager local server
Mono: successfully reloaded assembly
- Finished resetting the current domain, in  7.598 seconds
Domain Reload Profiling: 13282ms
	BeginReloadAssembly (2519ms)
		ExecutionOrderSort (1ms)
		DisableScriptedObjects (239ms)
		BackupInstance (0ms)
		ReleaseScriptingObjects (1ms)
		CreateAndSetChildDomain (1592ms)
	RebuildCommonClasses (83ms)
	RebuildNativeTypeToScriptingClass (16ms)
	initialDomainReloadingComplete (90ms)
	LoadAllAssembliesAndSetupDomain (2976ms)
		LoadAssemblies (3101ms)
		RebuildTransferFunctionScriptingTraits (0ms)
		AnalyzeDomain (179ms)
			TypeCache.Refresh (60ms)
				TypeCache.ScanAssembly (0ms)
			ScanForSourceGeneratedMonoScriptInfo (3ms)
			ResolveRequiredComponents (108ms)
	FinalizeReload (7599ms)
		ReleaseScriptCaches (0ms)
		RebuildScriptCaches (0ms)
		SetupLoadedEditorAssemblies (2631ms)
			LogAssemblyErrors (0ms)
			InitializePlatformSupportModulesInManaged (72ms)
			SetLoadedEditorAssemblies (17ms)
			RefreshPlugins (0ms)
			BeforeProcessingInitializeOnLoad (230ms)
			ProcessInitializeOnLoadAttributes (1537ms)
			ProcessInitializeOnLoadMethodAttributes (769ms)
			AfterProcessingInitializeOnLoad (3ms)
			EditorAssembliesLoaded (3ms)
		ExecutionOrderSort2 (0ms)
		AwakeInstancesAfterBackupRestoration (54ms)
Shader 'MoreMountains/MMRipple': fallback shader 'Particle/AlphaBlended' not found
Refreshing native plugins compatible for Editor in 47.00 ms, found 9 plugins.
Preloading 0 native plugins for Editor in 0.00 ms.
Unloading 8779 Unused Serialized files (Serialized files now loaded: 0)
Unloading 99 unused Assets / (1.2 MB). Loaded Objects now: 9892.
Memory consumption went from 427.2 MB to 426.0 MB.
Total: 117.822200 ms (FindLiveObjects: 1.401500 ms CreateObjectMapping: 0.552500 ms MarkObjects: 114.967200 ms  DeleteObjects: 0.895900 ms)

Prepare: number of updated asset objects reloaded= 0
AssetImportParameters requested are different than current active one (requested -> active):
  custom:container-demuxer-ogg: 62fdf1f143b41e24485cea50d1cbac27 -> 
  custom:framework-win-MediaFoundation: 216162199b28c13a410421893ffa2e32 -> 
  custom:container-muxer-webm: aa71ff27fc2769a1b78a27578f13a17b -> 
  custom:video-decoder-webm-vp8: 9c59270c3fd7afecdb556c50c9e8de78 -> 
  custom:SearchIndexIgnoredProperties: e643bd26f0fe6173181afceb89e7c659 -> 
  custom:AudioImporter_EditorPlatform: d09bf68614088b80899f8185d706f6e7 -> 
  custom:audio-decoder-ogg-vorbis: bf7c407c2cedff20999df2af8eb42d56 -> 
  custom:audio-encoder-webm-vorbis: bf7c407c2cedff20999df2af8eb42d56 -> 
  custom:video-codec-MediaFoundation-h265: 746d11721c4dcdbdad8f713fa42b33f4 -> 
  custom:video-decoder-ogg-theora: a1e56fd34408186e4bbccfd4996cb3dc -> 
  custom:CustomObjectIndexerAttribute: 72b91833f83ae208fae7752999fa3104 -> 
  custom:container-demuxer-webm: 4f35f7cbe854078d1ac9338744f61a02 -> 
  custom:video-encoder-webm-vp8: eb34c28f22e8b96e1ab97ce403110664 -> 
========================================================================
Received Import Request.
  Time since last request: 88.259837 seconds.
  path: Assets/_TM02-FOREST/Assets/Environment/awesomeCavePixelArt.png
  artifactKey: Guid(b52a12ec6dc277d4ea2666d70d5bf798) Importer(815301076,1909f56bfc062723c751e8b465ee728b)
Start importing Assets/_TM02-FOREST/Assets/Environment/awesomeCavePixelArt.png using Guid(b52a12ec6dc277d4ea2666d70d5bf798) Importer(815301076,1909f56bfc062723c751e8b465ee728b)  -> (artifact id: '6242bf7d3e52a579692ba9373f1fd10b') in 0.157400 seconds
Number of updated asset objects reloaded before import = 0
Number of asset objects unloaded after import = 3
========================================================================
Received Prepare
Begin MonoManager ReloadAssembly
Symbol file LoadedFromMemory is not a mono symbol file
- Loaded All Assemblies, in  1.667 seconds
Refreshing native plugins compatible for Editor in 20.77 ms, found 9 plugins.
Native extension for WindowsStandalone target not found
Native extension for iOS target not found
Native extension for Android target not found
[Package Manager] Server::EnsureServerProcessIsRunning -- launch failed, reason: Unity was launched with the -noUpm command-line argument
[Package Manager] UpmClient::Send -- Unable to send message (not connected to UPM process).
[Package Manager] Cannot connect to Unity Package Manager local server
Mono: successfully reloaded assembly
- Finished resetting the current domain, in  4.755 seconds
Domain Reload Profiling: 6422ms
	BeginReloadAssembly (317ms)
		ExecutionOrderSort (0ms)
		DisableScriptedObjects (17ms)
		BackupInstance (0ms)
		ReleaseScriptingObjects (0ms)
		CreateAndSetChildDomain (148ms)
	RebuildCommonClasses (40ms)
	RebuildNativeTypeToScriptingClass (9ms)
	initialDomainReloadingComplete (33ms)
	LoadAllAssembliesAndSetupDomain (1266ms)
		LoadAssemblies (1326ms)
		RebuildTransferFunctionScriptingTraits (0ms)
		AnalyzeDomain (48ms)
			TypeCache.Refresh (13ms)
				TypeCache.ScanAssembly (0ms)
			ScanForSourceGeneratedMonoScriptInfo (0ms)
			ResolveRequiredComponents (31ms)
	FinalizeReload (4756ms)
		ReleaseScriptCaches (0ms)
		RebuildScriptCaches (0ms)
		SetupLoadedEditorAssemblies (1942ms)
			LogAssemblyErrors (0ms)
			InitializePlatformSupportModulesInManaged (40ms)
			SetLoadedEditorAssemblies (12ms)
			RefreshPlugins (0ms)
			BeforeProcessingInitializeOnLoad (195ms)
			ProcessInitializeOnLoadAttributes (1161ms)
			ProcessInitializeOnLoadMethodAttributes (502ms)
			AfterProcessingInitializeOnLoad (4ms)
			EditorAssembliesLoaded (28ms)
		ExecutionOrderSort2 (0ms)
		AwakeInstancesAfterBackupRestoration (45ms)
Shader 'MoreMountains/MMRipple': fallback shader 'Particle/AlphaBlended' not found
Refreshing native plugins compatible for Editor in 19.64 ms, found 9 plugins.
Preloading 0 native plugins for Editor in 0.00 ms.
Unloading 8779 Unused Serialized files (Serialized files now loaded: 0)
Unloading 99 unused Assets / (1.1 MB). Loaded Objects now: 9907.
Memory consumption went from 417.7 MB to 416.6 MB.
Total: 26.664600 ms (FindLiveObjects: 0.962600 ms CreateObjectMapping: 1.283600 ms MarkObjects: 23.289200 ms  DeleteObjects: 1.126300 ms)

Prepare: number of updated asset objects reloaded= 0
AssetImportParameters requested are different than current active one (requested -> active):
  custom:container-demuxer-ogg: 62fdf1f143b41e24485cea50d1cbac27 -> 
  custom:framework-win-MediaFoundation: 216162199b28c13a410421893ffa2e32 -> 
  custom:container-muxer-webm: aa71ff27fc2769a1b78a27578f13a17b -> 
  custom:video-decoder-webm-vp8: 9c59270c3fd7afecdb556c50c9e8de78 -> 
  custom:SearchIndexIgnoredProperties: e643bd26f0fe6173181afceb89e7c659 -> 
  custom:AudioImporter_EditorPlatform: d09bf68614088b80899f8185d706f6e7 -> 
  custom:audio-decoder-ogg-vorbis: bf7c407c2cedff20999df2af8eb42d56 -> 
  custom:audio-encoder-webm-vorbis: bf7c407c2cedff20999df2af8eb42d56 -> 
  custom:video-codec-MediaFoundation-h265: 746d11721c4dcdbdad8f713fa42b33f4 -> 
  custom:video-decoder-ogg-theora: a1e56fd34408186e4bbccfd4996cb3dc -> 
  custom:CustomObjectIndexerAttribute: 72b91833f83ae208fae7752999fa3104 -> 
  custom:container-demuxer-webm: 4f35f7cbe854078d1ac9338744f61a02 -> 
  custom:video-encoder-webm-vp8: eb34c28f22e8b96e1ab97ce403110664 -> 
========================================================================
Received Import Request.
  Time since last request: 112.682048 seconds.
  path: Assets/_TM02-FOREST/Assets/Environment/Packs/Game-Asset-Art-Carol-Salvato/Game-Asset-Carol-Salvato/cave-bg-04.png
  artifactKey: Guid(905085c2e84bbab49a904d507f76bbee) Importer(815301076,1909f56bfc062723c751e8b465ee728b)
Start importing Assets/_TM02-FOREST/Assets/Environment/Packs/Game-Asset-Art-Carol-Salvato/Game-Asset-Carol-Salvato/cave-bg-04.png using Guid(905085c2e84bbab49a904d507f76bbee) Importer(815301076,1909f56bfc062723c751e8b465ee728b)  -> (artifact id: '110a91363f771526bc353073ecc29795') in 0.111126 seconds
Number of updated asset objects reloaded before import = 0
Number of asset objects unloaded after import = 3
========================================================================
Received Import Request.
  Time since last request: 19.652278 seconds.
  path: Assets/_TM02-FOREST/Assets/Environment/Packs/Game-Asset-Art-Carol-Salvato/Game-Asset-Carol-Salvato/cave-bg-01-00.png
  artifactKey: Guid(2b3c372d5aed4a1488574b79727ed77d) Importer(815301076,1909f56bfc062723c751e8b465ee728b)
Start importing Assets/_TM02-FOREST/Assets/Environment/Packs/Game-Asset-Art-Carol-Salvato/Game-Asset-Carol-Salvato/cave-bg-01-00.png using Guid(2b3c372d5aed4a1488574b79727ed77d) Importer(815301076,1909f56bfc062723c751e8b465ee728b)  -> (artifact id: 'fcc124a51bda7324c6fea19b83158efb') in 0.027929 seconds
Number of updated asset objects reloaded before import = 0
Number of asset objects unloaded after import = 3
========================================================================
Received Import Request.
  Time since last request: 6.341831 seconds.
  path: Assets/_TM02-FOREST/Assets/Environment/Packs/Game-Asset-Art-Carol-Salvato/Game-Asset-Carol-Salvato/cave-bg-01-completo.png
  artifactKey: Guid(0a16fea71c281d8438bae7a6c0200c94) Importer(815301076,1909f56bfc062723c751e8b465ee728b)
Start importing Assets/_TM02-FOREST/Assets/Environment/Packs/Game-Asset-Art-Carol-Salvato/Game-Asset-Carol-Salvato/cave-bg-01-completo.png using Guid(0a16fea71c281d8438bae7a6c0200c94) Importer(815301076,1909f56bfc062723c751e8b465ee728b)  -> (artifact id: '71848337e20a61de902b276d5ca6536f') in 0.026019 seconds
Number of updated asset objects reloaded before import = 0
Number of asset objects unloaded after import = 3
========================================================================
Received Import Request.
  Time since last request: 5.306042 seconds.
  path: Assets/_TM02-FOREST/Assets/Environment/Packs/Game-Asset-Art-Carol-Salvato/Game-Asset-Carol-Salvato/cave-bg-01-completo.png
  artifactKey: Guid(0a16fea71c281d8438bae7a6c0200c94) Importer(815301076,1909f56bfc062723c751e8b465ee728b)
Start importing Assets/_TM02-FOREST/Assets/Environment/Packs/Game-Asset-Art-Carol-Salvato/Game-Asset-Carol-Salvato/cave-bg-01-completo.png using Guid(0a16fea71c281d8438bae7a6c0200c94) Importer(815301076,1909f56bfc062723c751e8b465ee728b)  -> (artifact id: 'a4038599bf66831578e8bdeefaefc607') in 0.025114 seconds
Number of updated asset objects reloaded before import = 0
Number of asset objects unloaded after import = 3
========================================================================
Received Import Request.
  Time since last request: 15.518301 seconds.
  path: Assets/_TM02-FOREST/Assets/Environment/Packs/Game-Asset-Art-Carol-Salvato/Game-Asset-Carol-Salvato/cave-bg-01-completo.png
  artifactKey: Guid(0a16fea71c281d8438bae7a6c0200c94) Importer(815301076,1909f56bfc062723c751e8b465ee728b)
Start importing Assets/_TM02-FOREST/Assets/Environment/Packs/Game-Asset-Art-Carol-Salvato/Game-Asset-Carol-Salvato/cave-bg-01-completo.png using Guid(0a16fea71c281d8438bae7a6c0200c94) Importer(815301076,1909f56bfc062723c751e8b465ee728b)  -> (artifact id: '5ae09f4fbc82de2d71b8d0ff9e2fa079') in 0.024838 seconds
Number of updated asset objects reloaded before import = 0
Number of asset objects unloaded after import = 3
========================================================================
Received Import Request.
  Time since last request: 4.045272 seconds.
  path: Assets/_TM02-FOREST/Assets/Environment/Packs/Game-Asset-Art-Carol-Salvato/Game-Asset-Carol-Salvato/cave-bg-01-completo.png
  artifactKey: Guid(0a16fea71c281d8438bae7a6c0200c94) Importer(815301076,1909f56bfc062723c751e8b465ee728b)
Start importing Assets/_TM02-FOREST/Assets/Environment/Packs/Game-Asset-Art-Carol-Salvato/Game-Asset-Carol-Salvato/cave-bg-01-completo.png using Guid(0a16fea71c281d8438bae7a6c0200c94) Importer(815301076,1909f56bfc062723c751e8b465ee728b)  -> (artifact id: '4d61b48c7b5a6512b4f818d23a3b0563') in 0.024313 seconds
Number of updated asset objects reloaded before import = 0
Number of asset objects unloaded after import = 3
========================================================================
Received Prepare
Begin MonoManager ReloadAssembly
Symbol file LoadedFromMemory is not a mono symbol file
- Loaded All Assemblies, in  1.022 seconds
Refreshing native plugins compatible for Editor in 9.75 ms, found 9 plugins.
Native extension for WindowsStandalone target not found
Native extension for iOS target not found
Native extension for Android target not found
[Package Manager] Server::EnsureServerProcessIsRunning -- launch failed, reason: Unity was launched with the -noUpm command-line argument
[Package Manager] UpmClient::Send -- Unable to send message (not connected to UPM process).
[Package Manager] Cannot connect to Unity Package Manager local server
Mono: successfully reloaded assembly
- Finished resetting the current domain, in  4.353 seconds
Domain Reload Profiling: 5375ms
	BeginReloadAssembly (217ms)
		ExecutionOrderSort (0ms)
		DisableScriptedObjects (11ms)
		BackupInstance (0ms)
		ReleaseScriptingObjects (0ms)
		CreateAndSetChildDomain (78ms)
	RebuildCommonClasses (38ms)
	RebuildNativeTypeToScriptingClass (16ms)
	initialDomainReloadingComplete (36ms)
	LoadAllAssembliesAndSetupDomain (713ms)
		LoadAssemblies (767ms)
		RebuildTransferFunctionScriptingTraits (0ms)
		AnalyzeDomain (35ms)
			TypeCache.Refresh (10ms)
				TypeCache.ScanAssembly (0ms)
			ScanForSourceGeneratedMonoScriptInfo (0ms)
			ResolveRequiredComponents (22ms)
	FinalizeReload (4354ms)
		ReleaseScriptCaches (0ms)
		RebuildScriptCaches (0ms)
		SetupLoadedEditorAssemblies (2309ms)
			LogAssemblyErrors (0ms)
			InitializePlatformSupportModulesInManaged (47ms)
			SetLoadedEditorAssemblies (13ms)
			RefreshPlugins (0ms)
			BeforeProcessingInitializeOnLoad (231ms)
			ProcessInitializeOnLoadAttributes (1539ms)
			ProcessInitializeOnLoadMethodAttributes (477ms)
			AfterProcessingInitializeOnLoad (1ms)
			EditorAssembliesLoaded (1ms)
		ExecutionOrderSort2 (0ms)
		AwakeInstancesAfterBackupRestoration (37ms)
Shader 'MoreMountains/MMRipple': fallback shader 'Particle/AlphaBlended' not found
Refreshing native plugins compatible for Editor in 18.04 ms, found 9 plugins.
Preloading 0 native plugins for Editor in 0.00 ms.
Unloading 8779 Unused Serialized files (Serialized files now loaded: 0)
Unloading 99 unused Assets / (1.1 MB). Loaded Objects now: 9922.
Memory consumption went from 430.8 MB to 429.8 MB.
Total: 40.807800 ms (FindLiveObjects: 1.705800 ms CreateObjectMapping: 0.701700 ms MarkObjects: 35.737400 ms  DeleteObjects: 2.658500 ms)

Prepare: number of updated asset objects reloaded= 0
AssetImportParameters requested are different than current active one (requested -> active):
  custom:container-demuxer-ogg: 62fdf1f143b41e24485cea50d1cbac27 -> 
  custom:framework-win-MediaFoundation: 216162199b28c13a410421893ffa2e32 -> 
  custom:container-muxer-webm: aa71ff27fc2769a1b78a27578f13a17b -> 
  custom:video-decoder-webm-vp8: 9c59270c3fd7afecdb556c50c9e8de78 -> 
  custom:SearchIndexIgnoredProperties: e643bd26f0fe6173181afceb89e7c659 -> 
  custom:AudioImporter_EditorPlatform: d09bf68614088b80899f8185d706f6e7 -> 
  custom:audio-decoder-ogg-vorbis: bf7c407c2cedff20999df2af8eb42d56 -> 
  custom:audio-encoder-webm-vorbis: bf7c407c2cedff20999df2af8eb42d56 -> 
  custom:video-codec-MediaFoundation-h265: 746d11721c4dcdbdad8f713fa42b33f4 -> 
  custom:video-decoder-ogg-theora: a1e56fd34408186e4bbccfd4996cb3dc -> 
  custom:CustomObjectIndexerAttribute: 72b91833f83ae208fae7752999fa3104 -> 
  custom:container-demuxer-webm: 4f35f7cbe854078d1ac9338744f61a02 -> 
  custom:video-encoder-webm-vp8: eb34c28f22e8b96e1ab97ce403110664 -> 
========================================================================
Received Prepare
Begin MonoManager ReloadAssembly
Symbol file LoadedFromMemory is not a mono symbol file
- Loaded All Assemblies, in  1.575 seconds
Refreshing native plugins compatible for Editor in 19.69 ms, found 9 plugins.
Native extension for WindowsStandalone target not found
Native extension for iOS target not found
Native extension for Android target not found
[Package Manager] Server::EnsureServerProcessIsRunning -- launch failed, reason: Unity was launched with the -noUpm command-line argument
[Package Manager] UpmClient::Send -- Unable to send message (not connected to UPM process).
[Package Manager] Cannot connect to Unity Package Manager local server
Mono: successfully reloaded assembly
- Finished resetting the current domain, in  5.432 seconds
Domain Reload Profiling: 7006ms
	BeginReloadAssembly (293ms)
		ExecutionOrderSort (0ms)
		DisableScriptedObjects (11ms)
		BackupInstance (0ms)
		ReleaseScriptingObjects (0ms)
		CreateAndSetChildDomain (91ms)
	RebuildCommonClasses (32ms)
	RebuildNativeTypeToScriptingClass (10ms)
	initialDomainReloadingComplete (31ms)
	LoadAllAssembliesAndSetupDomain (1208ms)
		LoadAssemblies (1315ms)
		RebuildTransferFunctionScriptingTraits (0ms)
		AnalyzeDomain (42ms)
			TypeCache.Refresh (11ms)
				TypeCache.ScanAssembly (0ms)
			ScanForSourceGeneratedMonoScriptInfo (0ms)
			ResolveRequiredComponents (27ms)
	FinalizeReload (5432ms)
		ReleaseScriptCaches (0ms)
		RebuildScriptCaches (0ms)
		SetupLoadedEditorAssemblies (2825ms)
			LogAssemblyErrors (0ms)
			InitializePlatformSupportModulesInManaged (47ms)
			SetLoadedEditorAssemblies (16ms)
			RefreshPlugins (0ms)
			BeforeProcessingInitializeOnLoad (291ms)
			ProcessInitializeOnLoadAttributes (1862ms)
			ProcessInitializeOnLoadMethodAttributes (604ms)
			AfterProcessingInitializeOnLoad (3ms)
			EditorAssembliesLoaded (1ms)
		ExecutionOrderSort2 (0ms)
		AwakeInstancesAfterBackupRestoration (32ms)
Shader 'MoreMountains/MMRipple': fallback shader 'Particle/AlphaBlended' not found
Refreshing native plugins compatible for Editor in 33.51 ms, found 9 plugins.
Preloading 0 native plugins for Editor in 0.00 ms.
Unloading 8779 Unused Serialized files (Serialized files now loaded: 0)
Unloading 99 unused Assets / (1.1 MB). Loaded Objects now: 9937.
Memory consumption went from 433.0 MB to 431.8 MB.
Total: 40.468900 ms (FindLiveObjects: 1.321500 ms CreateObjectMapping: 2.076900 ms MarkObjects: 35.431100 ms  DeleteObjects: 1.636600 ms)

Prepare: number of updated asset objects reloaded= 0
AssetImportParameters requested are different than current active one (requested -> active):
  custom:container-demuxer-ogg: 62fdf1f143b41e24485cea50d1cbac27 -> 
  custom:framework-win-MediaFoundation: 216162199b28c13a410421893ffa2e32 -> 
  custom:container-muxer-webm: aa71ff27fc2769a1b78a27578f13a17b -> 
  custom:video-decoder-webm-vp8: 9c59270c3fd7afecdb556c50c9e8de78 -> 
  custom:SearchIndexIgnoredProperties: e643bd26f0fe6173181afceb89e7c659 -> 
  custom:AudioImporter_EditorPlatform: d09bf68614088b80899f8185d706f6e7 -> 
  custom:audio-decoder-ogg-vorbis: bf7c407c2cedff20999df2af8eb42d56 -> 
  custom:audio-encoder-webm-vorbis: bf7c407c2cedff20999df2af8eb42d56 -> 
  custom:video-codec-MediaFoundation-h265: 746d11721c4dcdbdad8f713fa42b33f4 -> 
  custom:video-decoder-ogg-theora: a1e56fd34408186e4bbccfd4996cb3dc -> 
  custom:CustomObjectIndexerAttribute: 72b91833f83ae208fae7752999fa3104 -> 
  custom:container-demuxer-webm: 4f35f7cbe854078d1ac9338744f61a02 -> 
  custom:video-encoder-webm-vp8: eb34c28f22e8b96e1ab97ce403110664 -> 
========================================================================
Received Prepare
Begin MonoManager ReloadAssembly
Symbol file LoadedFromMemory is not a mono symbol file
- Loaded All Assemblies, in  0.823 seconds
Refreshing native plugins compatible for Editor in 8.44 ms, found 9 plugins.
Native extension for WindowsStandalone target not found
Native extension for iOS target not found
Native extension for Android target not found
[Package Manager] Server::EnsureServerProcessIsRunning -- launch failed, reason: Unity was launched with the -noUpm command-line argument
[Package Manager] UpmClient::Send -- Unable to send message (not connected to UPM process).
[Package Manager] Cannot connect to Unity Package Manager local server
Mono: successfully reloaded assembly
- Finished resetting the current domain, in  3.667 seconds
Domain Reload Profiling: 4489ms
	BeginReloadAssembly (235ms)
		ExecutionOrderSort (0ms)
		DisableScriptedObjects (10ms)
		BackupInstance (0ms)
		ReleaseScriptingObjects (0ms)
		CreateAndSetChildDomain (91ms)
	RebuildCommonClasses (27ms)
	RebuildNativeTypeToScriptingClass (9ms)
	initialDomainReloadingComplete (35ms)
	LoadAllAssembliesAndSetupDomain (517ms)
		LoadAssemblies (562ms)
		RebuildTransferFunctionScriptingTraits (0ms)
		AnalyzeDomain (39ms)
			TypeCache.Refresh (11ms)
				TypeCache.ScanAssembly (0ms)
			ScanForSourceGeneratedMonoScriptInfo (0ms)
			ResolveRequiredComponents (24ms)
	FinalizeReload (3668ms)
		ReleaseScriptCaches (0ms)
		RebuildScriptCaches (0ms)
		SetupLoadedEditorAssemblies (1634ms)
			LogAssemblyErrors (0ms)
			InitializePlatformSupportModulesInManaged (26ms)
			SetLoadedEditorAssemblies (5ms)
			RefreshPlugins (0ms)
			BeforeProcessingInitializeOnLoad (203ms)
			ProcessInitializeOnLoadAttributes (1031ms)
			ProcessInitializeOnLoadMethodAttributes (367ms)
			AfterProcessingInitializeOnLoad (1ms)
			EditorAssembliesLoaded (0ms)
		ExecutionOrderSort2 (0ms)
		AwakeInstancesAfterBackupRestoration (23ms)
Shader 'MoreMountains/MMRipple': fallback shader 'Particle/AlphaBlended' not found
Refreshing native plugins compatible for Editor in 16.55 ms, found 9 plugins.
Preloading 0 native plugins for Editor in 0.00 ms.
Unloading 8779 Unused Serialized files (Serialized files now loaded: 0)
Unloading 99 unused Assets / (1.2 MB). Loaded Objects now: 9952.
Memory consumption went from 423.7 MB to 422.5 MB.
Total: 32.131400 ms (FindLiveObjects: 0.867400 ms CreateObjectMapping: 0.618500 ms MarkObjects: 28.692000 ms  DeleteObjects: 1.950900 ms)

Prepare: number of updated asset objects reloaded= 0
AssetImportParameters requested are different than current active one (requested -> active):
  custom:container-demuxer-ogg: 62fdf1f143b41e24485cea50d1cbac27 -> 
  custom:framework-win-MediaFoundation: 216162199b28c13a410421893ffa2e32 -> 
  custom:container-muxer-webm: aa71ff27fc2769a1b78a27578f13a17b -> 
  custom:video-decoder-webm-vp8: 9c59270c3fd7afecdb556c50c9e8de78 -> 
  custom:SearchIndexIgnoredProperties: e643bd26f0fe6173181afceb89e7c659 -> 
  custom:AudioImporter_EditorPlatform: d09bf68614088b80899f8185d706f6e7 -> 
  custom:audio-decoder-ogg-vorbis: bf7c407c2cedff20999df2af8eb42d56 -> 
  custom:audio-encoder-webm-vorbis: bf7c407c2cedff20999df2af8eb42d56 -> 
  custom:video-codec-MediaFoundation-h265: 746d11721c4dcdbdad8f713fa42b33f4 -> 
  custom:video-decoder-ogg-theora: a1e56fd34408186e4bbccfd4996cb3dc -> 
  custom:CustomObjectIndexerAttribute: 72b91833f83ae208fae7752999fa3104 -> 
  custom:container-demuxer-webm: 4f35f7cbe854078d1ac9338744f61a02 -> 
  custom:video-encoder-webm-vp8: eb34c28f22e8b96e1ab97ce403110664 -> 
========================================================================
Received Import Request.
  Time since last request: 127.863948 seconds.
  path: Assets/_TM02-FOREST/Assets/Characters/Enemy/Elementals_Crystal_Mauler_Free_v1.0/Elementals_Crystal_Mauler_Free_v1.0/anim/Animator/BossCrystal.controller
  artifactKey: Guid(d020f0215a480ee4687f108fe37d9127) Importer(815301076,1909f56bfc062723c751e8b465ee728b)
Start importing Assets/_TM02-FOREST/Assets/Characters/Enemy/Elementals_Crystal_Mauler_Free_v1.0/Elementals_Crystal_Mauler_Free_v1.0/anim/Animator/BossCrystal.controller using Guid(d020f0215a480ee4687f108fe37d9127) Importer(815301076,1909f56bfc062723c751e8b465ee728b)  -> (artifact id: '3e09089ef7d467b1c36b09d117bf8f80') in 0.054625 seconds
Number of updated asset objects reloaded before import = 0
Number of asset objects unloaded after import = 36
========================================================================
Received Prepare
Begin MonoManager ReloadAssembly
Symbol file LoadedFromMemory is not a mono symbol file
- Loaded All Assemblies, in  0.832 seconds
Refreshing native plugins compatible for Editor in 10.76 ms, found 9 plugins.
Native extension for WindowsStandalone target not found
Native extension for iOS target not found
Native extension for Android target not found
[Package Manager] Server::EnsureServerProcessIsRunning -- launch failed, reason: Unity was launched with the -noUpm command-line argument
[Package Manager] UpmClient::Send -- Unable to send message (not connected to UPM process).
[Package Manager] Cannot connect to Unity Package Manager local server
Mono: successfully reloaded assembly
- Finished resetting the current domain, in  4.042 seconds
Domain Reload Profiling: 4872ms
	BeginReloadAssembly (200ms)
		ExecutionOrderSort (0ms)
		DisableScriptedObjects (15ms)
		BackupInstance (0ms)
		ReleaseScriptingObjects (0ms)
		CreateAndSetChildDomain (70ms)
	RebuildCommonClasses (44ms)
	RebuildNativeTypeToScriptingClass (18ms)
	initialDomainReloadingComplete (53ms)
	LoadAllAssembliesAndSetupDomain (515ms)
		LoadAssemblies (558ms)
		RebuildTransferFunctionScriptingTraits (0ms)
		AnalyzeDomain (34ms)
			TypeCache.Refresh (10ms)
				TypeCache.ScanAssembly (0ms)
			ScanForSourceGeneratedMonoScriptInfo (0ms)
			ResolveRequiredComponents (21ms)
	FinalizeReload (4042ms)
		ReleaseScriptCaches (0ms)
		RebuildScriptCaches (0ms)
		SetupLoadedEditorAssemblies (2104ms)
			LogAssemblyErrors (0ms)
			InitializePlatformSupportModulesInManaged (30ms)
			SetLoadedEditorAssemblies (7ms)
			RefreshPlugins (0ms)
			BeforeProcessingInitializeOnLoad (188ms)
			ProcessInitializeOnLoadAttributes (1337ms)
			ProcessInitializeOnLoadMethodAttributes (534ms)
			AfterProcessingInitializeOnLoad (4ms)
			EditorAssembliesLoaded (4ms)
		ExecutionOrderSort2 (0ms)
		AwakeInstancesAfterBackupRestoration (43ms)
Shader 'MoreMountains/MMRipple': fallback shader 'Particle/AlphaBlended' not found
Refreshing native plugins compatible for Editor in 39.71 ms, found 9 plugins.
Preloading 0 native plugins for Editor in 0.00 ms.
Unloading 8779 Unused Serialized files (Serialized files now loaded: 0)
Unloading 99 unused Assets / (1.1 MB). Loaded Objects now: 9967.
Memory consumption went from 425.5 MB to 424.4 MB.
Total: 40.018500 ms (FindLiveObjects: 1.380100 ms CreateObjectMapping: 0.965400 ms MarkObjects: 35.152200 ms  DeleteObjects: 2.517400 ms)

Prepare: number of updated asset objects reloaded= 0
AssetImportParameters requested are different than current active one (requested -> active):
  custom:container-demuxer-ogg: 62fdf1f143b41e24485cea50d1cbac27 -> 
  custom:framework-win-MediaFoundation: 216162199b28c13a410421893ffa2e32 -> 
  custom:container-muxer-webm: aa71ff27fc2769a1b78a27578f13a17b -> 
  custom:video-decoder-webm-vp8: 9c59270c3fd7afecdb556c50c9e8de78 -> 
  custom:SearchIndexIgnoredProperties: e643bd26f0fe6173181afceb89e7c659 -> 
  custom:AudioImporter_EditorPlatform: d09bf68614088b80899f8185d706f6e7 -> 
  custom:audio-decoder-ogg-vorbis: bf7c407c2cedff20999df2af8eb42d56 -> 
  custom:audio-encoder-webm-vorbis: bf7c407c2cedff20999df2af8eb42d56 -> 
  custom:video-codec-MediaFoundation-h265: 746d11721c4dcdbdad8f713fa42b33f4 -> 
  custom:video-decoder-ogg-theora: a1e56fd34408186e4bbccfd4996cb3dc -> 
  custom:CustomObjectIndexerAttribute: 72b91833f83ae208fae7752999fa3104 -> 
  custom:container-demuxer-webm: 4f35f7cbe854078d1ac9338744f61a02 -> 
  custom:video-encoder-webm-vp8: eb34c28f22e8b96e1ab97ce403110664 -> 
========================================================================
Received Prepare
Begin MonoManager ReloadAssembly
Symbol file LoadedFromMemory is not a mono symbol file
- Loaded All Assemblies, in  0.968 seconds
Refreshing native plugins compatible for Editor in 8.84 ms, found 9 plugins.
Native extension for WindowsStandalone target not found
Native extension for iOS target not found
Native extension for Android target not found
[Package Manager] Server::EnsureServerProcessIsRunning -- launch failed, reason: Unity was launched with the -noUpm command-line argument
[Package Manager] UpmClient::Send -- Unable to send message (not connected to UPM process).
[Package Manager] Cannot connect to Unity Package Manager local server
Mono: successfully reloaded assembly
- Finished resetting the current domain, in  4.648 seconds
Domain Reload Profiling: 5617ms
	BeginReloadAssembly (204ms)
		ExecutionOrderSort (0ms)
		DisableScriptedObjects (11ms)
		BackupInstance (0ms)
		ReleaseScriptingObjects (0ms)
		CreateAndSetChildDomain (68ms)
	RebuildCommonClasses (33ms)
	RebuildNativeTypeToScriptingClass (18ms)
	initialDomainReloadingComplete (61ms)
	LoadAllAssembliesAndSetupDomain (651ms)
		LoadAssemblies (677ms)
		RebuildTransferFunctionScriptingTraits (0ms)
		AnalyzeDomain (52ms)
			TypeCache.Refresh (17ms)
				TypeCache.ScanAssembly (0ms)
			ScanForSourceGeneratedMonoScriptInfo (1ms)
			ResolveRequiredComponents (29ms)
	FinalizeReload (4651ms)
		ReleaseScriptCaches (0ms)
		RebuildScriptCaches (0ms)
		SetupLoadedEditorAssemblies (2454ms)
			LogAssemblyErrors (0ms)
			InitializePlatformSupportModulesInManaged (31ms)
			SetLoadedEditorAssemblies (10ms)
			RefreshPlugins (0ms)
			BeforeProcessingInitializeOnLoad (191ms)
			ProcessInitializeOnLoadAttributes (1647ms)
			ProcessInitializeOnLoadMethodAttributes (571ms)
			AfterProcessingInitializeOnLoad (3ms)
			EditorAssembliesLoaded (1ms)
		ExecutionOrderSort2 (0ms)
		AwakeInstancesAfterBackupRestoration (51ms)
Shader 'MoreMountains/MMRipple': fallback shader 'Particle/AlphaBlended' not found
Refreshing native plugins compatible for Editor in 36.03 ms, found 9 plugins.
Preloading 0 native plugins for Editor in 0.00 ms.
Unloading 8779 Unused Serialized files (Serialized files now loaded: 0)
Unloading 99 unused Assets / (1.2 MB). Loaded Objects now: 9982.
Memory consumption went from 427.6 MB to 426.3 MB.
Total: 33.947600 ms (FindLiveObjects: 1.670400 ms CreateObjectMapping: 1.267100 ms MarkObjects: 29.191600 ms  DeleteObjects: 1.814700 ms)

Prepare: number of updated asset objects reloaded= 0
AssetImportParameters requested are different than current active one (requested -> active):
  custom:container-demuxer-ogg: 62fdf1f143b41e24485cea50d1cbac27 -> 
  custom:framework-win-MediaFoundation: 216162199b28c13a410421893ffa2e32 -> 
  custom:container-muxer-webm: aa71ff27fc2769a1b78a27578f13a17b -> 
  custom:video-decoder-webm-vp8: 9c59270c3fd7afecdb556c50c9e8de78 -> 
  custom:SearchIndexIgnoredProperties: e643bd26f0fe6173181afceb89e7c659 -> 
  custom:AudioImporter_EditorPlatform: d09bf68614088b80899f8185d706f6e7 -> 
  custom:audio-decoder-ogg-vorbis: bf7c407c2cedff20999df2af8eb42d56 -> 
  custom:audio-encoder-webm-vorbis: bf7c407c2cedff20999df2af8eb42d56 -> 
  custom:video-codec-MediaFoundation-h265: 746d11721c4dcdbdad8f713fa42b33f4 -> 
  custom:video-decoder-ogg-theora: a1e56fd34408186e4bbccfd4996cb3dc -> 
  custom:CustomObjectIndexerAttribute: 72b91833f83ae208fae7752999fa3104 -> 
  custom:container-demuxer-webm: 4f35f7cbe854078d1ac9338744f61a02 -> 
  custom:video-encoder-webm-vp8: eb34c28f22e8b96e1ab97ce403110664 -> 
========================================================================
Received Import Request.
  Time since last request: 204.183765 seconds.
  path: Assets/_TM02-FOREST/Assets/Environment/Packs/Parallax Cave/1.png
  artifactKey: Guid(a94abbe144a3cf14d8d357bfa82c07bb) Importer(815301076,1909f56bfc062723c751e8b465ee728b)
Start importing Assets/_TM02-FOREST/Assets/Environment/Packs/Parallax Cave/1.png using Guid(a94abbe144a3cf14d8d357bfa82c07bb) Importer(815301076,1909f56bfc062723c751e8b465ee728b)  -> (artifact id: '8f4b8a5888557fc02da979224c050667') in 0.112603 seconds
Number of updated asset objects reloaded before import = 0
Number of asset objects unloaded after import = 3
========================================================================
Received Import Request.
  Time since last request: 5.439282 seconds.
  path: Assets/_TM02-FOREST/Assets/Environment/Packs/Parallax Cave/1.png
  artifactKey: Guid(a94abbe144a3cf14d8d357bfa82c07bb) Importer(815301076,1909f56bfc062723c751e8b465ee728b)
Start importing Assets/_TM02-FOREST/Assets/Environment/Packs/Parallax Cave/1.png using Guid(a94abbe144a3cf14d8d357bfa82c07bb) Importer(815301076,1909f56bfc062723c751e8b465ee728b)  -> (artifact id: '781f8d2cc959aa259d21991672d276f5') in 0.022344 seconds
Number of updated asset objects reloaded before import = 0
Number of asset objects unloaded after import = 3
========================================================================
Received Prepare
Begin MonoManager ReloadAssembly
Symbol file LoadedFromMemory is not a mono symbol file
- Loaded All Assemblies, in  0.877 seconds
Refreshing native plugins compatible for Editor in 8.66 ms, found 9 plugins.
Native extension for WindowsStandalone target not found
Native extension for iOS target not found
Native extension for Android target not found
[Package Manager] Server::EnsureServerProcessIsRunning -- launch failed, reason: Unity was launched with the -noUpm command-line argument
[Package Manager] UpmClient::Send -- Unable to send message (not connected to UPM process).
[Package Manager] Cannot connect to Unity Package Manager local server
Mono: successfully reloaded assembly
- Finished resetting the current domain, in  5.165 seconds
Domain Reload Profiling: 6041ms
	BeginReloadAssembly (198ms)
		ExecutionOrderSort (0ms)
		DisableScriptedObjects (9ms)
		BackupInstance (0ms)
		ReleaseScriptingObjects (0ms)
		CreateAndSetChildDomain (79ms)
	RebuildCommonClasses (35ms)
	RebuildNativeTypeToScriptingClass (13ms)
	initialDomainReloadingComplete (33ms)
	LoadAllAssembliesAndSetupDomain (597ms)
		LoadAssemblies (618ms)
		RebuildTransferFunctionScriptingTraits (0ms)
		AnalyzeDomain (47ms)
			TypeCache.Refresh (16ms)
				TypeCache.ScanAssembly (0ms)
			ScanForSourceGeneratedMonoScriptInfo (0ms)
			ResolveRequiredComponents (27ms)
	FinalizeReload (5167ms)
		ReleaseScriptCaches (0ms)
		RebuildScriptCaches (0ms)
		SetupLoadedEditorAssemblies (2672ms)
			LogAssemblyErrors (0ms)
			InitializePlatformSupportModulesInManaged (54ms)
			SetLoadedEditorAssemblies (11ms)
			RefreshPlugins (0ms)
			BeforeProcessingInitializeOnLoad (276ms)
			ProcessInitializeOnLoadAttributes (1737ms)
			ProcessInitializeOnLoadMethodAttributes (591ms)
			AfterProcessingInitializeOnLoad (2ms)
			EditorAssembliesLoaded (1ms)
		ExecutionOrderSort2 (0ms)
		AwakeInstancesAfterBackupRestoration (35ms)
Shader 'MoreMountains/MMRipple': fallback shader 'Particle/AlphaBlended' not found
Refreshing native plugins compatible for Editor in 38.42 ms, found 9 plugins.
Preloading 0 native plugins for Editor in 0.00 ms.
Unloading 8779 Unused Serialized files (Serialized files now loaded: 0)
Unloading 99 unused Assets / (1.2 MB). Loaded Objects now: 9997.
Memory consumption went from 440.7 MB to 439.5 MB.
Total: 43.078800 ms (FindLiveObjects: 1.182600 ms CreateObjectMapping: 0.795900 ms MarkObjects: 37.800600 ms  DeleteObjects: 3.295000 ms)

Prepare: number of updated asset objects reloaded= 0
AssetImportParameters requested are different than current active one (requested -> active):
  custom:container-demuxer-ogg: 62fdf1f143b41e24485cea50d1cbac27 -> 
  custom:framework-win-MediaFoundation: 216162199b28c13a410421893ffa2e32 -> 
  custom:container-muxer-webm: aa71ff27fc2769a1b78a27578f13a17b -> 
  custom:video-decoder-webm-vp8: 9c59270c3fd7afecdb556c50c9e8de78 -> 
  custom:SearchIndexIgnoredProperties: e643bd26f0fe6173181afceb89e7c659 -> 
  custom:AudioImporter_EditorPlatform: d09bf68614088b80899f8185d706f6e7 -> 
  custom:audio-decoder-ogg-vorbis: bf7c407c2cedff20999df2af8eb42d56 -> 
  custom:audio-encoder-webm-vorbis: bf7c407c2cedff20999df2af8eb42d56 -> 
  custom:video-codec-MediaFoundation-h265: 746d11721c4dcdbdad8f713fa42b33f4 -> 
  custom:video-decoder-ogg-theora: a1e56fd34408186e4bbccfd4996cb3dc -> 
  custom:CustomObjectIndexerAttribute: 72b91833f83ae208fae7752999fa3104 -> 
  custom:container-demuxer-webm: 4f35f7cbe854078d1ac9338744f61a02 -> 
  custom:video-encoder-webm-vp8: eb34c28f22e8b96e1ab97ce403110664 -> 
========================================================================
Received Prepare
Begin MonoManager ReloadAssembly
Symbol file LoadedFromMemory is not a mono symbol file
- Loaded All Assemblies, in  3.497 seconds
Refreshing native plugins compatible for Editor in 7.26 ms, found 9 plugins.
Native extension for WindowsStandalone target not found
Native extension for iOS target not found
Native extension for Android target not found
[Package Manager] Server::EnsureServerProcessIsRunning -- launch failed, reason: Unity was launched with the -noUpm command-line argument
[Package Manager] UpmClient::Send -- Unable to send message (not connected to UPM process).
[Package Manager] Cannot connect to Unity Package Manager local server
Mono: successfully reloaded assembly
- Finished resetting the current domain, in  5.365 seconds
Domain Reload Profiling: 8863ms
	BeginReloadAssembly (414ms)
		ExecutionOrderSort (0ms)
		DisableScriptedObjects (48ms)
		BackupInstance (0ms)
		ReleaseScriptingObjects (1ms)
		CreateAndSetChildDomain (182ms)
	RebuildCommonClasses (36ms)
	RebuildNativeTypeToScriptingClass (9ms)
	initialDomainReloadingComplete (35ms)
	LoadAllAssembliesAndSetupDomain (3002ms)
		LoadAssemblies (3052ms)
		RebuildTransferFunctionScriptingTraits (0ms)
		AnalyzeDomain (53ms)
			TypeCache.Refresh (20ms)
				TypeCache.ScanAssembly (0ms)
			ScanForSourceGeneratedMonoScriptInfo (1ms)
			ResolveRequiredComponents (29ms)
	FinalizeReload (5366ms)
		ReleaseScriptCaches (0ms)
		RebuildScriptCaches (0ms)
		SetupLoadedEditorAssemblies (2907ms)
			LogAssemblyErrors (0ms)
			InitializePlatformSupportModulesInManaged (53ms)
			SetLoadedEditorAssemblies (13ms)
			RefreshPlugins (0ms)
			BeforeProcessingInitializeOnLoad (264ms)
			ProcessInitializeOnLoadAttributes (1967ms)
			ProcessInitializeOnLoadMethodAttributes (603ms)
			AfterProcessingInitializeOnLoad (3ms)
			EditorAssembliesLoaded (3ms)
		ExecutionOrderSort2 (0ms)
		AwakeInstancesAfterBackupRestoration (39ms)
Shader 'MoreMountains/MMRipple': fallback shader 'Particle/AlphaBlended' not found
Refreshing native plugins compatible for Editor in 35.78 ms, found 9 plugins.
Preloading 0 native plugins for Editor in 0.00 ms.
Unloading 8779 Unused Serialized files (Serialized files now loaded: 0)
Unloading 99 unused Assets / (1.2 MB). Loaded Objects now: 10012.
Memory consumption went from 431.4 MB to 430.2 MB.
Total: 29.923300 ms (FindLiveObjects: 0.860100 ms CreateObjectMapping: 0.332100 ms MarkObjects: 26.534900 ms  DeleteObjects: 2.192700 ms)

Prepare: number of updated asset objects reloaded= 0
AssetImportParameters requested are different than current active one (requested -> active):
  custom:container-demuxer-ogg: 62fdf1f143b41e24485cea50d1cbac27 -> 
  custom:framework-win-MediaFoundation: 216162199b28c13a410421893ffa2e32 -> 
  custom:container-muxer-webm: aa71ff27fc2769a1b78a27578f13a17b -> 
  custom:video-decoder-webm-vp8: 9c59270c3fd7afecdb556c50c9e8de78 -> 
  custom:SearchIndexIgnoredProperties: e643bd26f0fe6173181afceb89e7c659 -> 
  custom:AudioImporter_EditorPlatform: d09bf68614088b80899f8185d706f6e7 -> 
  custom:audio-decoder-ogg-vorbis: bf7c407c2cedff20999df2af8eb42d56 -> 
  custom:audio-encoder-webm-vorbis: bf7c407c2cedff20999df2af8eb42d56 -> 
  custom:video-codec-MediaFoundation-h265: 746d11721c4dcdbdad8f713fa42b33f4 -> 
  custom:video-decoder-ogg-theora: a1e56fd34408186e4bbccfd4996cb3dc -> 
  custom:CustomObjectIndexerAttribute: 72b91833f83ae208fae7752999fa3104 -> 
  custom:container-demuxer-webm: 4f35f7cbe854078d1ac9338744f61a02 -> 
  custom:video-encoder-webm-vp8: eb34c28f22e8b96e1ab97ce403110664 -> 
========================================================================
Received Import Request.
  Time since last request: 656.519939 seconds.
  path: ProjectSettings/TagManager.asset
  artifactKey: Guid(00000000000000003000000000000000) Importer(815301076,1909f56bfc062723c751e8b465ee728b)
Start importing ProjectSettings/TagManager.asset using Guid(00000000000000003000000000000000) Importer(815301076,1909f56bfc062723c751e8b465ee728b)  -> (artifact id: '4e98cdf494bd8e72acaf97eb3b05162a') in 0.228352 seconds
Number of updated asset objects reloaded before import = 0
Number of asset objects unloaded after import = 0
========================================================================
Received Prepare
Begin MonoManager ReloadAssembly
Symbol file LoadedFromMemory is not a mono symbol file
- Loaded All Assemblies, in  3.138 seconds
Refreshing native plugins compatible for Editor in 12.93 ms, found 9 plugins.
Native extension for WindowsStandalone target not found
Native extension for iOS target not found
Native extension for Android target not found
[Package Manager] Server::EnsureServerProcessIsRunning -- launch failed, reason: Unity was launched with the -noUpm command-line argument
[Package Manager] UpmClient::Send -- Unable to send message (not connected to UPM process).
[Package Manager] Cannot connect to Unity Package Manager local server
Mono: successfully reloaded assembly
- Finished resetting the current domain, in  5.051 seconds
Domain Reload Profiling: 8189ms
	BeginReloadAssembly (499ms)
		ExecutionOrderSort (0ms)
		DisableScriptedObjects (31ms)
		BackupInstance (0ms)
		ReleaseScriptingObjects (0ms)
		CreateAndSetChildDomain (226ms)
	RebuildCommonClasses (41ms)
	RebuildNativeTypeToScriptingClass (11ms)
	initialDomainReloadingComplete (57ms)
	LoadAllAssembliesAndSetupDomain (2530ms)
		LoadAssemblies (2601ms)
		RebuildTransferFunctionScriptingTraits (0ms)
		AnalyzeDomain (91ms)
			TypeCache.Refresh (30ms)
				TypeCache.ScanAssembly (0ms)
			ScanForSourceGeneratedMonoScriptInfo (2ms)
			ResolveRequiredComponents (55ms)
	FinalizeReload (5052ms)
		ReleaseScriptCaches (0ms)
		RebuildScriptCaches (0ms)
		SetupLoadedEditorAssemblies (2016ms)
			LogAssemblyErrors (0ms)
			InitializePlatformSupportModulesInManaged (43ms)
			SetLoadedEditorAssemblies (10ms)
			RefreshPlugins (0ms)
			BeforeProcessingInitializeOnLoad (259ms)
			ProcessInitializeOnLoadAttributes (1206ms)
			ProcessInitializeOnLoadMethodAttributes (494ms)
			AfterProcessingInitializeOnLoad (3ms)
			EditorAssembliesLoaded (1ms)
		ExecutionOrderSort2 (0ms)
		AwakeInstancesAfterBackupRestoration (41ms)
Shader 'MoreMountains/MMRipple': fallback shader 'Particle/AlphaBlended' not found
Refreshing native plugins compatible for Editor in 29.91 ms, found 9 plugins.
Preloading 0 native plugins for Editor in 0.00 ms.
Unloading 8779 Unused Serialized files (Serialized files now loaded: 0)
Unloading 99 unused Assets / (1.2 MB). Loaded Objects now: 10027.
Memory consumption went from 433.4 MB to 432.1 MB.
Total: 26.948300 ms (FindLiveObjects: 1.149900 ms CreateObjectMapping: 0.500600 ms MarkObjects: 24.528800 ms  DeleteObjects: 0.766900 ms)

Prepare: number of updated asset objects reloaded= 0
AssetImportParameters requested are different than current active one (requested -> active):
  custom:container-demuxer-ogg: 62fdf1f143b41e24485cea50d1cbac27 -> 
  custom:framework-win-MediaFoundation: 216162199b28c13a410421893ffa2e32 -> 
  custom:container-muxer-webm: aa71ff27fc2769a1b78a27578f13a17b -> 
  custom:video-decoder-webm-vp8: 9c59270c3fd7afecdb556c50c9e8de78 -> 
  custom:SearchIndexIgnoredProperties: e643bd26f0fe6173181afceb89e7c659 -> 
  custom:AudioImporter_EditorPlatform: d09bf68614088b80899f8185d706f6e7 -> 
  custom:audio-decoder-ogg-vorbis: bf7c407c2cedff20999df2af8eb42d56 -> 
  custom:audio-encoder-webm-vorbis: bf7c407c2cedff20999df2af8eb42d56 -> 
  custom:video-codec-MediaFoundation-h265: 746d11721c4dcdbdad8f713fa42b33f4 -> 
  custom:video-decoder-ogg-theora: a1e56fd34408186e4bbccfd4996cb3dc -> 
  custom:CustomObjectIndexerAttribute: 72b91833f83ae208fae7752999fa3104 -> 
  custom:container-demuxer-webm: 4f35f7cbe854078d1ac9338744f61a02 -> 
  custom:video-encoder-webm-vp8: eb34c28f22e8b96e1ab97ce403110664 -> 
========================================================================
Received Import Request.
  Time since last request: 243.098146 seconds.
  path: Assets/_TM02-FOREST/Assets/Environment/Packs/CaveAssetsMaaot/Assets 1024 Cave/Cave - Platforms.png
  artifactKey: Guid(23db357bc4b3e7c47b15337604fdf963) Importer(815301076,1909f56bfc062723c751e8b465ee728b)
Start importing Assets/_TM02-FOREST/Assets/Environment/Packs/CaveAssetsMaaot/Assets 1024 Cave/Cave - Platforms.png using Guid(23db357bc4b3e7c47b15337604fdf963) Importer(815301076,1909f56bfc062723c751e8b465ee728b)  -> (artifact id: 'a73389617a398cfacebd1f14e76fc0dc') in 0.153556 seconds
Number of updated asset objects reloaded before import = 0
Number of asset objects unloaded after import = 3
========================================================================
Received Import Request.
  Time since last request: 12.239675 seconds.
  path: Assets/_TM02-FOREST/Assets/Environment/Packs/CaveAssetsMaaot/Assets 1024 Cave/Square - Black.jpg
  artifactKey: Guid(04d85d2fdf76bce4395cdfff89973290) Importer(815301076,1909f56bfc062723c751e8b465ee728b)
Start importing Assets/_TM02-FOREST/Assets/Environment/Packs/CaveAssetsMaaot/Assets 1024 Cave/Square - Black.jpg using Guid(04d85d2fdf76bce4395cdfff89973290) Importer(815301076,1909f56bfc062723c751e8b465ee728b)  -> (artifact id: 'd9528af758e333a48e78531a2ff2cf23') in 0.040275 seconds
Number of updated asset objects reloaded before import = 0
Number of asset objects unloaded after import = 3
========================================================================
Received Import Request.
  Time since last request: 17.038911 seconds.
  path: Assets/_TM02-FOREST/Assets/Environment/Packs/PlantsAnimated/Vegetation/Comp 1
  artifactKey: Guid(a4548e580748ea345988b6af8282bb13) Importer(815301076,1909f56bfc062723c751e8b465ee728b)
Start importing Assets/_TM02-FOREST/Assets/Environment/Packs/PlantsAnimated/Vegetation/Comp 1 using Guid(a4548e580748ea345988b6af8282bb13) Importer(815301076,1909f56bfc062723c751e8b465ee728b)  -> (artifact id: '56466a732ad86a212b02be7026234691') in 0.002331 seconds
Number of updated asset objects reloaded before import = 0
Number of asset objects unloaded after import = 0
========================================================================
Received Import Request.
  Time since last request: 1.191736 seconds.
  path: Assets/_TM02-FOREST/Assets/Environment/Packs/PlantsAnimated/Vegetation/Comp 1/PlantSmall_00000.png
  artifactKey: Guid(3316a7be8a889a347ad1b4c45284ff0d) Importer(815301076,1909f56bfc062723c751e8b465ee728b)
Start importing Assets/_TM02-FOREST/Assets/Environment/Packs/PlantsAnimated/Vegetation/Comp 1/PlantSmall_00000.png using Guid(3316a7be8a889a347ad1b4c45284ff0d) Importer(815301076,1909f56bfc062723c751e8b465ee728b)  -> (artifact id: 'efd1982b921d0641526e947ce960fdcd') in 0.037479 seconds
Number of updated asset objects reloaded before import = 0
Number of asset objects unloaded after import = 3
========================================================================
Received Import Request.
  Time since last request: 0.939517 seconds.
  path: Assets/_TM02-FOREST/Assets/Environment/Packs/PlantsAnimated/Vegetation/Comp 1/PlantSmall_00002.png
  artifactKey: Guid(94e3c7206c26de64090da15a29d35465) Importer(815301076,1909f56bfc062723c751e8b465ee728b)
Start importing Assets/_TM02-FOREST/Assets/Environment/Packs/PlantsAnimated/Vegetation/Comp 1/PlantSmall_00002.png using Guid(94e3c7206c26de64090da15a29d35465) Importer(815301076,1909f56bfc062723c751e8b465ee728b)  -> (artifact id: '314260a503e49ab3958d98509c0dc92d') in 0.039332 seconds
Number of updated asset objects reloaded before import = 0
Number of asset objects unloaded after import = 3
========================================================================
Received Import Request.
  Time since last request: 0.406914 seconds.
  path: Assets/_TM02-FOREST/Assets/Environment/Packs/PlantsAnimated/Vegetation/Comp 1/PlantSmall_00004.png
  artifactKey: Guid(a45271a6b35c1f640a8cfafd64e24065) Importer(815301076,1909f56bfc062723c751e8b465ee728b)
Start importing Assets/_TM02-FOREST/Assets/Environment/Packs/PlantsAnimated/Vegetation/Comp 1/PlantSmall_00004.png using Guid(a45271a6b35c1f640a8cfafd64e24065) Importer(815301076,1909f56bfc062723c751e8b465ee728b)  -> (artifact id: '3db864cb2d4dcb5108bf325e3891e324') in 0.032209 seconds
Number of updated asset objects reloaded before import = 0
Number of asset objects unloaded after import = 3
========================================================================
Received Import Request.
  Time since last request: 1.127178 seconds.
  path: Assets/_TM02-FOREST/Assets/Environment/Packs/PlantsAnimated/Vegetation/Comp 1/PlantSmall_00005.png
  artifactKey: Guid(54286ae12abe14b428725a7e4b82fc0d) Importer(815301076,1909f56bfc062723c751e8b465ee728b)
Start importing Assets/_TM02-FOREST/Assets/Environment/Packs/PlantsAnimated/Vegetation/Comp 1/PlantSmall_00005.png using Guid(54286ae12abe14b428725a7e4b82fc0d) Importer(815301076,1909f56bfc062723c751e8b465ee728b)  -> (artifact id: '0d99548443254e876e8477d80962d586') in 0.028446 seconds
Number of updated asset objects reloaded before import = 0
Number of asset objects unloaded after import = 3
========================================================================
Received Import Request.
  Time since last request: 0.922375 seconds.
  path: Assets/_TM02-FOREST/Assets/Environment/Packs/PlantsAnimated/Vegetation/Comp 1/PlantSmall_00013.png
  artifactKey: Guid(ee1be7eb3c19236468a566a4056d6d28) Importer(815301076,1909f56bfc062723c751e8b465ee728b)
Start importing Assets/_TM02-FOREST/Assets/Environment/Packs/PlantsAnimated/Vegetation/Comp 1/PlantSmall_00013.png using Guid(ee1be7eb3c19236468a566a4056d6d28) Importer(815301076,1909f56bfc062723c751e8b465ee728b)  -> (artifact id: 'd6d70607e76f8e0668ab71f8d082aecf') in 0.039884 seconds
Number of updated asset objects reloaded before import = 0
Number of asset objects unloaded after import = 3
========================================================================
Received Import Request.
  Time since last request: 0.255266 seconds.
  path: Assets/_TM02-FOREST/Assets/Environment/Packs/PlantsAnimated/Vegetation/Comp 1/PlantSmall_00010.png
  artifactKey: Guid(89fd3fede4cc6f84a86215bab2ee5b76) Importer(815301076,1909f56bfc062723c751e8b465ee728b)
Start importing Assets/_TM02-FOREST/Assets/Environment/Packs/PlantsAnimated/Vegetation/Comp 1/PlantSmall_00010.png using Guid(89fd3fede4cc6f84a86215bab2ee5b76) Importer(815301076,1909f56bfc062723c751e8b465ee728b)  -> (artifact id: '14f74351fe82c4517361b7fc110c2ace') in 0.028304 seconds
Number of updated asset objects reloaded before import = 0
Number of asset objects unloaded after import = 3
========================================================================
Received Import Request.
  Time since last request: 4.072790 seconds.
  path: Assets/_TM02-FOREST/Assets/Environment/Packs/PlantsAnimated/Vegetation/Grass2/Grass2_00001.png
  artifactKey: Guid(f3436226d42758f40a02eba57039ed5a) Importer(815301076,1909f56bfc062723c751e8b465ee728b)
Start importing Assets/_TM02-FOREST/Assets/Environment/Packs/PlantsAnimated/Vegetation/Grass2/Grass2_00001.png using Guid(f3436226d42758f40a02eba57039ed5a) Importer(815301076,1909f56bfc062723c751e8b465ee728b)  -> (artifact id: 'e227f05b22e5add1fc05f3ce959217a8') in 0.030166 seconds
Number of updated asset objects reloaded before import = 0
Number of asset objects unloaded after import = 3
========================================================================
Received Import Request.
  Time since last request: 0.405963 seconds.
  path: Assets/_TM02-FOREST/Assets/Environment/Packs/PlantsAnimated/Vegetation/Grass2/Grass2_00000.png
  artifactKey: Guid(f2641dcf48e628d4a9d0ad5d9f0f24f2) Importer(815301076,1909f56bfc062723c751e8b465ee728b)
Start importing Assets/_TM02-FOREST/Assets/Environment/Packs/PlantsAnimated/Vegetation/Grass2/Grass2_00000.png using Guid(f2641dcf48e628d4a9d0ad5d9f0f24f2) Importer(815301076,1909f56bfc062723c751e8b465ee728b)  -> (artifact id: '2bd74441f06411b4abc93d01d0015327') in 0.027110 seconds
Number of updated asset objects reloaded before import = 0
Number of asset objects unloaded after import = 3
========================================================================
Received Import Request.
  Time since last request: 2.239824 seconds.
  path: Assets/_TM02-FOREST/Assets/Environment/Packs/PlantsAnimated/Vegetation/Grass3/Comp 1_00000.png
  artifactKey: Guid(e1016b7553f223f4da08f1ce70d545de) Importer(815301076,1909f56bfc062723c751e8b465ee728b)
Start importing Assets/_TM02-FOREST/Assets/Environment/Packs/PlantsAnimated/Vegetation/Grass3/Comp 1_00000.png using Guid(e1016b7553f223f4da08f1ce70d545de) Importer(815301076,1909f56bfc062723c751e8b465ee728b)  -> (artifact id: 'a1af73e44ec55e7a101092a7f5b61093') in 0.029227 seconds
Number of updated asset objects reloaded before import = 0
Number of asset objects unloaded after import = 3
========================================================================
Received Import Request.
  Time since last request: 0.301087 seconds.
  path: Assets/_TM02-FOREST/Assets/Environment/Packs/PlantsAnimated/Vegetation/Grass3/Comp 1_00002.png
  artifactKey: Guid(12784239f4f1f9c40b0b1602e3f8d0f5) Importer(815301076,1909f56bfc062723c751e8b465ee728b)
Start importing Assets/_TM02-FOREST/Assets/Environment/Packs/PlantsAnimated/Vegetation/Grass3/Comp 1_00002.png using Guid(12784239f4f1f9c40b0b1602e3f8d0f5) Importer(815301076,1909f56bfc062723c751e8b465ee728b)  -> (artifact id: '86b35e79c8ff33be6d9c97eeafa321f6') in 0.024593 seconds
Number of updated asset objects reloaded before import = 0
Number of asset objects unloaded after import = 3
========================================================================
Received Import Request.
  Time since last request: 0.608284 seconds.
  path: Assets/_TM02-FOREST/Assets/Environment/Packs/PlantsAnimated/Vegetation/Grass2/Grass2_00029.png
  artifactKey: Guid(ed04b4b15f577d44aacd7bac57caaa74) Importer(815301076,1909f56bfc062723c751e8b465ee728b)
Start importing Assets/_TM02-FOREST/Assets/Environment/Packs/PlantsAnimated/Vegetation/Grass2/Grass2_00029.png using Guid(ed04b4b15f577d44aacd7bac57caaa74) Importer(815301076,1909f56bfc062723c751e8b465ee728b)  -> (artifact id: 'b0f7ba8cc7cc710b1d9d10c4f83c4dc1') in 0.031052 seconds
Number of updated asset objects reloaded before import = 0
Number of asset objects unloaded after import = 3
========================================================================
Received Import Request.
  Time since last request: 4.426623 seconds.
  path: Assets/_TM02-FOREST/Assets/Environment/Packs/PlantsAnimated/Vegetation/Grass5/Plant5_00000.png
  artifactKey: Guid(4742c1039cd3f0a4096348b896202702) Importer(815301076,1909f56bfc062723c751e8b465ee728b)
Start importing Assets/_TM02-FOREST/Assets/Environment/Packs/PlantsAnimated/Vegetation/Grass5/Plant5_00000.png using Guid(4742c1039cd3f0a4096348b896202702) Importer(815301076,1909f56bfc062723c751e8b465ee728b)  -> (artifact id: '9d3c01867d5563f110c4c9663399ce92') in 0.034023 seconds
Number of updated asset objects reloaded before import = 0
Number of asset objects unloaded after import = 3
========================================================================
Received Import Request.
  Time since last request: 0.603788 seconds.
  path: Assets/_TM02-FOREST/Assets/Environment/Packs/PlantsAnimated/Vegetation/Grass5/Plant4.psd
  artifactKey: Guid(050c7244fc15f564bb7196666a5208c6) Importer(815301076,1909f56bfc062723c751e8b465ee728b)
Start importing Assets/_TM02-FOREST/Assets/Environment/Packs/PlantsAnimated/Vegetation/Grass5/Plant4.psd using Guid(050c7244fc15f564bb7196666a5208c6) Importer(815301076,1909f56bfc062723c751e8b465ee728b)  -> (artifact id: '5b7ff6a7bf95ba1596c5f2aab4914fb0') in 0.037023 seconds
Number of updated asset objects reloaded before import = 0
Number of asset objects unloaded after import = 3
========================================================================
Received Import Request.
  Time since last request: 22.432982 seconds.
  path: Assets/_TM02-FOREST/Assets/Environment/Packs/PlantsAnimated/Vegetation/Grass5/Plant5_00002.png
  artifactKey: Guid(2257b2f5215d19640a4a200983e9ec0d) Importer(815301076,1909f56bfc062723c751e8b465ee728b)
Start importing Assets/_TM02-FOREST/Assets/Environment/Packs/PlantsAnimated/Vegetation/Grass5/Plant5_00002.png using Guid(2257b2f5215d19640a4a200983e9ec0d) Importer(815301076,1909f56bfc062723c751e8b465ee728b)  -> (artifact id: '3163f1a7d56f61e14c64b1ab83ea5685') in 0.037948 seconds
Number of updated asset objects reloaded before import = 0
Number of asset objects unloaded after import = 3
========================================================================
Received Import Request.
  Time since last request: 29.513655 seconds.
  path: Assets/_TM02-FOREST/Assets/Environment/Packs/PlantsAnimated/Vegetation/Group Plant
  artifactKey: Guid(6e296e32449cb8c409fc3970d22c8a81) Importer(815301076,1909f56bfc062723c751e8b465ee728b)
Start importing Assets/_TM02-FOREST/Assets/Environment/Packs/PlantsAnimated/Vegetation/Group Plant using Guid(6e296e32449cb8c409fc3970d22c8a81) Importer(815301076,1909f56bfc062723c751e8b465ee728b)  -> (artifact id: '22d4a8f8fc52c6825c5542e997be57c5') in 0.002448 seconds
Number of updated asset objects reloaded before import = 0
Number of asset objects unloaded after import = 0
========================================================================
Received Import Request.
  Time since last request: 1.675210 seconds.
  path: Assets/_TM02-FOREST/Assets/Environment/Packs/PlantsAnimated/Vegetation/Group Plant/GroupPlants_00002.png
  artifactKey: Guid(871695e535958574a893a6386cbfa973) Importer(815301076,1909f56bfc062723c751e8b465ee728b)
Start importing Assets/_TM02-FOREST/Assets/Environment/Packs/PlantsAnimated/Vegetation/Group Plant/GroupPlants_00002.png using Guid(871695e535958574a893a6386cbfa973) Importer(815301076,1909f56bfc062723c751e8b465ee728b)  -> (artifact id: '6110362bb1a676dc79cff0ae7a5bf194') in 0.033238 seconds
Number of updated asset objects reloaded before import = 0
Number of asset objects unloaded after import = 3
========================================================================
Received Import Request.
  Time since last request: 0.423017 seconds.
  path: Assets/_TM02-FOREST/Assets/Environment/Packs/PlantsAnimated/Vegetation/Group Plant/GroupPlants_00000.png
  artifactKey: Guid(d080d3ec9ef94384a86c6ab2c1d5d16b) Importer(815301076,1909f56bfc062723c751e8b465ee728b)
Start importing Assets/_TM02-FOREST/Assets/Environment/Packs/PlantsAnimated/Vegetation/Group Plant/GroupPlants_00000.png using Guid(d080d3ec9ef94384a86c6ab2c1d5d16b) Importer(815301076,1909f56bfc062723c751e8b465ee728b)  -> (artifact id: 'b7edae61ba3cb19da3da82a4746ddfb5') in 0.026248 seconds
Number of updated asset objects reloaded before import = 0
Number of asset objects unloaded after import = 3
========================================================================
Received Import Request.
  Time since last request: 52.550457 seconds.
  path: Assets/_TM02-FOREST/Prefabs/Environments/Plants/Mushroom 7.prefab
  artifactKey: Guid(ea3f7ecd303b7d74a882c5eea5a92370) Importer(815301076,1909f56bfc062723c751e8b465ee728b)
Start importing Assets/_TM02-FOREST/Prefabs/Environments/Plants/Mushroom 7.prefab using Guid(ea3f7ecd303b7d74a882c5eea5a92370) Importer(815301076,1909f56bfc062723c751e8b465ee728b)  -> (artifact id: '4960b546c8ff8ae625327aa7276e7a54') in 0.456699 seconds
Number of updated asset objects reloaded before import = 0
Number of asset objects unloaded after import = 41
========================================================================
Received Import Request.
  Time since last request: 0.203149 seconds.
  path: Assets/_TM02-FOREST/Prefabs/Environments/Plants/Mushroom 8.prefab
  artifactKey: Guid(625fd983333ba0c479a345243b534cf8) Importer(815301076,1909f56bfc062723c751e8b465ee728b)
Start importing Assets/_TM02-FOREST/Prefabs/Environments/Plants/Mushroom 8.prefab using Guid(625fd983333ba0c479a345243b534cf8) Importer(815301076,1909f56bfc062723c751e8b465ee728b)  -> (artifact id: '02f0dd2865c95577751e4bc6ae44df8e') in 0.026995 seconds
Number of updated asset objects reloaded before import = 0
Number of asset objects unloaded after import = 24
========================================================================
Received Import Request.
  Time since last request: 0.920097 seconds.
  path: Assets/_TM02-FOREST/Prefabs/Environments/Plants/Mushroom 5.prefab
  artifactKey: Guid(4ed8f8089149c71409dae62e68c319cd) Importer(815301076,1909f56bfc062723c751e8b465ee728b)
Start importing Assets/_TM02-FOREST/Prefabs/Environments/Plants/Mushroom 5.prefab using Guid(4ed8f8089149c71409dae62e68c319cd) Importer(815301076,1909f56bfc062723c751e8b465ee728b)  -> (artifact id: 'd22264e1fedfd7aba620896fb158b77b') in 0.031383 seconds
Number of updated asset objects reloaded before import = 0
Number of asset objects unloaded after import = 27
========================================================================
Received Import Request.
  Time since last request: 0.610839 seconds.
  path: Assets/_TM02-FOREST/Prefabs/Environments/Plants/Mushroom 3.prefab
  artifactKey: Guid(16172a2b197ae45478308ee1de7ba9eb) Importer(815301076,1909f56bfc062723c751e8b465ee728b)
Start importing Assets/_TM02-FOREST/Prefabs/Environments/Plants/Mushroom 3.prefab using Guid(16172a2b197ae45478308ee1de7ba9eb) Importer(815301076,1909f56bfc062723c751e8b465ee728b)  -> (artifact id: '7a16e42ab92a517592a95ad0b77b408b') in 0.021246 seconds
Number of updated asset objects reloaded before import = 0
Number of asset objects unloaded after import = 24
========================================================================
Received Import Request.
  Time since last request: 1.647363 seconds.
  path: Assets/_TM02-FOREST/Prefabs/Environments/Plants/Mushroom 6.prefab
  artifactKey: Guid(9e186739e96ea1e4bada145fbdbf4bde) Importer(815301076,1909f56bfc062723c751e8b465ee728b)
Start importing Assets/_TM02-FOREST/Prefabs/Environments/Plants/Mushroom 6.prefab using Guid(9e186739e96ea1e4bada145fbdbf4bde) Importer(815301076,1909f56bfc062723c751e8b465ee728b)  -> (artifact id: 'ece2118c7176aca0e3d3fd8f16ebce61') in 0.034478 seconds
Number of updated asset objects reloaded before import = 0
Number of asset objects unloaded after import = 30
========================================================================
Received Import Request.
  Time since last request: 2.465465 seconds.
  path: Assets/_TM02-FOREST/Prefabs/Environments/Plants/Mushroom 2.prefab
  artifactKey: Guid(5eca918de5e412641a257ceccb51364e) Importer(815301076,1909f56bfc062723c751e8b465ee728b)
Start importing Assets/_TM02-FOREST/Prefabs/Environments/Plants/Mushroom 2.prefab using Guid(5eca918de5e412641a257ceccb51364e) Importer(815301076,1909f56bfc062723c751e8b465ee728b)  -> (artifact id: '862941c9bcf5a82c92183bb541874d8a') in 0.015196 seconds
Number of updated asset objects reloaded before import = 0
Number of asset objects unloaded after import = 24
========================================================================
Received Import Request.
  Time since last request: 15.770565 seconds.
  path: Assets/_TM02-FOREST/Prefabs/Environments/Plants/Mushroom 2.prefab
  artifactKey: Guid(5eca918de5e412641a257ceccb51364e) Importer(815301076,1909f56bfc062723c751e8b465ee728b)
Start importing Assets/_TM02-FOREST/Prefabs/Environments/Plants/Mushroom 2.prefab using Guid(5eca918de5e412641a257ceccb51364e) Importer(815301076,1909f56bfc062723c751e8b465ee728b)  -> (artifact id: '074b088ab110d0c636211bd5627a2f68') in 0.029926 seconds
Number of updated asset objects reloaded before import = 0
Number of asset objects unloaded after import = 24
========================================================================
Received Import Request.
  Time since last request: 2.457999 seconds.
  path: Assets/_TM02-FOREST/Prefabs/Environments/Plants/Mushroom 2.prefab
  artifactKey: Guid(5eca918de5e412641a257ceccb51364e) Importer(815301076,1909f56bfc062723c751e8b465ee728b)
Start importing Assets/_TM02-FOREST/Prefabs/Environments/Plants/Mushroom 2.prefab using Guid(5eca918de5e412641a257ceccb51364e) Importer(815301076,1909f56bfc062723c751e8b465ee728b)  -> (artifact id: '82d48464badaf3811c8cac1f3c879a22') in 0.016890 seconds
Number of updated asset objects reloaded before import = 0
Number of asset objects unloaded after import = 24
========================================================================
Received Import Request.
  Time since last request: 34.848977 seconds.
  path: Assets/_TM02-FOREST/Assets/Environment/Packs/PlantsAnimated/Vegetation/Comp 1/PlantSmall_00020.png
  artifactKey: Guid(9f22754eb4a9c4e47af31342e5b42d8b) Importer(815301076,1909f56bfc062723c751e8b465ee728b)
Start importing Assets/_TM02-FOREST/Assets/Environment/Packs/PlantsAnimated/Vegetation/Comp 1/PlantSmall_00020.png using Guid(9f22754eb4a9c4e47af31342e5b42d8b) Importer(815301076,1909f56bfc062723c751e8b465ee728b)  -> (artifact id: '03d824a1d313795a617c378073200fc3') in 0.039706 seconds
Number of updated asset objects reloaded before import = 0
Number of asset objects unloaded after import = 3
========================================================================
Received Import Request.
  Time since last request: 31.451894 seconds.
  path: Assets/_TM02-FOREST/Assets/Environment/Packs/PlantsAnimated/Vegetation/Comp 1/PlantSmall_00020.png
  artifactKey: Guid(9f22754eb4a9c4e47af31342e5b42d8b) Importer(815301076,1909f56bfc062723c751e8b465ee728b)
Start importing Assets/_TM02-FOREST/Assets/Environment/Packs/PlantsAnimated/Vegetation/Comp 1/PlantSmall_00020.png using Guid(9f22754eb4a9c4e47af31342e5b42d8b) Importer(815301076,1909f56bfc062723c751e8b465ee728b)  -> (artifact id: '9046c8da5702273fd2b7cf63b4fe6102') in 0.028892 seconds
Number of updated asset objects reloaded before import = 0
Number of asset objects unloaded after import = 3
========================================================================
Received Import Request.
  Time since last request: 3.567241 seconds.
  path: Assets/_TM02-FOREST/Assets/Environment/Packs/PlantsAnimated/Vegetation/Comp 1/PlantSmall_00020.png
  artifactKey: Guid(9f22754eb4a9c4e47af31342e5b42d8b) Importer(815301076,1909f56bfc062723c751e8b465ee728b)
Start importing Assets/_TM02-FOREST/Assets/Environment/Packs/PlantsAnimated/Vegetation/Comp 1/PlantSmall_00020.png using Guid(9f22754eb4a9c4e47af31342e5b42d8b) Importer(815301076,1909f56bfc062723c751e8b465ee728b)  -> (artifact id: 'bce0a916c1a91fee0c6e71f6c8c59d6f') in 0.039405 seconds
Number of updated asset objects reloaded before import = 0
Number of asset objects unloaded after import = 3
========================================================================
Received Import Request.
  Time since last request: 3.575782 seconds.
  path: Assets/_TM02-FOREST/Assets/Environment/Packs/PlantsAnimated/Vegetation/Comp 1/PlantSmall_00020.png
  artifactKey: Guid(9f22754eb4a9c4e47af31342e5b42d8b) Importer(815301076,1909f56bfc062723c751e8b465ee728b)
Start importing Assets/_TM02-FOREST/Assets/Environment/Packs/PlantsAnimated/Vegetation/Comp 1/PlantSmall_00020.png using Guid(9f22754eb4a9c4e47af31342e5b42d8b) Importer(815301076,1909f56bfc062723c751e8b465ee728b)  -> (artifact id: '4252be7018b73274742416b4f02b3c32') in 0.027083 seconds
Number of updated asset objects reloaded before import = 0
Number of asset objects unloaded after import = 3
========================================================================
Received Import Request.
  Time since last request: 15.317889 seconds.
  path: Assets/_TM02-FOREST/Assets/Environment/Packs/PlantsAnimated/Vegetation/Comp 1/PlantSmall_00020.png
  artifactKey: Guid(9f22754eb4a9c4e47af31342e5b42d8b) Importer(815301076,1909f56bfc062723c751e8b465ee728b)
Start importing Assets/_TM02-FOREST/Assets/Environment/Packs/PlantsAnimated/Vegetation/Comp 1/PlantSmall_00020.png using Guid(9f22754eb4a9c4e47af31342e5b42d8b) Importer(815301076,1909f56bfc062723c751e8b465ee728b)  -> (artifact id: 'fd1bb8a5981e6cb83fb0572f0289af8a') in 0.034612 seconds
Number of updated asset objects reloaded before import = 0
Number of asset objects unloaded after import = 3
========================================================================
Received Import Request.
  Time since last request: 9.821769 seconds.
  path: Assets/_TM02-FOREST/Assets/Environment/Packs/PlantsAnimated/Vegetation/Comp 1/PlantSmall_00020.png
  artifactKey: Guid(9f22754eb4a9c4e47af31342e5b42d8b) Importer(815301076,1909f56bfc062723c751e8b465ee728b)
Start importing Assets/_TM02-FOREST/Assets/Environment/Packs/PlantsAnimated/Vegetation/Comp 1/PlantSmall_00020.png using Guid(9f22754eb4a9c4e47af31342e5b42d8b) Importer(815301076,1909f56bfc062723c751e8b465ee728b)  -> (artifact id: '855920d9c1e7d0dcb254fe5a7c7ee96a') in 0.030401 seconds
Number of updated asset objects reloaded before import = 0
Number of asset objects unloaded after import = 3
========================================================================
Received Import Request.
  Time since last request: 56.105265 seconds.
  path: Assets/_TM02-FOREST/Assets/Environment/Packs/PlantsAnimated/Vegetation/Comp 1/PlantSmall_00000.png
  artifactKey: Guid(3316a7be8a889a347ad1b4c45284ff0d) Importer(815301076,1909f56bfc062723c751e8b465ee728b)
Start importing Assets/_TM02-FOREST/Assets/Environment/Packs/PlantsAnimated/Vegetation/Comp 1/PlantSmall_00000.png using Guid(3316a7be8a889a347ad1b4c45284ff0d) Importer(815301076,1909f56bfc062723c751e8b465ee728b)  -> (artifact id: '46aebb169c85b729a5890237f9422891') in 0.040803 seconds
Number of updated asset objects reloaded before import = 0
Number of asset objects unloaded after import = 3
========================================================================
Received Import Request.
  Time since last request: 0.804134 seconds.
  path: Assets/_TM02-FOREST/Assets/Environment/Packs/PlantsAnimated/Vegetation/Comp 1/PlantSmall_00025.png
  artifactKey: Guid(72b59384ff87aaf449b90e2679805d33) Importer(815301076,1909f56bfc062723c751e8b465ee728b)
Start importing Assets/_TM02-FOREST/Assets/Environment/Packs/PlantsAnimated/Vegetation/Comp 1/PlantSmall_00025.png using Guid(72b59384ff87aaf449b90e2679805d33) Importer(815301076,1909f56bfc062723c751e8b465ee728b)  -> (artifact id: 'ee4993c92c1d1a77c81bae331c53d133') in 0.039213 seconds
Number of updated asset objects reloaded before import = 0
Number of asset objects unloaded after import = 3
========================================================================
Received Import Request.
  Time since last request: 0.659739 seconds.
  path: Assets/_TM02-FOREST/Assets/Environment/Packs/PlantsAnimated/Vegetation/Comp 1/PlantSmall_00029.png
  artifactKey: Guid(5ccfd508c8a99d147a10a20d745dbe3a) Importer(815301076,1909f56bfc062723c751e8b465ee728b)
Start importing Assets/_TM02-FOREST/Assets/Environment/Packs/PlantsAnimated/Vegetation/Comp 1/PlantSmall_00029.png using Guid(5ccfd508c8a99d147a10a20d745dbe3a) Importer(815301076,1909f56bfc062723c751e8b465ee728b)  -> (artifact id: '0fcdf3e48ef44ea9f5eca6bb47c0078e') in 0.026046 seconds
Number of updated asset objects reloaded before import = 0
Number of asset objects unloaded after import = 3
========================================================================
Received Import Request.
  Time since last request: 13.186329 seconds.
  path: Assets/_TM02-FOREST/Assets/Environment/Packs/PlantsAnimated/Vegetation/Comp 1/PlantSmall_00000.png
  artifactKey: Guid(3316a7be8a889a347ad1b4c45284ff0d) Importer(815301076,1909f56bfc062723c751e8b465ee728b)
Start importing Assets/_TM02-FOREST/Assets/Environment/Packs/PlantsAnimated/Vegetation/Comp 1/PlantSmall_00000.png using Guid(3316a7be8a889a347ad1b4c45284ff0d) Importer(815301076,1909f56bfc062723c751e8b465ee728b)  -> (artifact id: '6daa3a83adcfc49a60642329647d5600') in 0.035476 seconds
Number of updated asset objects reloaded before import = 0
Number of asset objects unloaded after import = 3
========================================================================
Received Import Request.
  Time since last request: 3.500813 seconds.
  path: Assets/_TM02-FOREST/Assets/Environment/Packs/PlantsAnimated/Vegetation/Comp 1/PlantSmall_00014.png
  artifactKey: Guid(4453387697e19624f942685eadfff61a) Importer(815301076,1909f56bfc062723c751e8b465ee728b)
Start importing Assets/_TM02-FOREST/Assets/Environment/Packs/PlantsAnimated/Vegetation/Comp 1/PlantSmall_00014.png using Guid(4453387697e19624f942685eadfff61a) Importer(815301076,1909f56bfc062723c751e8b465ee728b)  -> (artifact id: '4258c2133880e2fa512e6d8af5f79478') in 0.031549 seconds
Number of updated asset objects reloaded before import = 0
Number of asset objects unloaded after import = 3
========================================================================
Received Import Request.
  Time since last request: 28.509854 seconds.
  path: Assets/_TM02-FOREST/Assets/Environment/Packs/PlantsAnimated/Vegetation/Grass2/Grass2_00000.png
  artifactKey: Guid(f2641dcf48e628d4a9d0ad5d9f0f24f2) Importer(815301076,1909f56bfc062723c751e8b465ee728b)
Start importing Assets/_TM02-FOREST/Assets/Environment/Packs/PlantsAnimated/Vegetation/Grass2/Grass2_00000.png using Guid(f2641dcf48e628d4a9d0ad5d9f0f24f2) Importer(815301076,1909f56bfc062723c751e8b465ee728b)  -> (artifact id: '42b3df0e82978b45559a82ffc3be5279') in 0.035029 seconds
Number of updated asset objects reloaded before import = 0
Number of asset objects unloaded after import = 3
========================================================================
Received Import Request.
  Time since last request: 0.515144 seconds.
  path: Assets/_TM02-FOREST/Assets/Environment/Packs/PlantsAnimated/Vegetation/Grass2/Grass2_00029.png
  artifactKey: Guid(ed04b4b15f577d44aacd7bac57caaa74) Importer(815301076,1909f56bfc062723c751e8b465ee728b)
Start importing Assets/_TM02-FOREST/Assets/Environment/Packs/PlantsAnimated/Vegetation/Grass2/Grass2_00029.png using Guid(ed04b4b15f577d44aacd7bac57caaa74) Importer(815301076,1909f56bfc062723c751e8b465ee728b)  -> (artifact id: '48843c59a09cc4305400b0446ee74483') in 0.045943 seconds
Number of updated asset objects reloaded before import = 0
Number of asset objects unloaded after import = 3
========================================================================
Received Import Request.
  Time since last request: 116.267100 seconds.
  path: Assets/_TM02-FOREST/Prefabs/Environments/Plants/Mushroom 1.prefab
  artifactKey: Guid(2298771100c1a374396a21d2106d9b62) Importer(815301076,1909f56bfc062723c751e8b465ee728b)
Start importing Assets/_TM02-FOREST/Prefabs/Environments/Plants/Mushroom 1.prefab using Guid(2298771100c1a374396a21d2106d9b62) Importer(815301076,1909f56bfc062723c751e8b465ee728b)  -> (artifact id: '9d4d251418f8db7472f70e61d9512234') in 0.058975 seconds
Number of updated asset objects reloaded before import = 0
Number of asset objects unloaded after import = 24
========================================================================
Received Import Request.
  Time since last request: 3.291030 seconds.
  path: Assets/_TM02-FOREST/Prefabs/Environments/Plants/Mushroom 5.prefab
  artifactKey: Guid(4ed8f8089149c71409dae62e68c319cd) Importer(815301076,1909f56bfc062723c751e8b465ee728b)
Start importing Assets/_TM02-FOREST/Prefabs/Environments/Plants/Mushroom 5.prefab using Guid(4ed8f8089149c71409dae62e68c319cd) Importer(815301076,1909f56bfc062723c751e8b465ee728b)  -> (artifact id: '09a54513c0f053382c95dac27c095236') in 0.043529 seconds
Number of updated asset objects reloaded before import = 0
Number of asset objects unloaded after import = 27
========================================================================
Received Import Request.
  Time since last request: 5.063060 seconds.
  path: Assets/_TM02-FOREST/Prefabs/Environments/Plants/Mushroom 5.prefab
  artifactKey: Guid(4ed8f8089149c71409dae62e68c319cd) Importer(815301076,1909f56bfc062723c751e8b465ee728b)
Start importing Assets/_TM02-FOREST/Prefabs/Environments/Plants/Mushroom 5.prefab using Guid(4ed8f8089149c71409dae62e68c319cd) Importer(815301076,1909f56bfc062723c751e8b465ee728b)  -> (artifact id: 'b030b04f8b6e5adb6f3d6db12c56d1de') in 0.031425 seconds
Number of updated asset objects reloaded before import = 0
Number of asset objects unloaded after import = 27
========================================================================
Received Import Request.
  Time since last request: 44.954657 seconds.
  path: Assets/_TM02-FOREST/Prefabs/Environments/Plants/Mushroom 8.prefab
  artifactKey: Guid(625fd983333ba0c479a345243b534cf8) Importer(815301076,1909f56bfc062723c751e8b465ee728b)
Start importing Assets/_TM02-FOREST/Prefabs/Environments/Plants/Mushroom 8.prefab using Guid(625fd983333ba0c479a345243b534cf8) Importer(815301076,1909f56bfc062723c751e8b465ee728b)  -> (artifact id: 'b297c86609a52ea76d70d39028800476') in 0.024592 seconds
Number of updated asset objects reloaded before import = 0
Number of asset objects unloaded after import = 24
========================================================================
Received Prepare
Begin MonoManager ReloadAssembly
Symbol file LoadedFromMemory is not a mono symbol file
- Loaded All Assemblies, in  6.646 seconds
Refreshing native plugins compatible for Editor in 20.58 ms, found 9 plugins.
Native extension for WindowsStandalone target not found
Native extension for iOS target not found
Native extension for Android target not found
[Package Manager] Server::EnsureServerProcessIsRunning -- launch failed, reason: Unity was launched with the -noUpm command-line argument
[Package Manager] UpmClient::Send -- Unable to send message (not connected to UPM process).
[Package Manager] Cannot connect to Unity Package Manager local server
Mono: successfully reloaded assembly
- Finished resetting the current domain, in  7.607 seconds
Domain Reload Profiling: 14260ms
	BeginReloadAssembly (1670ms)
		ExecutionOrderSort (0ms)
		DisableScriptedObjects (127ms)
		BackupInstance (0ms)
		ReleaseScriptingObjects (5ms)
		CreateAndSetChildDomain (952ms)
	RebuildCommonClasses (57ms)
	RebuildNativeTypeToScriptingClass (10ms)
	initialDomainReloadingComplete (43ms)
	LoadAllAssembliesAndSetupDomain (4873ms)
		LoadAssemblies (4977ms)
		RebuildTransferFunctionScriptingTraits (0ms)
		AnalyzeDomain (135ms)
			TypeCache.Refresh (51ms)
				TypeCache.ScanAssembly (0ms)
			ScanForSourceGeneratedMonoScriptInfo (3ms)
			ResolveRequiredComponents (76ms)
	FinalizeReload (7608ms)
		ReleaseScriptCaches (0ms)
		RebuildScriptCaches (0ms)
		SetupLoadedEditorAssemblies (2736ms)
			LogAssemblyErrors (0ms)
			InitializePlatformSupportModulesInManaged (49ms)
			SetLoadedEditorAssemblies (17ms)
			RefreshPlugins (0ms)
			BeforeProcessingInitializeOnLoad (272ms)
			ProcessInitializeOnLoadAttributes (1619ms)
			ProcessInitializeOnLoadMethodAttributes (774ms)
			AfterProcessingInitializeOnLoad (2ms)
			EditorAssembliesLoaded (1ms)
		ExecutionOrderSort2 (0ms)
		AwakeInstancesAfterBackupRestoration (27ms)
Shader 'MoreMountains/MMRipple': fallback shader 'Particle/AlphaBlended' not found
Refreshing native plugins compatible for Editor in 26.83 ms, found 9 plugins.
Preloading 0 native plugins for Editor in 0.00 ms.
Unloading 8779 Unused Serialized files (Serialized files now loaded: 0)
Unloading 99 unused Assets / (1.2 MB). Loaded Objects now: 10084.
Memory consumption went from 446.8 MB to 445.6 MB.
Total: 30.880700 ms (FindLiveObjects: 1.870300 ms CreateObjectMapping: 1.619500 ms MarkObjects: 26.591100 ms  DeleteObjects: 0.797900 ms)

Prepare: number of updated asset objects reloaded= 0
AssetImportParameters requested are different than current active one (requested -> active):
  custom:container-demuxer-ogg: 62fdf1f143b41e24485cea50d1cbac27 -> 
  custom:framework-win-MediaFoundation: 216162199b28c13a410421893ffa2e32 -> 
  custom:container-muxer-webm: aa71ff27fc2769a1b78a27578f13a17b -> 
  custom:video-decoder-webm-vp8: 9c59270c3fd7afecdb556c50c9e8de78 -> 
  custom:SearchIndexIgnoredProperties: e643bd26f0fe6173181afceb89e7c659 -> 
  custom:AudioImporter_EditorPlatform: d09bf68614088b80899f8185d706f6e7 -> 
  custom:audio-decoder-ogg-vorbis: bf7c407c2cedff20999df2af8eb42d56 -> 
  custom:audio-encoder-webm-vorbis: bf7c407c2cedff20999df2af8eb42d56 -> 
  custom:video-codec-MediaFoundation-h265: 746d11721c4dcdbdad8f713fa42b33f4 -> 
  custom:video-decoder-ogg-theora: a1e56fd34408186e4bbccfd4996cb3dc -> 
  custom:CustomObjectIndexerAttribute: 72b91833f83ae208fae7752999fa3104 -> 
  custom:container-demuxer-webm: 4f35f7cbe854078d1ac9338744f61a02 -> 
  custom:video-encoder-webm-vp8: eb34c28f22e8b96e1ab97ce403110664 -> 
========================================================================
Received Prepare
Begin MonoManager ReloadAssembly
Symbol file LoadedFromMemory is not a mono symbol file
- Loaded All Assemblies, in  1.346 seconds
Refreshing native plugins compatible for Editor in 9.75 ms, found 9 plugins.
Native extension for WindowsStandalone target not found
Native extension for iOS target not found
Native extension for Android target not found
[Package Manager] Server::EnsureServerProcessIsRunning -- launch failed, reason: Unity was launched with the -noUpm command-line argument
[Package Manager] UpmClient::Send -- Unable to send message (not connected to UPM process).
[Package Manager] Cannot connect to Unity Package Manager local server
Mono: successfully reloaded assembly
- Finished resetting the current domain, in  6.125 seconds
Domain Reload Profiling: 7475ms
	BeginReloadAssembly (332ms)
		ExecutionOrderSort (0ms)
		DisableScriptedObjects (13ms)
		BackupInstance (0ms)
		ReleaseScriptingObjects (2ms)
		CreateAndSetChildDomain (117ms)
	RebuildCommonClasses (50ms)
	RebuildNativeTypeToScriptingClass (9ms)
	initialDomainReloadingComplete (40ms)
	LoadAllAssembliesAndSetupDomain (916ms)
		LoadAssemblies (977ms)
		RebuildTransferFunctionScriptingTraits (0ms)
		AnalyzeDomain (70ms)
			TypeCache.Refresh (27ms)
				TypeCache.ScanAssembly (0ms)
			ScanForSourceGeneratedMonoScriptInfo (0ms)
			ResolveRequiredComponents (39ms)
	FinalizeReload (6127ms)
		ReleaseScriptCaches (0ms)
		RebuildScriptCaches (0ms)
		SetupLoadedEditorAssemblies (2912ms)
			LogAssemblyErrors (0ms)
			InitializePlatformSupportModulesInManaged (87ms)
			SetLoadedEditorAssemblies (39ms)
			RefreshPlugins (0ms)
			BeforeProcessingInitializeOnLoad (288ms)
			ProcessInitializeOnLoadAttributes (1628ms)
			ProcessInitializeOnLoadMethodAttributes (866ms)
			AfterProcessingInitializeOnLoad (2ms)
			EditorAssembliesLoaded (2ms)
		ExecutionOrderSort2 (0ms)
		AwakeInstancesAfterBackupRestoration (52ms)
Shader 'MoreMountains/MMRipple': fallback shader 'Particle/AlphaBlended' not found
Refreshing native plugins compatible for Editor in 51.31 ms, found 9 plugins.
Preloading 0 native plugins for Editor in 0.00 ms.
Unloading 8779 Unused Serialized files (Serialized files now loaded: 0)
Unloading 99 unused Assets / (1.3 MB). Loaded Objects now: 10099.
Memory consumption went from 448.7 MB to 447.4 MB.
Total: 37.647100 ms (FindLiveObjects: 1.576700 ms CreateObjectMapping: 0.892600 ms MarkObjects: 33.713900 ms  DeleteObjects: 1.461100 ms)

Prepare: number of updated asset objects reloaded= 0
AssetImportParameters requested are different than current active one (requested -> active):
  custom:container-demuxer-ogg: 62fdf1f143b41e24485cea50d1cbac27 -> 
  custom:framework-win-MediaFoundation: 216162199b28c13a410421893ffa2e32 -> 
  custom:container-muxer-webm: aa71ff27fc2769a1b78a27578f13a17b -> 
  custom:video-decoder-webm-vp8: 9c59270c3fd7afecdb556c50c9e8de78 -> 
  custom:SearchIndexIgnoredProperties: e643bd26f0fe6173181afceb89e7c659 -> 
  custom:AudioImporter_EditorPlatform: d09bf68614088b80899f8185d706f6e7 -> 
  custom:audio-decoder-ogg-vorbis: bf7c407c2cedff20999df2af8eb42d56 -> 
  custom:audio-encoder-webm-vorbis: bf7c407c2cedff20999df2af8eb42d56 -> 
  custom:video-codec-MediaFoundation-h265: 746d11721c4dcdbdad8f713fa42b33f4 -> 
  custom:video-decoder-ogg-theora: a1e56fd34408186e4bbccfd4996cb3dc -> 
  custom:CustomObjectIndexerAttribute: 72b91833f83ae208fae7752999fa3104 -> 
  custom:container-demuxer-webm: 4f35f7cbe854078d1ac9338744f61a02 -> 
  custom:video-encoder-webm-vp8: eb34c28f22e8b96e1ab97ce403110664 -> 
========================================================================
Received Prepare
Begin MonoManager ReloadAssembly
Symbol file LoadedFromMemory is not a mono symbol file
- Loaded All Assemblies, in  0.895 seconds
Refreshing native plugins compatible for Editor in 11.79 ms, found 9 plugins.
Native extension for WindowsStandalone target not found
Native extension for iOS target not found
Native extension for Android target not found
[Package Manager] Server::EnsureServerProcessIsRunning -- launch failed, reason: Unity was launched with the -noUpm command-line argument
[Package Manager] UpmClient::Send -- Unable to send message (not connected to UPM process).
[Package Manager] Cannot connect to Unity Package Manager local server
Mono: successfully reloaded assembly
- Finished resetting the current domain, in  4.524 seconds
Domain Reload Profiling: 5419ms
	BeginReloadAssembly (201ms)
		ExecutionOrderSort (0ms)
		DisableScriptedObjects (11ms)
		BackupInstance (0ms)
		ReleaseScriptingObjects (0ms)
		CreateAndSetChildDomain (83ms)
	RebuildCommonClasses (31ms)
	RebuildNativeTypeToScriptingClass (12ms)
	initialDomainReloadingComplete (27ms)
	LoadAllAssembliesAndSetupDomain (623ms)
		LoadAssemblies (652ms)
		RebuildTransferFunctionScriptingTraits (0ms)
		AnalyzeDomain (40ms)
			TypeCache.Refresh (11ms)
				TypeCache.ScanAssembly (0ms)
			ScanForSourceGeneratedMonoScriptInfo (1ms)
			ResolveRequiredComponents (24ms)
	FinalizeReload (4525ms)
		ReleaseScriptCaches (0ms)
		RebuildScriptCaches (0ms)
		SetupLoadedEditorAssemblies (2304ms)
			LogAssemblyErrors (0ms)
			InitializePlatformSupportModulesInManaged (39ms)
			SetLoadedEditorAssemblies (7ms)
			RefreshPlugins (0ms)
			BeforeProcessingInitializeOnLoad (218ms)
			ProcessInitializeOnLoadAttributes (1537ms)
			ProcessInitializeOnLoadMethodAttributes (500ms)
			AfterProcessingInitializeOnLoad (2ms)
			EditorAssembliesLoaded (1ms)
		ExecutionOrderSort2 (0ms)
		AwakeInstancesAfterBackupRestoration (37ms)
Shader 'MoreMountains/MMRipple': fallback shader 'Particle/AlphaBlended' not found
Refreshing native plugins compatible for Editor in 34.27 ms, found 9 plugins.
Preloading 0 native plugins for Editor in 0.00 ms.
Unloading 8779 Unused Serialized files (Serialized files now loaded: 0)
Unloading 99 unused Assets / (1.1 MB). Loaded Objects now: 10114.
Memory consumption went from 450.3 MB to 449.2 MB.
Total: 41.471500 ms (FindLiveObjects: 1.279300 ms CreateObjectMapping: 1.785600 ms MarkObjects: 37.333400 ms  DeleteObjects: 1.067700 ms)

Prepare: number of updated asset objects reloaded= 0
AssetImportParameters requested are different than current active one (requested -> active):
  custom:container-demuxer-ogg: 62fdf1f143b41e24485cea50d1cbac27 -> 
  custom:framework-win-MediaFoundation: 216162199b28c13a410421893ffa2e32 -> 
  custom:container-muxer-webm: aa71ff27fc2769a1b78a27578f13a17b -> 
  custom:video-decoder-webm-vp8: 9c59270c3fd7afecdb556c50c9e8de78 -> 
  custom:SearchIndexIgnoredProperties: e643bd26f0fe6173181afceb89e7c659 -> 
  custom:AudioImporter_EditorPlatform: d09bf68614088b80899f8185d706f6e7 -> 
  custom:audio-decoder-ogg-vorbis: bf7c407c2cedff20999df2af8eb42d56 -> 
  custom:audio-encoder-webm-vorbis: bf7c407c2cedff20999df2af8eb42d56 -> 
  custom:video-codec-MediaFoundation-h265: 746d11721c4dcdbdad8f713fa42b33f4 -> 
  custom:video-decoder-ogg-theora: a1e56fd34408186e4bbccfd4996cb3dc -> 
  custom:CustomObjectIndexerAttribute: 72b91833f83ae208fae7752999fa3104 -> 
  custom:container-demuxer-webm: 4f35f7cbe854078d1ac9338744f61a02 -> 
  custom:video-encoder-webm-vp8: eb34c28f22e8b96e1ab97ce403110664 -> 
========================================================================
Received Prepare
Begin MonoManager ReloadAssembly
Symbol file LoadedFromMemory is not a mono symbol file
- Loaded All Assemblies, in  3.333 seconds
Refreshing native plugins compatible for Editor in 9.53 ms, found 9 plugins.
Native extension for WindowsStandalone target not found
Native extension for iOS target not found
Native extension for Android target not found
[Package Manager] Server::EnsureServerProcessIsRunning -- launch failed, reason: Unity was launched with the -noUpm command-line argument
[Package Manager] UpmClient::Send -- Unable to send message (not connected to UPM process).
[Package Manager] Cannot connect to Unity Package Manager local server
Mono: successfully reloaded assembly
- Finished resetting the current domain, in  4.179 seconds
Domain Reload Profiling: 7519ms
	BeginReloadAssembly (475ms)
		ExecutionOrderSort (0ms)
		DisableScriptedObjects (27ms)
		BackupInstance (0ms)
		ReleaseScriptingObjects (0ms)
		CreateAndSetChildDomain (174ms)
	RebuildCommonClasses (57ms)
	RebuildNativeTypeToScriptingClass (13ms)
	initialDomainReloadingComplete (59ms)
	LoadAllAssembliesAndSetupDomain (2733ms)
		LoadAssemblies (2798ms)
		RebuildTransferFunctionScriptingTraits (0ms)
		AnalyzeDomain (135ms)
			TypeCache.Refresh (47ms)
				TypeCache.ScanAssembly (0ms)
			ScanForSourceGeneratedMonoScriptInfo (6ms)
			ResolveRequiredComponents (77ms)
	FinalizeReload (4181ms)
		ReleaseScriptCaches (0ms)
		RebuildScriptCaches (0ms)
		SetupLoadedEditorAssemblies (1760ms)
			LogAssemblyErrors (0ms)
			InitializePlatformSupportModulesInManaged (29ms)
			SetLoadedEditorAssemblies (6ms)
			RefreshPlugins (0ms)
			BeforeProcessingInitializeOnLoad (170ms)
			ProcessInitializeOnLoadAttributes (1070ms)
			ProcessInitializeOnLoadMethodAttributes (481ms)
			AfterProcessingInitializeOnLoad (2ms)
			EditorAssembliesLoaded (1ms)
		ExecutionOrderSort2 (0ms)
		AwakeInstancesAfterBackupRestoration (37ms)
Shader 'MoreMountains/MMRipple': fallback shader 'Particle/AlphaBlended' not found
Refreshing native plugins compatible for Editor in 17.43 ms, found 9 plugins.
Preloading 0 native plugins for Editor in 0.00 ms.
Unloading 8779 Unused Serialized files (Serialized files now loaded: 0)
Unloading 99 unused Assets / (1.1 MB). Loaded Objects now: 10129.
Memory consumption went from 441.1 MB to 439.9 MB.
Total: 52.494400 ms (FindLiveObjects: 1.055100 ms CreateObjectMapping: 1.383400 ms MarkObjects: 47.189700 ms  DeleteObjects: 2.863500 ms)

Prepare: number of updated asset objects reloaded= 0
AssetImportParameters requested are different than current active one (requested -> active):
  custom:container-demuxer-ogg: 62fdf1f143b41e24485cea50d1cbac27 -> 
  custom:framework-win-MediaFoundation: 216162199b28c13a410421893ffa2e32 -> 
  custom:container-muxer-webm: aa71ff27fc2769a1b78a27578f13a17b -> 
  custom:video-decoder-webm-vp8: 9c59270c3fd7afecdb556c50c9e8de78 -> 
  custom:SearchIndexIgnoredProperties: e643bd26f0fe6173181afceb89e7c659 -> 
  custom:AudioImporter_EditorPlatform: d09bf68614088b80899f8185d706f6e7 -> 
  custom:audio-decoder-ogg-vorbis: bf7c407c2cedff20999df2af8eb42d56 -> 
  custom:audio-encoder-webm-vorbis: bf7c407c2cedff20999df2af8eb42d56 -> 
  custom:video-codec-MediaFoundation-h265: 746d11721c4dcdbdad8f713fa42b33f4 -> 
  custom:video-decoder-ogg-theora: a1e56fd34408186e4bbccfd4996cb3dc -> 
  custom:CustomObjectIndexerAttribute: 72b91833f83ae208fae7752999fa3104 -> 
  custom:container-demuxer-webm: 4f35f7cbe854078d1ac9338744f61a02 -> 
  custom:video-encoder-webm-vp8: eb34c28f22e8b96e1ab97ce403110664 -> 
========================================================================
Received Import Request.
  Time since last request: 964.337221 seconds.
  path: Assets/_TM02-FOREST/Prefabs/Environments/Plants/Mushroom 3.prefab
  artifactKey: Guid(16172a2b197ae45478308ee1de7ba9eb) Importer(815301076,1909f56bfc062723c751e8b465ee728b)
Start importing Assets/_TM02-FOREST/Prefabs/Environments/Plants/Mushroom 3.prefab using Guid(16172a2b197ae45478308ee1de7ba9eb) Importer(815301076,1909f56bfc062723c751e8b465ee728b)  -> (artifact id: '454e7930269e9275190ba0efa4e86e9b') in 0.406707 seconds
Number of updated asset objects reloaded before import = 0
Number of asset objects unloaded after import = 41
========================================================================
Received Import Request.
  Time since last request: 0.383776 seconds.
  path: Assets/_TM02-FOREST/Prefabs/Environments/Plants/Mushroom 1.prefab
  artifactKey: Guid(2298771100c1a374396a21d2106d9b62) Importer(815301076,1909f56bfc062723c751e8b465ee728b)
Start importing Assets/_TM02-FOREST/Prefabs/Environments/Plants/Mushroom 1.prefab using Guid(2298771100c1a374396a21d2106d9b62) Importer(815301076,1909f56bfc062723c751e8b465ee728b)  -> (artifact id: '04d23dab79b48675b1df9aa8ee0a7793') in 0.016764 seconds
Number of updated asset objects reloaded before import = 0
Number of asset objects unloaded after import = 24
========================================================================
Received Import Request.
  Time since last request: 24.289729 seconds.
  path: Assets/_TM02-FOREST/Prefabs/Environments/Plants/Mushroom 6.prefab
  artifactKey: Guid(9e186739e96ea1e4bada145fbdbf4bde) Importer(815301076,1909f56bfc062723c751e8b465ee728b)
Start importing Assets/_TM02-FOREST/Prefabs/Environments/Plants/Mushroom 6.prefab using Guid(9e186739e96ea1e4bada145fbdbf4bde) Importer(815301076,1909f56bfc062723c751e8b465ee728b)  -> (artifact id: 'dc646720eb59c580f396362af73d8040') in 0.045269 seconds
Number of updated asset objects reloaded before import = 0
Number of asset objects unloaded after import = 30
========================================================================
Received Import Request.
  Time since last request: 54.864647 seconds.
  path: Assets/_TM02-FOREST/Prefabs/Environments/Plants/Mushroom 7.prefab
  artifactKey: Guid(ea3f7ecd303b7d74a882c5eea5a92370) Importer(815301076,1909f56bfc062723c751e8b465ee728b)
Start importing Assets/_TM02-FOREST/Prefabs/Environments/Plants/Mushroom 7.prefab using Guid(ea3f7ecd303b7d74a882c5eea5a92370) Importer(815301076,1909f56bfc062723c751e8b465ee728b)  -> (artifact id: 'c33e05350d766c298bdf2acb6f233f7b') in 0.024813 seconds
Number of updated asset objects reloaded before import = 0
Number of asset objects unloaded after import = 24
========================================================================
Received Import Request.
  Time since last request: 3.186355 seconds.
  path: Assets/_TM02-FOREST/Prefabs/Environments/Plants/Mushroom 2.prefab
  artifactKey: Guid(5eca918de5e412641a257ceccb51364e) Importer(815301076,1909f56bfc062723c751e8b465ee728b)
Start importing Assets/_TM02-FOREST/Prefabs/Environments/Plants/Mushroom 2.prefab using Guid(5eca918de5e412641a257ceccb51364e) Importer(815301076,1909f56bfc062723c751e8b465ee728b)  -> (artifact id: '08cdc463452b27d96c0709a8ca4867c4') in 0.020903 seconds
Number of updated asset objects reloaded before import = 0
Number of asset objects unloaded after import = 24
========================================================================
Received Prepare
Begin MonoManager ReloadAssembly
Symbol file LoadedFromMemory is not a mono symbol file
- Loaded All Assemblies, in  2.811 seconds
Refreshing native plugins compatible for Editor in 13.86 ms, found 9 plugins.
Native extension for WindowsStandalone target not found
Native extension for iOS target not found
Native extension for Android target not found
[Package Manager] Server::EnsureServerProcessIsRunning -- launch failed, reason: Unity was launched with the -noUpm command-line argument
[Package Manager] UpmClient::Send -- Unable to send message (not connected to UPM process).
[Package Manager] Cannot connect to Unity Package Manager local server
Mono: successfully reloaded assembly
- Finished resetting the current domain, in  6.345 seconds
Domain Reload Profiling: 9157ms
	BeginReloadAssembly (1759ms)
		ExecutionOrderSort (0ms)
		DisableScriptedObjects (113ms)
		BackupInstance (0ms)
		ReleaseScriptingObjects (3ms)
		CreateAndSetChildDomain (1133ms)
	RebuildCommonClasses (38ms)
	RebuildNativeTypeToScriptingClass (10ms)
	initialDomainReloadingComplete (34ms)
	LoadAllAssembliesAndSetupDomain (971ms)
		LoadAssemblies (1201ms)
		RebuildTransferFunctionScriptingTraits (0ms)
		AnalyzeDomain (39ms)
			TypeCache.Refresh (10ms)
				TypeCache.ScanAssembly (0ms)
			ScanForSourceGeneratedMonoScriptInfo (0ms)
			ResolveRequiredComponents (25ms)
	FinalizeReload (6346ms)
		ReleaseScriptCaches (0ms)
		RebuildScriptCaches (0ms)
		SetupLoadedEditorAssemblies (3030ms)
			LogAssemblyErrors (0ms)
			InitializePlatformSupportModulesInManaged (96ms)
			SetLoadedEditorAssemblies (63ms)
			RefreshPlugins (0ms)
			BeforeProcessingInitializeOnLoad (378ms)
			ProcessInitializeOnLoadAttributes (1850ms)
			ProcessInitializeOnLoadMethodAttributes (621ms)
			AfterProcessingInitializeOnLoad (2ms)
			EditorAssembliesLoaded (20ms)
		ExecutionOrderSort2 (0ms)
		AwakeInstancesAfterBackupRestoration (45ms)
Shader 'MoreMountains/MMRipple': fallback shader 'Particle/AlphaBlended' not found
Refreshing native plugins compatible for Editor in 21.72 ms, found 9 plugins.
Preloading 0 native plugins for Editor in 0.00 ms.
Unloading 8779 Unused Serialized files (Serialized files now loaded: 0)
Unloading 99 unused Assets / (1.1 MB). Loaded Objects now: 10181.
Memory consumption went from 443.2 MB to 442.1 MB.
Total: 44.837500 ms (FindLiveObjects: 2.220000 ms CreateObjectMapping: 3.213500 ms MarkObjects: 36.971400 ms  DeleteObjects: 2.429100 ms)

Prepare: number of updated asset objects reloaded= 0
AssetImportParameters requested are different than current active one (requested -> active):
  custom:container-demuxer-ogg: 62fdf1f143b41e24485cea50d1cbac27 -> 
  custom:framework-win-MediaFoundation: 216162199b28c13a410421893ffa2e32 -> 
  custom:container-muxer-webm: aa71ff27fc2769a1b78a27578f13a17b -> 
  custom:video-decoder-webm-vp8: 9c59270c3fd7afecdb556c50c9e8de78 -> 
  custom:SearchIndexIgnoredProperties: e643bd26f0fe6173181afceb89e7c659 -> 
  custom:AudioImporter_EditorPlatform: d09bf68614088b80899f8185d706f6e7 -> 
  custom:audio-decoder-ogg-vorbis: bf7c407c2cedff20999df2af8eb42d56 -> 
  custom:audio-encoder-webm-vorbis: bf7c407c2cedff20999df2af8eb42d56 -> 
  custom:video-codec-MediaFoundation-h265: 746d11721c4dcdbdad8f713fa42b33f4 -> 
  custom:video-decoder-ogg-theora: a1e56fd34408186e4bbccfd4996cb3dc -> 
  custom:CustomObjectIndexerAttribute: 72b91833f83ae208fae7752999fa3104 -> 
  custom:container-demuxer-webm: 4f35f7cbe854078d1ac9338744f61a02 -> 
  custom:video-encoder-webm-vp8: eb34c28f22e8b96e1ab97ce403110664 -> 
========================================================================
Received Import Request.
  Time since last request: 416.524285 seconds.
  path: Assets/_TM02-FOREST/Prefabs/Environments/Plants/Mushroom 8.prefab
  artifactKey: Guid(625fd983333ba0c479a345243b534cf8) Importer(815301076,1909f56bfc062723c751e8b465ee728b)
Start importing Assets/_TM02-FOREST/Prefabs/Environments/Plants/Mushroom 8.prefab using Guid(625fd983333ba0c479a345243b534cf8) Importer(815301076,1909f56bfc062723c751e8b465ee728b)  -> (artifact id: '0454c1c0805989c293953a66487e1318') in 0.379602 seconds
Number of updated asset objects reloaded before import = 0
Number of asset objects unloaded after import = 41
========================================================================
Received Import Request.
  Time since last request: 45.180456 seconds.
  path: Assets/_TM02-FOREST/Assets/Environment/Packs/Free-Top-Down-Pixel-Art-Cave-Objects/PNG/Cave_objects_source.png
  artifactKey: Guid(f7cc987e5e6290f46b525cdd94a718b6) Importer(815301076,1909f56bfc062723c751e8b465ee728b)
Start importing Assets/_TM02-FOREST/Assets/Environment/Packs/Free-Top-Down-Pixel-Art-Cave-Objects/PNG/Cave_objects_source.png using Guid(f7cc987e5e6290f46b525cdd94a718b6) Importer(815301076,1909f56bfc062723c751e8b465ee728b)  -> (artifact id: '18ac5637eacb9806d7a9e865d0a4ddbe') in 0.470816 seconds
Number of updated asset objects reloaded before import = 0
Number of asset objects unloaded after import = 106
========================================================================
Received Prepare
Begin MonoManager ReloadAssembly
Symbol file LoadedFromMemory is not a mono symbol file
- Loaded All Assemblies, in  2.012 seconds
Refreshing native plugins compatible for Editor in 25.68 ms, found 9 plugins.
Native extension for WindowsStandalone target not found
Native extension for iOS target not found
Native extension for Android target not found
[Package Manager] Server::EnsureServerProcessIsRunning -- launch failed, reason: Unity was launched with the -noUpm command-line argument
[Package Manager] UpmClient::Send -- Unable to send message (not connected to UPM process).
[Package Manager] Cannot connect to Unity Package Manager local server
Mono: successfully reloaded assembly
- Finished resetting the current domain, in  6.566 seconds
Domain Reload Profiling: 8605ms
	BeginReloadAssembly (419ms)
		ExecutionOrderSort (0ms)
		DisableScriptedObjects (33ms)
		BackupInstance (0ms)
		ReleaseScriptingObjects (0ms)
		CreateAndSetChildDomain (211ms)
	RebuildCommonClasses (34ms)
	RebuildNativeTypeToScriptingClass (10ms)
	initialDomainReloadingComplete (42ms)
	LoadAllAssembliesAndSetupDomain (1533ms)
		LoadAssemblies (1245ms)
		RebuildTransferFunctionScriptingTraits (0ms)
		AnalyzeDomain (368ms)
			TypeCache.Refresh (197ms)
				TypeCache.ScanAssembly (0ms)
			ScanForSourceGeneratedMonoScriptInfo (7ms)
			ResolveRequiredComponents (161ms)
	FinalizeReload (6568ms)
		ReleaseScriptCaches (0ms)
		RebuildScriptCaches (0ms)
		SetupLoadedEditorAssemblies (3226ms)
			LogAssemblyErrors (0ms)
			InitializePlatformSupportModulesInManaged (63ms)
			SetLoadedEditorAssemblies (17ms)
			RefreshPlugins (0ms)
			BeforeProcessingInitializeOnLoad (366ms)
			ProcessInitializeOnLoadAttributes (2007ms)
			ProcessInitializeOnLoadMethodAttributes (770ms)
			AfterProcessingInitializeOnLoad (2ms)
			EditorAssembliesLoaded (1ms)
		ExecutionOrderSort2 (0ms)
		AwakeInstancesAfterBackupRestoration (40ms)
Shader 'MoreMountains/MMRipple': fallback shader 'Particle/AlphaBlended' not found
Refreshing native plugins compatible for Editor in 21.10 ms, found 9 plugins.
Preloading 0 native plugins for Editor in 0.00 ms.
Unloading 8779 Unused Serialized files (Serialized files now loaded: 0)
Unloading 99 unused Assets / (1.3 MB). Loaded Objects now: 10320.
Memory consumption went from 456.8 MB to 455.5 MB.
Total: 40.065200 ms (FindLiveObjects: 1.645000 ms CreateObjectMapping: 1.530900 ms MarkObjects: 34.592000 ms  DeleteObjects: 2.294700 ms)

Prepare: number of updated asset objects reloaded= 0
AssetImportParameters requested are different than current active one (requested -> active):
  custom:container-demuxer-ogg: 62fdf1f143b41e24485cea50d1cbac27 -> 
  custom:framework-win-MediaFoundation: 216162199b28c13a410421893ffa2e32 -> 
  custom:container-muxer-webm: aa71ff27fc2769a1b78a27578f13a17b -> 
  custom:video-decoder-webm-vp8: 9c59270c3fd7afecdb556c50c9e8de78 -> 
  custom:SearchIndexIgnoredProperties: e643bd26f0fe6173181afceb89e7c659 -> 
  custom:AudioImporter_EditorPlatform: d09bf68614088b80899f8185d706f6e7 -> 
  custom:audio-decoder-ogg-vorbis: bf7c407c2cedff20999df2af8eb42d56 -> 
  custom:audio-encoder-webm-vorbis: bf7c407c2cedff20999df2af8eb42d56 -> 
  custom:video-codec-MediaFoundation-h265: 746d11721c4dcdbdad8f713fa42b33f4 -> 
  custom:video-decoder-ogg-theora: a1e56fd34408186e4bbccfd4996cb3dc -> 
  custom:CustomObjectIndexerAttribute: 72b91833f83ae208fae7752999fa3104 -> 
  custom:container-demuxer-webm: 4f35f7cbe854078d1ac9338744f61a02 -> 
  custom:video-encoder-webm-vp8: eb34c28f22e8b96e1ab97ce403110664 -> 
========================================================================
Received Prepare
Begin MonoManager ReloadAssembly
Symbol file LoadedFromMemory is not a mono symbol file
- Loaded All Assemblies, in  1.409 seconds
Refreshing native plugins compatible for Editor in 15.35 ms, found 9 plugins.
Native extension for WindowsStandalone target not found
Native extension for iOS target not found
Native extension for Android target not found
[Package Manager] Server::EnsureServerProcessIsRunning -- launch failed, reason: Unity was launched with the -noUpm command-line argument
[Package Manager] UpmClient::Send -- Unable to send message (not connected to UPM process).
[Package Manager] Cannot connect to Unity Package Manager local server
Mono: successfully reloaded assembly
- Finished resetting the current domain, in  4.535 seconds
Domain Reload Profiling: 5959ms
	BeginReloadAssembly (312ms)
		ExecutionOrderSort (0ms)
		DisableScriptedObjects (19ms)
		BackupInstance (0ms)
		ReleaseScriptingObjects (1ms)
		CreateAndSetChildDomain (108ms)
	RebuildCommonClasses (40ms)
	RebuildNativeTypeToScriptingClass (16ms)
	initialDomainReloadingComplete (46ms)
	LoadAllAssembliesAndSetupDomain (1009ms)
		LoadAssemblies (826ms)
		RebuildTransferFunctionScriptingTraits (0ms)
		AnalyzeDomain (290ms)
			TypeCache.Refresh (170ms)
				TypeCache.ScanAssembly (0ms)
			ScanForSourceGeneratedMonoScriptInfo (2ms)
			ResolveRequiredComponents (115ms)
	FinalizeReload (4535ms)
		ReleaseScriptCaches (0ms)
		RebuildScriptCaches (0ms)
		SetupLoadedEditorAssemblies (2337ms)
			LogAssemblyErrors (0ms)
			InitializePlatformSupportModulesInManaged (44ms)
			SetLoadedEditorAssemblies (10ms)
			RefreshPlugins (0ms)
			BeforeProcessingInitializeOnLoad (228ms)
			ProcessInitializeOnLoadAttributes (1555ms)
			ProcessInitializeOnLoadMethodAttributes (497ms)
			AfterProcessingInitializeOnLoad (2ms)
			EditorAssembliesLoaded (1ms)
		ExecutionOrderSort2 (0ms)
		AwakeInstancesAfterBackupRestoration (31ms)
Shader 'MoreMountains/MMRipple': fallback shader 'Particle/AlphaBlended' not found
Refreshing native plugins compatible for Editor in 18.90 ms, found 9 plugins.
Preloading 0 native plugins for Editor in 0.00 ms.
Unloading 8779 Unused Serialized files (Serialized files now loaded: 0)
Unloading 99 unused Assets / (1.2 MB). Loaded Objects now: 10335.
Memory consumption went from 447.3 MB to 446.1 MB.
Total: 37.979500 ms (FindLiveObjects: 0.987200 ms CreateObjectMapping: 1.270200 ms MarkObjects: 33.613100 ms  DeleteObjects: 2.106300 ms)

Prepare: number of updated asset objects reloaded= 0
AssetImportParameters requested are different than current active one (requested -> active):
  custom:container-demuxer-ogg: 62fdf1f143b41e24485cea50d1cbac27 -> 
  custom:framework-win-MediaFoundation: 216162199b28c13a410421893ffa2e32 -> 
  custom:container-muxer-webm: aa71ff27fc2769a1b78a27578f13a17b -> 
  custom:video-decoder-webm-vp8: 9c59270c3fd7afecdb556c50c9e8de78 -> 
  custom:SearchIndexIgnoredProperties: e643bd26f0fe6173181afceb89e7c659 -> 
  custom:AudioImporter_EditorPlatform: d09bf68614088b80899f8185d706f6e7 -> 
  custom:audio-decoder-ogg-vorbis: bf7c407c2cedff20999df2af8eb42d56 -> 
  custom:audio-encoder-webm-vorbis: bf7c407c2cedff20999df2af8eb42d56 -> 
  custom:video-codec-MediaFoundation-h265: 746d11721c4dcdbdad8f713fa42b33f4 -> 
  custom:video-decoder-ogg-theora: a1e56fd34408186e4bbccfd4996cb3dc -> 
  custom:CustomObjectIndexerAttribute: 72b91833f83ae208fae7752999fa3104 -> 
  custom:container-demuxer-webm: 4f35f7cbe854078d1ac9338744f61a02 -> 
  custom:video-encoder-webm-vp8: eb34c28f22e8b96e1ab97ce403110664 -> 
========================================================================
Received Prepare
Begin MonoManager ReloadAssembly
Symbol file LoadedFromMemory is not a mono symbol file
- Loaded All Assemblies, in  0.788 seconds
Refreshing native plugins compatible for Editor in 8.19 ms, found 9 plugins.
Native extension for WindowsStandalone target not found
Native extension for iOS target not found
Native extension for Android target not found
[Package Manager] Server::EnsureServerProcessIsRunning -- launch failed, reason: Unity was launched with the -noUpm command-line argument
[Package Manager] UpmClient::Send -- Unable to send message (not connected to UPM process).
[Package Manager] Cannot connect to Unity Package Manager local server
Mono: successfully reloaded assembly
- Finished resetting the current domain, in  3.876 seconds
Domain Reload Profiling: 4664ms
	BeginReloadAssembly (235ms)
		ExecutionOrderSort (0ms)
		DisableScriptedObjects (24ms)
		BackupInstance (0ms)
		ReleaseScriptingObjects (0ms)
		CreateAndSetChildDomain (78ms)
	RebuildCommonClasses (40ms)
	RebuildNativeTypeToScriptingClass (9ms)
	initialDomainReloadingComplete (29ms)
	LoadAllAssembliesAndSetupDomain (474ms)
		LoadAssemblies (525ms)
		RebuildTransferFunctionScriptingTraits (0ms)
		AnalyzeDomain (32ms)
			TypeCache.Refresh (9ms)
				TypeCache.ScanAssembly (0ms)
			ScanForSourceGeneratedMonoScriptInfo (0ms)
			ResolveRequiredComponents (19ms)
	FinalizeReload (3877ms)
		ReleaseScriptCaches (0ms)
		RebuildScriptCaches (0ms)
		SetupLoadedEditorAssemblies (1931ms)
			LogAssemblyErrors (0ms)
			InitializePlatformSupportModulesInManaged (28ms)
			SetLoadedEditorAssemblies (11ms)
			RefreshPlugins (0ms)
			BeforeProcessingInitializeOnLoad (191ms)
			ProcessInitializeOnLoadAttributes (1247ms)
			ProcessInitializeOnLoadMethodAttributes (450ms)
			AfterProcessingInitializeOnLoad (2ms)
			EditorAssembliesLoaded (1ms)
		ExecutionOrderSort2 (0ms)
		AwakeInstancesAfterBackupRestoration (40ms)
Shader 'MoreMountains/MMRipple': fallback shader 'Particle/AlphaBlended' not found
Refreshing native plugins compatible for Editor in 22.89 ms, found 9 plugins.
Preloading 0 native plugins for Editor in 0.00 ms.
Unloading 8779 Unused Serialized files (Serialized files now loaded: 0)
Unloading 99 unused Assets / (1.2 MB). Loaded Objects now: 10350.
Memory consumption went from 460.4 MB to 459.2 MB.
Total: 47.661200 ms (FindLiveObjects: 1.155000 ms CreateObjectMapping: 1.141200 ms MarkObjects: 42.861400 ms  DeleteObjects: 2.500700 ms)

Prepare: number of updated asset objects reloaded= 0
AssetImportParameters requested are different than current active one (requested -> active):
  custom:container-demuxer-ogg: 62fdf1f143b41e24485cea50d1cbac27 -> 
  custom:framework-win-MediaFoundation: 216162199b28c13a410421893ffa2e32 -> 
  custom:container-muxer-webm: aa71ff27fc2769a1b78a27578f13a17b -> 
  custom:video-decoder-webm-vp8: 9c59270c3fd7afecdb556c50c9e8de78 -> 
  custom:SearchIndexIgnoredProperties: e643bd26f0fe6173181afceb89e7c659 -> 
  custom:AudioImporter_EditorPlatform: d09bf68614088b80899f8185d706f6e7 -> 
  custom:audio-decoder-ogg-vorbis: bf7c407c2cedff20999df2af8eb42d56 -> 
  custom:audio-encoder-webm-vorbis: bf7c407c2cedff20999df2af8eb42d56 -> 
  custom:video-codec-MediaFoundation-h265: 746d11721c4dcdbdad8f713fa42b33f4 -> 
  custom:video-decoder-ogg-theora: a1e56fd34408186e4bbccfd4996cb3dc -> 
  custom:CustomObjectIndexerAttribute: 72b91833f83ae208fae7752999fa3104 -> 
  custom:container-demuxer-webm: 4f35f7cbe854078d1ac9338744f61a02 -> 
  custom:video-encoder-webm-vp8: eb34c28f22e8b96e1ab97ce403110664 -> 
========================================================================
Received Prepare
Begin MonoManager ReloadAssembly
Symbol file LoadedFromMemory is not a mono symbol file
- Loaded All Assemblies, in  1.259 seconds
Refreshing native plugins compatible for Editor in 13.02 ms, found 9 plugins.
Native extension for WindowsStandalone target not found
Native extension for iOS target not found
Native extension for Android target not found
[Package Manager] Server::EnsureServerProcessIsRunning -- launch failed, reason: Unity was launched with the -noUpm command-line argument
[Package Manager] UpmClient::Send -- Unable to send message (not connected to UPM process).
[Package Manager] Cannot connect to Unity Package Manager local server
Mono: successfully reloaded assembly
- Finished resetting the current domain, in  4.077 seconds
Domain Reload Profiling: 5335ms
	BeginReloadAssembly (507ms)
		ExecutionOrderSort (0ms)
		DisableScriptedObjects (82ms)
		BackupInstance (0ms)
		ReleaseScriptingObjects (0ms)
		CreateAndSetChildDomain (180ms)
	RebuildCommonClasses (33ms)
	RebuildNativeTypeToScriptingClass (14ms)
	initialDomainReloadingComplete (42ms)
	LoadAllAssembliesAndSetupDomain (661ms)
		LoadAssemblies (740ms)
		RebuildTransferFunctionScriptingTraits (0ms)
		AnalyzeDomain (34ms)
			TypeCache.Refresh (10ms)
				TypeCache.ScanAssembly (0ms)
			ScanForSourceGeneratedMonoScriptInfo (0ms)
			ResolveRequiredComponents (20ms)
	FinalizeReload (4078ms)
		ReleaseScriptCaches (0ms)
		RebuildScriptCaches (0ms)
		SetupLoadedEditorAssemblies (1901ms)
			LogAssemblyErrors (0ms)
			InitializePlatformSupportModulesInManaged (55ms)
			SetLoadedEditorAssemblies (14ms)
			RefreshPlugins (0ms)
			BeforeProcessingInitializeOnLoad (240ms)
			ProcessInitializeOnLoadAttributes (1175ms)
			ProcessInitializeOnLoadMethodAttributes (412ms)
			AfterProcessingInitializeOnLoad (3ms)
			EditorAssembliesLoaded (2ms)
		ExecutionOrderSort2 (0ms)
		AwakeInstancesAfterBackupRestoration (41ms)
Shader 'MoreMountains/MMRipple': fallback shader 'Particle/AlphaBlended' not found
Refreshing native plugins compatible for Editor in 29.66 ms, found 9 plugins.
Preloading 0 native plugins for Editor in 0.02 ms.
Unloading 8779 Unused Serialized files (Serialized files now loaded: 0)
Unloading 99 unused Assets / (1.1 MB). Loaded Objects now: 10365.
Memory consumption went from 462.4 MB to 461.3 MB.
Total: 37.291200 ms (FindLiveObjects: 2.065300 ms CreateObjectMapping: 1.673100 ms MarkObjects: 30.986700 ms  DeleteObjects: 2.562100 ms)

Prepare: number of updated asset objects reloaded= 0
AssetImportParameters requested are different than current active one (requested -> active):
  custom:container-demuxer-ogg: 62fdf1f143b41e24485cea50d1cbac27 -> 
  custom:framework-win-MediaFoundation: 216162199b28c13a410421893ffa2e32 -> 
  custom:container-muxer-webm: aa71ff27fc2769a1b78a27578f13a17b -> 
  custom:video-decoder-webm-vp8: 9c59270c3fd7afecdb556c50c9e8de78 -> 
  custom:SearchIndexIgnoredProperties: e643bd26f0fe6173181afceb89e7c659 -> 
  custom:AudioImporter_EditorPlatform: d09bf68614088b80899f8185d706f6e7 -> 
  custom:audio-decoder-ogg-vorbis: bf7c407c2cedff20999df2af8eb42d56 -> 
  custom:audio-encoder-webm-vorbis: bf7c407c2cedff20999df2af8eb42d56 -> 
  custom:video-codec-MediaFoundation-h265: 746d11721c4dcdbdad8f713fa42b33f4 -> 
  custom:video-decoder-ogg-theora: a1e56fd34408186e4bbccfd4996cb3dc -> 
  custom:CustomObjectIndexerAttribute: 72b91833f83ae208fae7752999fa3104 -> 
  custom:container-demuxer-webm: 4f35f7cbe854078d1ac9338744f61a02 -> 
  custom:video-encoder-webm-vp8: eb34c28f22e8b96e1ab97ce403110664 -> 
========================================================================
Received Prepare
Begin MonoManager ReloadAssembly
Symbol file LoadedFromMemory is not a mono symbol file
- Loaded All Assemblies, in  3.961 seconds
Refreshing native plugins compatible for Editor in 7.54 ms, found 9 plugins.
Native extension for WindowsStandalone target not found
Native extension for iOS target not found
Native extension for Android target not found
[Package Manager] Server::EnsureServerProcessIsRunning -- launch failed, reason: Unity was launched with the -noUpm command-line argument
[Package Manager] UpmClient::Send -- Unable to send message (not connected to UPM process).
[Package Manager] Cannot connect to Unity Package Manager local server
Mono: successfully reloaded assembly
- Finished resetting the current domain, in 29.736 seconds
Domain Reload Profiling: 33697ms
	BeginReloadAssembly (2045ms)
		ExecutionOrderSort (0ms)
		DisableScriptedObjects (58ms)
		BackupInstance (0ms)
		ReleaseScriptingObjects (5ms)
		CreateAndSetChildDomain (1124ms)
	RebuildCommonClasses (62ms)
	RebuildNativeTypeToScriptingClass (13ms)
	initialDomainReloadingComplete (64ms)
	LoadAllAssembliesAndSetupDomain (1777ms)
		LoadAssemblies (1951ms)
		RebuildTransferFunctionScriptingTraits (0ms)
		AnalyzeDomain (117ms)
			TypeCache.Refresh (48ms)
				TypeCache.ScanAssembly (5ms)
			ScanForSourceGeneratedMonoScriptInfo (44ms)
			ResolveRequiredComponents (22ms)
	FinalizeReload (29736ms)
		ReleaseScriptCaches (0ms)
		RebuildScriptCaches (0ms)
		SetupLoadedEditorAssemblies (3559ms)
			LogAssemblyErrors (0ms)
			InitializePlatformSupportModulesInManaged (50ms)
			SetLoadedEditorAssemblies (15ms)
			RefreshPlugins (0ms)
			BeforeProcessingInitializeOnLoad (284ms)
			ProcessInitializeOnLoadAttributes (2266ms)
			ProcessInitializeOnLoadMethodAttributes (937ms)
			AfterProcessingInitializeOnLoad (4ms)
			EditorAssembliesLoaded (3ms)
		ExecutionOrderSort2 (0ms)
		AwakeInstancesAfterBackupRestoration (53ms)
Shader 'MoreMountains/MMRipple': fallback shader 'Particle/AlphaBlended' not found
Refreshing native plugins compatible for Editor in 43.60 ms, found 9 plugins.
Preloading 0 native plugins for Editor in 0.00 ms.
Unloading 8779 Unused Serialized files (Serialized files now loaded: 0)
Unloading 99 unused Assets / (1.2 MB). Loaded Objects now: 10380.
Memory consumption went from 453.1 MB to 451.9 MB.
Total: 50.325800 ms (FindLiveObjects: 2.858600 ms CreateObjectMapping: 2.126500 ms MarkObjects: 43.323300 ms  DeleteObjects: 2.015500 ms)

Prepare: number of updated asset objects reloaded= 0
AssetImportParameters requested are different than current active one (requested -> active):
  custom:container-demuxer-ogg: 62fdf1f143b41e24485cea50d1cbac27 -> 
  custom:framework-win-MediaFoundation: 216162199b28c13a410421893ffa2e32 -> 
  custom:container-muxer-webm: aa71ff27fc2769a1b78a27578f13a17b -> 
  custom:video-decoder-webm-vp8: 9c59270c3fd7afecdb556c50c9e8de78 -> 
  custom:SearchIndexIgnoredProperties: e643bd26f0fe6173181afceb89e7c659 -> 
  custom:AudioImporter_EditorPlatform: d09bf68614088b80899f8185d706f6e7 -> 
  custom:audio-decoder-ogg-vorbis: bf7c407c2cedff20999df2af8eb42d56 -> 
  custom:audio-encoder-webm-vorbis: bf7c407c2cedff20999df2af8eb42d56 -> 
  custom:video-codec-MediaFoundation-h265: 746d11721c4dcdbdad8f713fa42b33f4 -> 
  custom:video-decoder-ogg-theora: a1e56fd34408186e4bbccfd4996cb3dc -> 
  custom:CustomObjectIndexerAttribute: 72b91833f83ae208fae7752999fa3104 -> 
  custom:container-demuxer-webm: 4f35f7cbe854078d1ac9338744f61a02 -> 
  custom:video-encoder-webm-vp8: eb34c28f22e8b96e1ab97ce403110664 -> 
========================================================================
Received Prepare
Begin MonoManager ReloadAssembly
Symbol file LoadedFromMemory is not a mono symbol file
- Loaded All Assemblies, in  2.573 seconds
Refreshing native plugins compatible for Editor in 23.82 ms, found 9 plugins.
Native extension for WindowsStandalone target not found
Native extension for iOS target not found
Native extension for Android target not found
[Package Manager] Server::EnsureServerProcessIsRunning -- launch failed, reason: Unity was launched with the -noUpm command-line argument
[Package Manager] UpmClient::Send -- Unable to send message (not connected to UPM process).
[Package Manager] Cannot connect to Unity Package Manager local server
Mono: successfully reloaded assembly
- Finished resetting the current domain, in  5.102 seconds
Domain Reload Profiling: 7674ms
	BeginReloadAssembly (531ms)
		ExecutionOrderSort (0ms)
		DisableScriptedObjects (20ms)
		BackupInstance (0ms)
		ReleaseScriptingObjects (0ms)
		CreateAndSetChildDomain (265ms)
	RebuildCommonClasses (43ms)
	RebuildNativeTypeToScriptingClass (17ms)
	initialDomainReloadingComplete (64ms)
	LoadAllAssembliesAndSetupDomain (1916ms)
		LoadAssemblies (1950ms)
		RebuildTransferFunctionScriptingTraits (0ms)
		AnalyzeDomain (154ms)
			TypeCache.Refresh (41ms)
				TypeCache.ScanAssembly (4ms)
			ScanForSourceGeneratedMonoScriptInfo (66ms)
			ResolveRequiredComponents (42ms)
	FinalizeReload (5103ms)
		ReleaseScriptCaches (0ms)
		RebuildScriptCaches (0ms)
		SetupLoadedEditorAssemblies (2172ms)
			LogAssemblyErrors (0ms)
			InitializePlatformSupportModulesInManaged (32ms)
			SetLoadedEditorAssemblies (12ms)
			RefreshPlugins (0ms)
			BeforeProcessingInitializeOnLoad (192ms)
			ProcessInitializeOnLoadAttributes (1191ms)
			ProcessInitializeOnLoadMethodAttributes (742ms)
			AfterProcessingInitializeOnLoad (1ms)
			EditorAssembliesLoaded (1ms)
		ExecutionOrderSort2 (0ms)
		AwakeInstancesAfterBackupRestoration (30ms)
Shader 'MoreMountains/MMRipple': fallback shader 'Particle/AlphaBlended' not found
Refreshing native plugins compatible for Editor in 18.19 ms, found 9 plugins.
Preloading 0 native plugins for Editor in 0.00 ms.
Unloading 8779 Unused Serialized files (Serialized files now loaded: 0)
Unloading 99 unused Assets / (1.1 MB). Loaded Objects now: 10395.
Memory consumption went from 466.3 MB to 465.1 MB.
Total: 18.604600 ms (FindLiveObjects: 0.915700 ms CreateObjectMapping: 0.375200 ms MarkObjects: 16.444000 ms  DeleteObjects: 0.867100 ms)

Prepare: number of updated asset objects reloaded= 0
AssetImportParameters requested are different than current active one (requested -> active):
  custom:container-demuxer-ogg: 62fdf1f143b41e24485cea50d1cbac27 -> 
  custom:framework-win-MediaFoundation: 216162199b28c13a410421893ffa2e32 -> 
  custom:container-muxer-webm: aa71ff27fc2769a1b78a27578f13a17b -> 
  custom:video-decoder-webm-vp8: 9c59270c3fd7afecdb556c50c9e8de78 -> 
  custom:SearchIndexIgnoredProperties: e643bd26f0fe6173181afceb89e7c659 -> 
  custom:AudioImporter_EditorPlatform: d09bf68614088b80899f8185d706f6e7 -> 
  custom:audio-decoder-ogg-vorbis: bf7c407c2cedff20999df2af8eb42d56 -> 
  custom:audio-encoder-webm-vorbis: bf7c407c2cedff20999df2af8eb42d56 -> 
  custom:video-codec-MediaFoundation-h265: 746d11721c4dcdbdad8f713fa42b33f4 -> 
  custom:video-decoder-ogg-theora: a1e56fd34408186e4bbccfd4996cb3dc -> 
  custom:CustomObjectIndexerAttribute: 72b91833f83ae208fae7752999fa3104 -> 
  custom:container-demuxer-webm: 4f35f7cbe854078d1ac9338744f61a02 -> 
  custom:video-encoder-webm-vp8: eb34c28f22e8b96e1ab97ce403110664 -> 
========================================================================
Received Prepare
Begin MonoManager ReloadAssembly
Symbol file LoadedFromMemory is not a mono symbol file
- Loaded All Assemblies, in  0.729 seconds
Refreshing native plugins compatible for Editor in 8.22 ms, found 9 plugins.
Native extension for WindowsStandalone target not found
Native extension for iOS target not found
Native extension for Android target not found
[Package Manager] Server::EnsureServerProcessIsRunning -- launch failed, reason: Unity was launched with the -noUpm command-line argument
[Package Manager] UpmClient::Send -- Unable to send message (not connected to UPM process).
[Package Manager] Cannot connect to Unity Package Manager local server
Mono: successfully reloaded assembly
- Finished resetting the current domain, in  3.917 seconds
Domain Reload Profiling: 4646ms
	BeginReloadAssembly (202ms)
		ExecutionOrderSort (0ms)
		DisableScriptedObjects (12ms)
		BackupInstance (0ms)
		ReleaseScriptingObjects (0ms)
		CreateAndSetChildDomain (62ms)
	RebuildCommonClasses (33ms)
	RebuildNativeTypeToScriptingClass (9ms)
	initialDomainReloadingComplete (31ms)
	LoadAllAssembliesAndSetupDomain (453ms)
		LoadAssemblies (496ms)
		RebuildTransferFunctionScriptingTraits (0ms)
		AnalyzeDomain (37ms)
			TypeCache.Refresh (10ms)
				TypeCache.ScanAssembly (0ms)
			ScanForSourceGeneratedMonoScriptInfo (0ms)
			ResolveRequiredComponents (23ms)
	FinalizeReload (3918ms)
		ReleaseScriptCaches (0ms)
		RebuildScriptCaches (0ms)
		SetupLoadedEditorAssemblies (1854ms)
			LogAssemblyErrors (0ms)
			InitializePlatformSupportModulesInManaged (60ms)
			SetLoadedEditorAssemblies (10ms)
			RefreshPlugins (0ms)
			BeforeProcessingInitializeOnLoad (229ms)
			ProcessInitializeOnLoadAttributes (1161ms)
			ProcessInitializeOnLoadMethodAttributes (390ms)
			AfterProcessingInitializeOnLoad (2ms)
			EditorAssembliesLoaded (1ms)
		ExecutionOrderSort2 (0ms)
		AwakeInstancesAfterBackupRestoration (32ms)
Shader 'MoreMountains/MMRipple': fallback shader 'Particle/AlphaBlended' not found
Refreshing native plugins compatible for Editor in 17.39 ms, found 9 plugins.
Preloading 0 native plugins for Editor in 0.00 ms.
Unloading 8779 Unused Serialized files (Serialized files now loaded: 0)
Unloading 99 unused Assets / (1.1 MB). Loaded Objects now: 10410.
Memory consumption went from 468.2 MB to 467.0 MB.
Total: 29.966800 ms (FindLiveObjects: 1.695400 ms CreateObjectMapping: 0.773300 ms MarkObjects: 26.476200 ms  DeleteObjects: 1.019600 ms)

Prepare: number of updated asset objects reloaded= 0
AssetImportParameters requested are different than current active one (requested -> active):
  custom:container-demuxer-ogg: 62fdf1f143b41e24485cea50d1cbac27 -> 
  custom:framework-win-MediaFoundation: 216162199b28c13a410421893ffa2e32 -> 
  custom:container-muxer-webm: aa71ff27fc2769a1b78a27578f13a17b -> 
  custom:video-decoder-webm-vp8: 9c59270c3fd7afecdb556c50c9e8de78 -> 
  custom:SearchIndexIgnoredProperties: e643bd26f0fe6173181afceb89e7c659 -> 
  custom:AudioImporter_EditorPlatform: d09bf68614088b80899f8185d706f6e7 -> 
  custom:audio-decoder-ogg-vorbis: bf7c407c2cedff20999df2af8eb42d56 -> 
  custom:audio-encoder-webm-vorbis: bf7c407c2cedff20999df2af8eb42d56 -> 
  custom:video-codec-MediaFoundation-h265: 746d11721c4dcdbdad8f713fa42b33f4 -> 
  custom:video-decoder-ogg-theora: a1e56fd34408186e4bbccfd4996cb3dc -> 
  custom:CustomObjectIndexerAttribute: 72b91833f83ae208fae7752999fa3104 -> 
  custom:container-demuxer-webm: 4f35f7cbe854078d1ac9338744f61a02 -> 
  custom:video-encoder-webm-vp8: eb34c28f22e8b96e1ab97ce403110664 -> 
========================================================================
Received Prepare
Begin MonoManager ReloadAssembly
Symbol file LoadedFromMemory is not a mono symbol file
- Loaded All Assemblies, in  5.534 seconds
Refreshing native plugins compatible for Editor in 15.43 ms, found 9 plugins.
Native extension for WindowsStandalone target not found
Native extension for iOS target not found
Native extension for Android target not found
[Package Manager] Server::EnsureServerProcessIsRunning -- launch failed, reason: Unity was launched with the -noUpm command-line argument
[Package Manager] UpmClient::Send -- Unable to send message (not connected to UPM process).
[Package Manager] Cannot connect to Unity Package Manager local server
Mono: successfully reloaded assembly
- Finished resetting the current domain, in  4.765 seconds
Domain Reload Profiling: 10305ms
	BeginReloadAssembly (2023ms)
		ExecutionOrderSort (1ms)
		DisableScriptedObjects (148ms)
		BackupInstance (0ms)
		ReleaseScriptingObjects (5ms)
		CreateAndSetChildDomain (1069ms)
	RebuildCommonClasses (51ms)
	RebuildNativeTypeToScriptingClass (11ms)
	initialDomainReloadingComplete (62ms)
	LoadAllAssembliesAndSetupDomain (3393ms)
		LoadAssemblies (3521ms)
		RebuildTransferFunctionScriptingTraits (0ms)
		AnalyzeDomain (269ms)
			TypeCache.Refresh (81ms)
				TypeCache.ScanAssembly (7ms)
			ScanForSourceGeneratedMonoScriptInfo (117ms)
			ResolveRequiredComponents (66ms)
	FinalizeReload (4766ms)
		ReleaseScriptCaches (0ms)
		RebuildScriptCaches (0ms)
		SetupLoadedEditorAssemblies (2240ms)
			LogAssemblyErrors (0ms)
			InitializePlatformSupportModulesInManaged (31ms)
			SetLoadedEditorAssemblies (14ms)
			RefreshPlugins (0ms)
			BeforeProcessingInitializeOnLoad (182ms)
			ProcessInitializeOnLoadAttributes (1079ms)
			ProcessInitializeOnLoadMethodAttributes (929ms)
			AfterProcessingInitializeOnLoad (2ms)
			EditorAssembliesLoaded (2ms)
		ExecutionOrderSort2 (0ms)
		AwakeInstancesAfterBackupRestoration (41ms)
Shader 'MoreMountains/MMRipple': fallback shader 'Particle/AlphaBlended' not found
Refreshing native plugins compatible for Editor in 25.47 ms, found 9 plugins.
Preloading 0 native plugins for Editor in 0.00 ms.
Unloading 8779 Unused Serialized files (Serialized files now loaded: 0)
Unloading 99 unused Assets / (1.1 MB). Loaded Objects now: 10425.
Memory consumption went from 458.7 MB to 457.6 MB.
Total: 25.119100 ms (FindLiveObjects: 0.878000 ms CreateObjectMapping: 0.383500 ms MarkObjects: 22.962000 ms  DeleteObjects: 0.893700 ms)

Prepare: number of updated asset objects reloaded= 0
AssetImportParameters requested are different than current active one (requested -> active):
  custom:container-demuxer-ogg: 62fdf1f143b41e24485cea50d1cbac27 -> 
  custom:framework-win-MediaFoundation: 216162199b28c13a410421893ffa2e32 -> 
  custom:container-muxer-webm: aa71ff27fc2769a1b78a27578f13a17b -> 
  custom:video-decoder-webm-vp8: 9c59270c3fd7afecdb556c50c9e8de78 -> 
  custom:SearchIndexIgnoredProperties: e643bd26f0fe6173181afceb89e7c659 -> 
  custom:AudioImporter_EditorPlatform: d09bf68614088b80899f8185d706f6e7 -> 
  custom:audio-decoder-ogg-vorbis: bf7c407c2cedff20999df2af8eb42d56 -> 
  custom:audio-encoder-webm-vorbis: bf7c407c2cedff20999df2af8eb42d56 -> 
  custom:video-codec-MediaFoundation-h265: 746d11721c4dcdbdad8f713fa42b33f4 -> 
  custom:video-decoder-ogg-theora: a1e56fd34408186e4bbccfd4996cb3dc -> 
  custom:CustomObjectIndexerAttribute: 72b91833f83ae208fae7752999fa3104 -> 
  custom:container-demuxer-webm: 4f35f7cbe854078d1ac9338744f61a02 -> 
  custom:video-encoder-webm-vp8: eb34c28f22e8b96e1ab97ce403110664 -> 
========================================================================
Received Prepare
Begin MonoManager ReloadAssembly
Symbol file LoadedFromMemory is not a mono symbol file
- Loaded All Assemblies, in  0.988 seconds
Refreshing native plugins compatible for Editor in 7.33 ms, found 9 plugins.
Native extension for WindowsStandalone target not found
Native extension for iOS target not found
Native extension for Android target not found
[Package Manager] Server::EnsureServerProcessIsRunning -- launch failed, reason: Unity was launched with the -noUpm command-line argument
[Package Manager] UpmClient::Send -- Unable to send message (not connected to UPM process).
[Package Manager] Cannot connect to Unity Package Manager local server
Mono: successfully reloaded assembly
- Finished resetting the current domain, in  3.910 seconds
Domain Reload Profiling: 4897ms
	BeginReloadAssembly (217ms)
		ExecutionOrderSort (0ms)
		DisableScriptedObjects (19ms)
		BackupInstance (0ms)
		ReleaseScriptingObjects (0ms)
		CreateAndSetChildDomain (73ms)
	RebuildCommonClasses (35ms)
	RebuildNativeTypeToScriptingClass (9ms)
	initialDomainReloadingComplete (26ms)
	LoadAllAssembliesAndSetupDomain (700ms)
		LoadAssemblies (751ms)
		RebuildTransferFunctionScriptingTraits (0ms)
		AnalyzeDomain (31ms)
			TypeCache.Refresh (9ms)
				TypeCache.ScanAssembly (0ms)
			ScanForSourceGeneratedMonoScriptInfo (0ms)
			ResolveRequiredComponents (18ms)
	FinalizeReload (3910ms)
		ReleaseScriptCaches (0ms)
		RebuildScriptCaches (0ms)
		SetupLoadedEditorAssemblies (1791ms)
			LogAssemblyErrors (0ms)
			InitializePlatformSupportModulesInManaged (41ms)
			SetLoadedEditorAssemblies (7ms)
			RefreshPlugins (0ms)
			BeforeProcessingInitializeOnLoad (200ms)
			ProcessInitializeOnLoadAttributes (1167ms)
			ProcessInitializeOnLoadMethodAttributes (374ms)
			AfterProcessingInitializeOnLoad (2ms)
			EditorAssembliesLoaded (1ms)
		ExecutionOrderSort2 (0ms)
		AwakeInstancesAfterBackupRestoration (25ms)
Shader 'MoreMountains/MMRipple': fallback shader 'Particle/AlphaBlended' not found
Refreshing native plugins compatible for Editor in 20.43 ms, found 9 plugins.
Preloading 0 native plugins for Editor in 0.00 ms.
Unloading 8779 Unused Serialized files (Serialized files now loaded: 0)
Unloading 99 unused Assets / (1.1 MB). Loaded Objects now: 10440.
Memory consumption went from 460.8 MB to 459.7 MB.
Total: 58.388800 ms (FindLiveObjects: 1.931400 ms CreateObjectMapping: 3.054400 ms MarkObjects: 51.396600 ms  DeleteObjects: 2.004200 ms)

Prepare: number of updated asset objects reloaded= 0
AssetImportParameters requested are different than current active one (requested -> active):
  custom:container-demuxer-ogg: 62fdf1f143b41e24485cea50d1cbac27 -> 
  custom:framework-win-MediaFoundation: 216162199b28c13a410421893ffa2e32 -> 
  custom:container-muxer-webm: aa71ff27fc2769a1b78a27578f13a17b -> 
  custom:video-decoder-webm-vp8: 9c59270c3fd7afecdb556c50c9e8de78 -> 
  custom:SearchIndexIgnoredProperties: e643bd26f0fe6173181afceb89e7c659 -> 
  custom:AudioImporter_EditorPlatform: d09bf68614088b80899f8185d706f6e7 -> 
  custom:audio-decoder-ogg-vorbis: bf7c407c2cedff20999df2af8eb42d56 -> 
  custom:audio-encoder-webm-vorbis: bf7c407c2cedff20999df2af8eb42d56 -> 
  custom:video-codec-MediaFoundation-h265: 746d11721c4dcdbdad8f713fa42b33f4 -> 
  custom:video-decoder-ogg-theora: a1e56fd34408186e4bbccfd4996cb3dc -> 
  custom:CustomObjectIndexerAttribute: 72b91833f83ae208fae7752999fa3104 -> 
  custom:container-demuxer-webm: 4f35f7cbe854078d1ac9338744f61a02 -> 
  custom:video-encoder-webm-vp8: eb34c28f22e8b96e1ab97ce403110664 -> 
========================================================================
Received Prepare
Begin MonoManager ReloadAssembly
Symbol file LoadedFromMemory is not a mono symbol file
- Loaded All Assemblies, in  0.888 seconds
Refreshing native plugins compatible for Editor in 25.21 ms, found 9 plugins.
Native extension for WindowsStandalone target not found
Native extension for iOS target not found
Native extension for Android target not found
[Package Manager] Server::EnsureServerProcessIsRunning -- launch failed, reason: Unity was launched with the -noUpm command-line argument
[Package Manager] UpmClient::Send -- Unable to send message (not connected to UPM process).
[Package Manager] Cannot connect to Unity Package Manager local server
Mono: successfully reloaded assembly
- Finished resetting the current domain, in  4.445 seconds
Domain Reload Profiling: 5333ms
	BeginReloadAssembly (191ms)
		ExecutionOrderSort (0ms)
		DisableScriptedObjects (10ms)
		BackupInstance (0ms)
		ReleaseScriptingObjects (0ms)
		CreateAndSetChildDomain (73ms)
	RebuildCommonClasses (30ms)
	RebuildNativeTypeToScriptingClass (8ms)
	initialDomainReloadingComplete (31ms)
	LoadAllAssembliesAndSetupDomain (627ms)
		LoadAssemblies (612ms)
		RebuildTransferFunctionScriptingTraits (0ms)
		AnalyzeDomain (82ms)
			TypeCache.Refresh (28ms)
				TypeCache.ScanAssembly (0ms)
			ScanForSourceGeneratedMonoScriptInfo (1ms)
			ResolveRequiredComponents (47ms)
	FinalizeReload (4446ms)
		ReleaseScriptCaches (0ms)
		RebuildScriptCaches (0ms)
		SetupLoadedEditorAssemblies (2197ms)
			LogAssemblyErrors (0ms)
			InitializePlatformSupportModulesInManaged (37ms)
			SetLoadedEditorAssemblies (9ms)
			RefreshPlugins (0ms)
			BeforeProcessingInitializeOnLoad (216ms)
			ProcessInitializeOnLoadAttributes (1433ms)
			ProcessInitializeOnLoadMethodAttributes (499ms)
			AfterProcessingInitializeOnLoad (2ms)
			EditorAssembliesLoaded (1ms)
		ExecutionOrderSort2 (0ms)
		AwakeInstancesAfterBackupRestoration (35ms)
Shader 'MoreMountains/MMRipple': fallback shader 'Particle/AlphaBlended' not found
Refreshing native plugins compatible for Editor in 32.25 ms, found 9 plugins.
Preloading 0 native plugins for Editor in 0.00 ms.
Unloading 8779 Unused Serialized files (Serialized files now loaded: 0)
Unloading 99 unused Assets / (1.1 MB). Loaded Objects now: 10455.
Memory consumption went from 474.0 MB to 472.9 MB.
Total: 32.055900 ms (FindLiveObjects: 1.569800 ms CreateObjectMapping: 3.094500 ms MarkObjects: 26.418200 ms  DeleteObjects: 0.971600 ms)

Prepare: number of updated asset objects reloaded= 0
AssetImportParameters requested are different than current active one (requested -> active):
  custom:container-demuxer-ogg: 62fdf1f143b41e24485cea50d1cbac27 -> 
  custom:framework-win-MediaFoundation: 216162199b28c13a410421893ffa2e32 -> 
  custom:container-muxer-webm: aa71ff27fc2769a1b78a27578f13a17b -> 
  custom:video-decoder-webm-vp8: 9c59270c3fd7afecdb556c50c9e8de78 -> 
  custom:SearchIndexIgnoredProperties: e643bd26f0fe6173181afceb89e7c659 -> 
  custom:AudioImporter_EditorPlatform: d09bf68614088b80899f8185d706f6e7 -> 
  custom:audio-decoder-ogg-vorbis: bf7c407c2cedff20999df2af8eb42d56 -> 
  custom:audio-encoder-webm-vorbis: bf7c407c2cedff20999df2af8eb42d56 -> 
  custom:video-codec-MediaFoundation-h265: 746d11721c4dcdbdad8f713fa42b33f4 -> 
  custom:video-decoder-ogg-theora: a1e56fd34408186e4bbccfd4996cb3dc -> 
  custom:CustomObjectIndexerAttribute: 72b91833f83ae208fae7752999fa3104 -> 
  custom:container-demuxer-webm: 4f35f7cbe854078d1ac9338744f61a02 -> 
  custom:video-encoder-webm-vp8: eb34c28f22e8b96e1ab97ce403110664 -> 
========================================================================
Received Prepare
Begin MonoManager ReloadAssembly
Symbol file LoadedFromMemory is not a mono symbol file
- Loaded All Assemblies, in  0.904 seconds
Refreshing native plugins compatible for Editor in 22.35 ms, found 9 plugins.
Native extension for WindowsStandalone target not found
Native extension for iOS target not found
Native extension for Android target not found
[Package Manager] Server::EnsureServerProcessIsRunning -- launch failed, reason: Unity was launched with the -noUpm command-line argument
[Package Manager] UpmClient::Send -- Unable to send message (not connected to UPM process).
[Package Manager] Cannot connect to Unity Package Manager local server
Mono: successfully reloaded assembly
- Finished resetting the current domain, in  4.402 seconds
Domain Reload Profiling: 5305ms
	BeginReloadAssembly (218ms)
		ExecutionOrderSort (0ms)
		DisableScriptedObjects (10ms)
		BackupInstance (0ms)
		ReleaseScriptingObjects (0ms)
		CreateAndSetChildDomain (69ms)
	RebuildCommonClasses (32ms)
	RebuildNativeTypeToScriptingClass (11ms)
	initialDomainReloadingComplete (33ms)
	LoadAllAssembliesAndSetupDomain (608ms)
		LoadAssemblies (655ms)
		RebuildTransferFunctionScriptingTraits (0ms)
		AnalyzeDomain (44ms)
			TypeCache.Refresh (11ms)
				TypeCache.ScanAssembly (0ms)
			ScanForSourceGeneratedMonoScriptInfo (0ms)
			ResolveRequiredComponents (28ms)
	FinalizeReload (4403ms)
		ReleaseScriptCaches (0ms)
		RebuildScriptCaches (0ms)
		SetupLoadedEditorAssemblies (2357ms)
			LogAssemblyErrors (0ms)
			InitializePlatformSupportModulesInManaged (62ms)
			SetLoadedEditorAssemblies (12ms)
			RefreshPlugins (0ms)
			BeforeProcessingInitializeOnLoad (234ms)
			ProcessInitializeOnLoadAttributes (1505ms)
			ProcessInitializeOnLoadMethodAttributes (541ms)
			AfterProcessingInitializeOnLoad (2ms)
			EditorAssembliesLoaded (1ms)
		ExecutionOrderSort2 (0ms)
		AwakeInstancesAfterBackupRestoration (36ms)
Shader 'MoreMountains/MMRipple': fallback shader 'Particle/AlphaBlended' not found
Refreshing native plugins compatible for Editor in 25.79 ms, found 9 plugins.
Preloading 0 native plugins for Editor in 0.00 ms.
Unloading 8779 Unused Serialized files (Serialized files now loaded: 0)
Unloading 99 unused Assets / (1.1 MB). Loaded Objects now: 10470.
Memory consumption went from 464.7 MB to 463.5 MB.
Total: 37.909900 ms (FindLiveObjects: 2.382900 ms CreateObjectMapping: 1.638900 ms MarkObjects: 31.747000 ms  DeleteObjects: 2.138300 ms)

Prepare: number of updated asset objects reloaded= 0
AssetImportParameters requested are different than current active one (requested -> active):
  custom:container-demuxer-ogg: 62fdf1f143b41e24485cea50d1cbac27 -> 
  custom:framework-win-MediaFoundation: 216162199b28c13a410421893ffa2e32 -> 
  custom:container-muxer-webm: aa71ff27fc2769a1b78a27578f13a17b -> 
  custom:video-decoder-webm-vp8: 9c59270c3fd7afecdb556c50c9e8de78 -> 
  custom:SearchIndexIgnoredProperties: e643bd26f0fe6173181afceb89e7c659 -> 
  custom:AudioImporter_EditorPlatform: d09bf68614088b80899f8185d706f6e7 -> 
  custom:audio-decoder-ogg-vorbis: bf7c407c2cedff20999df2af8eb42d56 -> 
  custom:audio-encoder-webm-vorbis: bf7c407c2cedff20999df2af8eb42d56 -> 
  custom:video-codec-MediaFoundation-h265: 746d11721c4dcdbdad8f713fa42b33f4 -> 
  custom:video-decoder-ogg-theora: a1e56fd34408186e4bbccfd4996cb3dc -> 
  custom:CustomObjectIndexerAttribute: 72b91833f83ae208fae7752999fa3104 -> 
  custom:container-demuxer-webm: 4f35f7cbe854078d1ac9338744f61a02 -> 
  custom:video-encoder-webm-vp8: eb34c28f22e8b96e1ab97ce403110664 -> 
========================================================================
Received Prepare
Begin MonoManager ReloadAssembly
Symbol file LoadedFromMemory is not a mono symbol file
- Loaded All Assemblies, in  0.853 seconds
Refreshing native plugins compatible for Editor in 11.47 ms, found 9 plugins.
Native extension for WindowsStandalone target not found
Native extension for iOS target not found
Native extension for Android target not found
[Package Manager] Server::EnsureServerProcessIsRunning -- launch failed, reason: Unity was launched with the -noUpm command-line argument
[Package Manager] UpmClient::Send -- Unable to send message (not connected to UPM process).
[Package Manager] Cannot connect to Unity Package Manager local server
Mono: successfully reloaded assembly
- Finished resetting the current domain, in  4.783 seconds
Domain Reload Profiling: 5635ms
	BeginReloadAssembly (210ms)
		ExecutionOrderSort (0ms)
		DisableScriptedObjects (16ms)
		BackupInstance (0ms)
		ReleaseScriptingObjects (0ms)
		CreateAndSetChildDomain (67ms)
	RebuildCommonClasses (35ms)
	RebuildNativeTypeToScriptingClass (13ms)
	initialDomainReloadingComplete (33ms)
	LoadAllAssembliesAndSetupDomain (561ms)
		LoadAssemblies (615ms)
		RebuildTransferFunctionScriptingTraits (0ms)
		AnalyzeDomain (34ms)
			TypeCache.Refresh (10ms)
				TypeCache.ScanAssembly (0ms)
			ScanForSourceGeneratedMonoScriptInfo (0ms)
			ResolveRequiredComponents (21ms)
	FinalizeReload (4783ms)
		ReleaseScriptCaches (0ms)
		RebuildScriptCaches (0ms)
		SetupLoadedEditorAssemblies (2418ms)
			LogAssemblyErrors (0ms)
			InitializePlatformSupportModulesInManaged (45ms)
			SetLoadedEditorAssemblies (11ms)
			RefreshPlugins (0ms)
			BeforeProcessingInitializeOnLoad (281ms)
			ProcessInitializeOnLoadAttributes (1475ms)
			ProcessInitializeOnLoadMethodAttributes (603ms)
			AfterProcessingInitializeOnLoad (3ms)
			EditorAssembliesLoaded (1ms)
		ExecutionOrderSort2 (0ms)
		AwakeInstancesAfterBackupRestoration (38ms)
Shader 'MoreMountains/MMRipple': fallback shader 'Particle/AlphaBlended' not found
Refreshing native plugins compatible for Editor in 38.30 ms, found 9 plugins.
Preloading 0 native plugins for Editor in 0.00 ms.
Unloading 8779 Unused Serialized files (Serialized files now loaded: 0)
Unloading 99 unused Assets / (1.3 MB). Loaded Objects now: 10485.
Memory consumption went from 478.0 MB to 476.7 MB.
Total: 29.119700 ms (FindLiveObjects: 1.747100 ms CreateObjectMapping: 0.652900 ms MarkObjects: 24.968800 ms  DeleteObjects: 1.747700 ms)

Prepare: number of updated asset objects reloaded= 0
AssetImportParameters requested are different than current active one (requested -> active):
  custom:container-demuxer-ogg: 62fdf1f143b41e24485cea50d1cbac27 -> 
  custom:framework-win-MediaFoundation: 216162199b28c13a410421893ffa2e32 -> 
  custom:container-muxer-webm: aa71ff27fc2769a1b78a27578f13a17b -> 
  custom:video-decoder-webm-vp8: 9c59270c3fd7afecdb556c50c9e8de78 -> 
  custom:SearchIndexIgnoredProperties: e643bd26f0fe6173181afceb89e7c659 -> 
  custom:AudioImporter_EditorPlatform: d09bf68614088b80899f8185d706f6e7 -> 
  custom:audio-decoder-ogg-vorbis: bf7c407c2cedff20999df2af8eb42d56 -> 
  custom:audio-encoder-webm-vorbis: bf7c407c2cedff20999df2af8eb42d56 -> 
  custom:video-codec-MediaFoundation-h265: 746d11721c4dcdbdad8f713fa42b33f4 -> 
  custom:video-decoder-ogg-theora: a1e56fd34408186e4bbccfd4996cb3dc -> 
  custom:CustomObjectIndexerAttribute: 72b91833f83ae208fae7752999fa3104 -> 
  custom:container-demuxer-webm: 4f35f7cbe854078d1ac9338744f61a02 -> 
  custom:video-encoder-webm-vp8: eb34c28f22e8b96e1ab97ce403110664 -> 
========================================================================
Received Prepare
Begin MonoManager ReloadAssembly
Symbol file LoadedFromMemory is not a mono symbol file
- Loaded All Assemblies, in  0.793 seconds
Refreshing native plugins compatible for Editor in 11.94 ms, found 9 plugins.
Native extension for WindowsStandalone target not found
Native extension for iOS target not found
Native extension for Android target not found
[Package Manager] Server::EnsureServerProcessIsRunning -- launch failed, reason: Unity was launched with the -noUpm command-line argument
[Package Manager] UpmClient::Send -- Unable to send message (not connected to UPM process).
[Package Manager] Cannot connect to Unity Package Manager local server
Mono: successfully reloaded assembly
- Finished resetting the current domain, in  4.195 seconds
Domain Reload Profiling: 4989ms
	BeginReloadAssembly (192ms)
		ExecutionOrderSort (0ms)
		DisableScriptedObjects (13ms)
		BackupInstance (0ms)
		ReleaseScriptingObjects (0ms)
		CreateAndSetChildDomain (64ms)
	RebuildCommonClasses (37ms)
	RebuildNativeTypeToScriptingClass (8ms)
	initialDomainReloadingComplete (42ms)
	LoadAllAssembliesAndSetupDomain (514ms)
		LoadAssemblies (545ms)
		RebuildTransferFunctionScriptingTraits (0ms)
		AnalyzeDomain (46ms)
			TypeCache.Refresh (14ms)
				TypeCache.ScanAssembly (0ms)
			ScanForSourceGeneratedMonoScriptInfo (0ms)
			ResolveRequiredComponents (25ms)
	FinalizeReload (4196ms)
		ReleaseScriptCaches (0ms)
		RebuildScriptCaches (0ms)
		SetupLoadedEditorAssemblies (2260ms)
			LogAssemblyErrors (0ms)
			InitializePlatformSupportModulesInManaged (37ms)
			SetLoadedEditorAssemblies (11ms)
			RefreshPlugins (0ms)
			BeforeProcessingInitializeOnLoad (239ms)
			ProcessInitializeOnLoadAttributes (1515ms)
			ProcessInitializeOnLoadMethodAttributes (456ms)
			AfterProcessingInitializeOnLoad (2ms)
			EditorAssembliesLoaded (1ms)
		ExecutionOrderSort2 (0ms)
		AwakeInstancesAfterBackupRestoration (26ms)
Shader 'MoreMountains/MMRipple': fallback shader 'Particle/AlphaBlended' not found
Refreshing native plugins compatible for Editor in 14.70 ms, found 9 plugins.
Preloading 0 native plugins for Editor in 0.00 ms.
Unloading 8779 Unused Serialized files (Serialized files now loaded: 0)
Unloading 99 unused Assets / (1.1 MB). Loaded Objects now: 10500.
Memory consumption went from 479.6 MB to 478.5 MB.
Total: 34.553900 ms (FindLiveObjects: 1.400800 ms CreateObjectMapping: 1.241700 ms MarkObjects: 30.273700 ms  DeleteObjects: 1.635200 ms)

Prepare: number of updated asset objects reloaded= 0
AssetImportParameters requested are different than current active one (requested -> active):
  custom:container-demuxer-ogg: 62fdf1f143b41e24485cea50d1cbac27 -> 
  custom:framework-win-MediaFoundation: 216162199b28c13a410421893ffa2e32 -> 
  custom:container-muxer-webm: aa71ff27fc2769a1b78a27578f13a17b -> 
  custom:video-decoder-webm-vp8: 9c59270c3fd7afecdb556c50c9e8de78 -> 
  custom:SearchIndexIgnoredProperties: e643bd26f0fe6173181afceb89e7c659 -> 
  custom:AudioImporter_EditorPlatform: d09bf68614088b80899f8185d706f6e7 -> 
  custom:audio-decoder-ogg-vorbis: bf7c407c2cedff20999df2af8eb42d56 -> 
  custom:audio-encoder-webm-vorbis: bf7c407c2cedff20999df2af8eb42d56 -> 
  custom:video-codec-MediaFoundation-h265: 746d11721c4dcdbdad8f713fa42b33f4 -> 
  custom:video-decoder-ogg-theora: a1e56fd34408186e4bbccfd4996cb3dc -> 
  custom:CustomObjectIndexerAttribute: 72b91833f83ae208fae7752999fa3104 -> 
  custom:container-demuxer-webm: 4f35f7cbe854078d1ac9338744f61a02 -> 
  custom:video-encoder-webm-vp8: eb34c28f22e8b96e1ab97ce403110664 -> 
========================================================================
Received Import Request.
  Time since last request: 1318.229918 seconds.
  path: Assets/_TM02-FOREST/Assets/Environment/Packs/Game-Asset-Art-Carol-Salvato/Game-Asset-Carol-Salvato/cave-bg-01-completo.png
  artifactKey: Guid(0a16fea71c281d8438bae7a6c0200c94) Importer(815301076,1909f56bfc062723c751e8b465ee728b)
Start importing Assets/_TM02-FOREST/Assets/Environment/Packs/Game-Asset-Art-Carol-Salvato/Game-Asset-Carol-Salvato/cave-bg-01-completo.png using Guid(0a16fea71c281d8438bae7a6c0200c94) Importer(815301076,1909f56bfc062723c751e8b465ee728b)  -> (artifact id: 'ec15f33084f67df8338b8e8dccc7637f') in 0.140844 seconds
Number of updated asset objects reloaded before import = 0
Number of asset objects unloaded after import = 3
========================================================================
Received Prepare
Begin MonoManager ReloadAssembly
Symbol file LoadedFromMemory is not a mono symbol file
- Loaded All Assemblies, in  0.884 seconds
Refreshing native plugins compatible for Editor in 20.04 ms, found 9 plugins.
Native extension for WindowsStandalone target not found
Native extension for iOS target not found
Native extension for Android target not found
[Package Manager] Server::EnsureServerProcessIsRunning -- launch failed, reason: Unity was launched with the -noUpm command-line argument
[Package Manager] UpmClient::Send -- Unable to send message (not connected to UPM process).
[Package Manager] Cannot connect to Unity Package Manager local server
Mono: successfully reloaded assembly
- Finished resetting the current domain, in  3.871 seconds
Domain Reload Profiling: 4754ms
	BeginReloadAssembly (211ms)
		ExecutionOrderSort (0ms)
		DisableScriptedObjects (12ms)
		BackupInstance (0ms)
		ReleaseScriptingObjects (0ms)
		CreateAndSetChildDomain (75ms)
	RebuildCommonClasses (30ms)
	RebuildNativeTypeToScriptingClass (9ms)
	initialDomainReloadingComplete (33ms)
	LoadAllAssembliesAndSetupDomain (599ms)
		LoadAssemblies (634ms)
		RebuildTransferFunctionScriptingTraits (0ms)
		AnalyzeDomain (50ms)
			TypeCache.Refresh (14ms)
				TypeCache.ScanAssembly (0ms)
			ScanForSourceGeneratedMonoScriptInfo (0ms)
			ResolveRequiredComponents (30ms)
	FinalizeReload (3872ms)
		ReleaseScriptCaches (0ms)
		RebuildScriptCaches (0ms)
		SetupLoadedEditorAssemblies (1972ms)
			LogAssemblyErrors (0ms)
			InitializePlatformSupportModulesInManaged (52ms)
			SetLoadedEditorAssemblies (17ms)
			RefreshPlugins (0ms)
			BeforeProcessingInitializeOnLoad (218ms)
			ProcessInitializeOnLoadAttributes (1219ms)
			ProcessInitializeOnLoadMethodAttributes (463ms)
			AfterProcessingInitializeOnLoad (2ms)
			EditorAssembliesLoaded (1ms)
		ExecutionOrderSort2 (0ms)
		AwakeInstancesAfterBackupRestoration (26ms)
Shader 'MoreMountains/MMRipple': fallback shader 'Particle/AlphaBlended' not found
Refreshing native plugins compatible for Editor in 29.35 ms, found 9 plugins.
Preloading 0 native plugins for Editor in 0.00 ms.
Unloading 8779 Unused Serialized files (Serialized files now loaded: 0)
Unloading 99 unused Assets / (1.1 MB). Loaded Objects now: 10515.
Memory consumption went from 470.3 MB to 469.2 MB.
Total: 29.446900 ms (FindLiveObjects: 1.702300 ms CreateObjectMapping: 0.766200 ms MarkObjects: 25.570000 ms  DeleteObjects: 1.405300 ms)

Prepare: number of updated asset objects reloaded= 0
AssetImportParameters requested are different than current active one (requested -> active):
  custom:container-demuxer-ogg: 62fdf1f143b41e24485cea50d1cbac27 -> 
  custom:framework-win-MediaFoundation: 216162199b28c13a410421893ffa2e32 -> 
  custom:container-muxer-webm: aa71ff27fc2769a1b78a27578f13a17b -> 
  custom:video-decoder-webm-vp8: 9c59270c3fd7afecdb556c50c9e8de78 -> 
  custom:SearchIndexIgnoredProperties: e643bd26f0fe6173181afceb89e7c659 -> 
  custom:AudioImporter_EditorPlatform: d09bf68614088b80899f8185d706f6e7 -> 
  custom:audio-decoder-ogg-vorbis: bf7c407c2cedff20999df2af8eb42d56 -> 
  custom:audio-encoder-webm-vorbis: bf7c407c2cedff20999df2af8eb42d56 -> 
  custom:video-codec-MediaFoundation-h265: 746d11721c4dcdbdad8f713fa42b33f4 -> 
  custom:video-decoder-ogg-theora: a1e56fd34408186e4bbccfd4996cb3dc -> 
  custom:CustomObjectIndexerAttribute: 72b91833f83ae208fae7752999fa3104 -> 
  custom:container-demuxer-webm: 4f35f7cbe854078d1ac9338744f61a02 -> 
  custom:video-encoder-webm-vp8: eb34c28f22e8b96e1ab97ce403110664 -> 
========================================================================
Received Import Request.
  Time since last request: 48.893284 seconds.
  path: Assets/_TM02-FOREST/Assets/Environment/Packs/Game-Asset-Art-Carol-Salvato/Game-Asset-Carol-Salvato/cave-bg-01-completo.png
  artifactKey: Guid(0a16fea71c281d8438bae7a6c0200c94) Importer(815301076,1909f56bfc062723c751e8b465ee728b)
Start importing Assets/_TM02-FOREST/Assets/Environment/Packs/Game-Asset-Art-Carol-Salvato/Game-Asset-Carol-Salvato/cave-bg-01-completo.png using Guid(0a16fea71c281d8438bae7a6c0200c94) Importer(815301076,1909f56bfc062723c751e8b465ee728b)  -> (artifact id: 'ee827be6b93a2c6167f5ea510c2925bf') in 0.116673 seconds
Number of updated asset objects reloaded before import = 0
Number of asset objects unloaded after import = 3
========================================================================
Received Prepare
Begin MonoManager ReloadAssembly
Symbol file LoadedFromMemory is not a mono symbol file
- Loaded All Assemblies, in  2.040 seconds
Refreshing native plugins compatible for Editor in 13.95 ms, found 9 plugins.
Native extension for WindowsStandalone target not found
Native extension for iOS target not found
Native extension for Android target not found
[Package Manager] Server::EnsureServerProcessIsRunning -- launch failed, reason: Unity was launched with the -noUpm command-line argument
[Package Manager] UpmClient::Send -- Unable to send message (not connected to UPM process).
[Package Manager] Cannot connect to Unity Package Manager local server
Mono: successfully reloaded assembly
- Finished resetting the current domain, in  5.023 seconds
Domain Reload Profiling: 7062ms
	BeginReloadAssembly (661ms)
		ExecutionOrderSort (0ms)
		DisableScriptedObjects (14ms)
		BackupInstance (0ms)
		ReleaseScriptingObjects (0ms)
		CreateAndSetChildDomain (79ms)
	RebuildCommonClasses (115ms)
	RebuildNativeTypeToScriptingClass (12ms)
	initialDomainReloadingComplete (36ms)
	LoadAllAssembliesAndSetupDomain (1214ms)
		LoadAssemblies (1612ms)
		RebuildTransferFunctionScriptingTraits (0ms)
		AnalyzeDomain (48ms)
			TypeCache.Refresh (9ms)
				TypeCache.ScanAssembly (0ms)
			ScanForSourceGeneratedMonoScriptInfo (1ms)
			ResolveRequiredComponents (35ms)
	FinalizeReload (5024ms)
		ReleaseScriptCaches (0ms)
		RebuildScriptCaches (0ms)
		SetupLoadedEditorAssemblies (2667ms)
			LogAssemblyErrors (0ms)
			InitializePlatformSupportModulesInManaged (84ms)
			SetLoadedEditorAssemblies (11ms)
			RefreshPlugins (0ms)
			BeforeProcessingInitializeOnLoad (228ms)
			ProcessInitializeOnLoadAttributes (1511ms)
			ProcessInitializeOnLoadMethodAttributes (829ms)
			AfterProcessingInitializeOnLoad (2ms)
			EditorAssembliesLoaded (1ms)
		ExecutionOrderSort2 (0ms)
		AwakeInstancesAfterBackupRestoration (44ms)
Shader 'MoreMountains/MMRipple': fallback shader 'Particle/AlphaBlended' not found
Refreshing native plugins compatible for Editor in 26.10 ms, found 9 plugins.
Preloading 0 native plugins for Editor in 0.00 ms.
Unloading 8779 Unused Serialized files (Serialized files now loaded: 0)
Unloading 99 unused Assets / (1.1 MB). Loaded Objects now: 10530.
Memory consumption went from 472.3 MB to 471.1 MB.
Total: 48.723100 ms (FindLiveObjects: 1.436400 ms CreateObjectMapping: 1.971500 ms MarkObjects: 44.249400 ms  DeleteObjects: 1.063900 ms)

Prepare: number of updated asset objects reloaded= 0
AssetImportParameters requested are different than current active one (requested -> active):
  custom:container-demuxer-ogg: 62fdf1f143b41e24485cea50d1cbac27 -> 
  custom:framework-win-MediaFoundation: 216162199b28c13a410421893ffa2e32 -> 
  custom:container-muxer-webm: aa71ff27fc2769a1b78a27578f13a17b -> 
  custom:video-decoder-webm-vp8: 9c59270c3fd7afecdb556c50c9e8de78 -> 
  custom:SearchIndexIgnoredProperties: e643bd26f0fe6173181afceb89e7c659 -> 
  custom:AudioImporter_EditorPlatform: d09bf68614088b80899f8185d706f6e7 -> 
  custom:audio-decoder-ogg-vorbis: bf7c407c2cedff20999df2af8eb42d56 -> 
  custom:audio-encoder-webm-vorbis: bf7c407c2cedff20999df2af8eb42d56 -> 
  custom:video-codec-MediaFoundation-h265: 746d11721c4dcdbdad8f713fa42b33f4 -> 
  custom:video-decoder-ogg-theora: a1e56fd34408186e4bbccfd4996cb3dc -> 
  custom:CustomObjectIndexerAttribute: 72b91833f83ae208fae7752999fa3104 -> 
  custom:container-demuxer-webm: 4f35f7cbe854078d1ac9338744f61a02 -> 
  custom:video-encoder-webm-vp8: eb34c28f22e8b96e1ab97ce403110664 -> 
========================================================================
Received Prepare
Begin MonoManager ReloadAssembly
Symbol file LoadedFromMemory is not a mono symbol file
- Loaded All Assemblies, in  4.208 seconds
Refreshing native plugins compatible for Editor in 19.98 ms, found 9 plugins.
Native extension for WindowsStandalone target not found
Native extension for iOS target not found
Native extension for Android target not found
[Package Manager] Server::EnsureServerProcessIsRunning -- launch failed, reason: Unity was launched with the -noUpm command-line argument
[Package Manager] UpmClient::Send -- Unable to send message (not connected to UPM process).
[Package Manager] Cannot connect to Unity Package Manager local server
Mono: successfully reloaded assembly
- Finished resetting the current domain, in  5.362 seconds
Domain Reload Profiling: 9571ms
	BeginReloadAssembly (1299ms)
		ExecutionOrderSort (0ms)
		DisableScriptedObjects (93ms)
		BackupInstance (0ms)
		ReleaseScriptingObjects (2ms)
		CreateAndSetChildDomain (708ms)
	RebuildCommonClasses (66ms)
	RebuildNativeTypeToScriptingClass (14ms)
	initialDomainReloadingComplete (100ms)
	LoadAllAssembliesAndSetupDomain (2728ms)
		LoadAssemblies (2911ms)
		RebuildTransferFunctionScriptingTraits (0ms)
		AnalyzeDomain (100ms)
			TypeCache.Refresh (39ms)
				TypeCache.ScanAssembly (0ms)
			ScanForSourceGeneratedMonoScriptInfo (1ms)
			ResolveRequiredComponents (54ms)
	FinalizeReload (5363ms)
		ReleaseScriptCaches (0ms)
		RebuildScriptCaches (0ms)
		SetupLoadedEditorAssemblies (2279ms)
			LogAssemblyErrors (0ms)
			InitializePlatformSupportModulesInManaged (49ms)
			SetLoadedEditorAssemblies (17ms)
			RefreshPlugins (0ms)
			BeforeProcessingInitializeOnLoad (212ms)
			ProcessInitializeOnLoadAttributes (1354ms)
			ProcessInitializeOnLoadMethodAttributes (645ms)
			AfterProcessingInitializeOnLoad (1ms)
			EditorAssembliesLoaded (1ms)
		ExecutionOrderSort2 (0ms)
		AwakeInstancesAfterBackupRestoration (30ms)
Shader 'MoreMountains/MMRipple': fallback shader 'Particle/AlphaBlended' not found
Refreshing native plugins compatible for Editor in 22.16 ms, found 9 plugins.
Preloading 0 native plugins for Editor in 0.00 ms.
Unloading 8779 Unused Serialized files (Serialized files now loaded: 0)
Unloading 99 unused Assets / (1.1 MB). Loaded Objects now: 10545.
Memory consumption went from 474.3 MB to 473.2 MB.
Total: 42.212600 ms (FindLiveObjects: 0.954800 ms CreateObjectMapping: 0.423400 ms MarkObjects: 39.795300 ms  DeleteObjects: 1.037600 ms)

Prepare: number of updated asset objects reloaded= 0
AssetImportParameters requested are different than current active one (requested -> active):
  custom:container-demuxer-ogg: 62fdf1f143b41e24485cea50d1cbac27 -> 
  custom:framework-win-MediaFoundation: 216162199b28c13a410421893ffa2e32 -> 
  custom:container-muxer-webm: aa71ff27fc2769a1b78a27578f13a17b -> 
  custom:video-decoder-webm-vp8: 9c59270c3fd7afecdb556c50c9e8de78 -> 
  custom:SearchIndexIgnoredProperties: e643bd26f0fe6173181afceb89e7c659 -> 
  custom:AudioImporter_EditorPlatform: d09bf68614088b80899f8185d706f6e7 -> 
  custom:audio-decoder-ogg-vorbis: bf7c407c2cedff20999df2af8eb42d56 -> 
  custom:audio-encoder-webm-vorbis: bf7c407c2cedff20999df2af8eb42d56 -> 
  custom:video-codec-MediaFoundation-h265: 746d11721c4dcdbdad8f713fa42b33f4 -> 
  custom:video-decoder-ogg-theora: a1e56fd34408186e4bbccfd4996cb3dc -> 
  custom:CustomObjectIndexerAttribute: 72b91833f83ae208fae7752999fa3104 -> 
  custom:container-demuxer-webm: 4f35f7cbe854078d1ac9338744f61a02 -> 
  custom:video-encoder-webm-vp8: eb34c28f22e8b96e1ab97ce403110664 -> 
========================================================================
Received Prepare
Begin MonoManager ReloadAssembly
Symbol file LoadedFromMemory is not a mono symbol file
- Loaded All Assemblies, in  0.811 seconds
Refreshing native plugins compatible for Editor in 8.05 ms, found 9 plugins.
Native extension for WindowsStandalone target not found
Native extension for iOS target not found
Native extension for Android target not found
[Package Manager] Server::EnsureServerProcessIsRunning -- launch failed, reason: Unity was launched with the -noUpm command-line argument
[Package Manager] UpmClient::Send -- Unable to send message (not connected to UPM process).
[Package Manager] Cannot connect to Unity Package Manager local server
Mono: successfully reloaded assembly
- Finished resetting the current domain, in  3.399 seconds
Domain Reload Profiling: 4210ms
	BeginReloadAssembly (238ms)
		ExecutionOrderSort (0ms)
		DisableScriptedObjects (13ms)
		BackupInstance (0ms)
		ReleaseScriptingObjects (0ms)
		CreateAndSetChildDomain (99ms)
	RebuildCommonClasses (30ms)
	RebuildNativeTypeToScriptingClass (8ms)
	initialDomainReloadingComplete (28ms)
	LoadAllAssembliesAndSetupDomain (505ms)
		LoadAssemblies (540ms)
		RebuildTransferFunctionScriptingTraits (0ms)
		AnalyzeDomain (37ms)
			TypeCache.Refresh (13ms)
				TypeCache.ScanAssembly (0ms)
			ScanForSourceGeneratedMonoScriptInfo (0ms)
			ResolveRequiredComponents (19ms)
	FinalizeReload (3400ms)
		ReleaseScriptCaches (0ms)
		RebuildScriptCaches (0ms)
		SetupLoadedEditorAssemblies (1520ms)
			LogAssemblyErrors (0ms)
			InitializePlatformSupportModulesInManaged (25ms)
			SetLoadedEditorAssemblies (5ms)
			RefreshPlugins (0ms)
			BeforeProcessingInitializeOnLoad (157ms)
			ProcessInitializeOnLoadAttributes (1018ms)
			ProcessInitializeOnLoadMethodAttributes (313ms)
			AfterProcessingInitializeOnLoad (1ms)
			EditorAssembliesLoaded (1ms)
		ExecutionOrderSort2 (0ms)
		AwakeInstancesAfterBackupRestoration (29ms)
Shader 'MoreMountains/MMRipple': fallback shader 'Particle/AlphaBlended' not found
Refreshing native plugins compatible for Editor in 18.79 ms, found 9 plugins.
Preloading 0 native plugins for Editor in 0.00 ms.
Unloading 8779 Unused Serialized files (Serialized files now loaded: 0)
Unloading 99 unused Assets / (1.2 MB). Loaded Objects now: 10560.
Memory consumption went from 476.3 MB to 475.1 MB.
Total: 30.937600 ms (FindLiveObjects: 1.067900 ms CreateObjectMapping: 0.728300 ms MarkObjects: 27.660200 ms  DeleteObjects: 1.478500 ms)

Prepare: number of updated asset objects reloaded= 0
AssetImportParameters requested are different than current active one (requested -> active):
  custom:container-demuxer-ogg: 62fdf1f143b41e24485cea50d1cbac27 -> 
  custom:framework-win-MediaFoundation: 216162199b28c13a410421893ffa2e32 -> 
  custom:container-muxer-webm: aa71ff27fc2769a1b78a27578f13a17b -> 
  custom:video-decoder-webm-vp8: 9c59270c3fd7afecdb556c50c9e8de78 -> 
  custom:SearchIndexIgnoredProperties: e643bd26f0fe6173181afceb89e7c659 -> 
  custom:AudioImporter_EditorPlatform: d09bf68614088b80899f8185d706f6e7 -> 
  custom:audio-decoder-ogg-vorbis: bf7c407c2cedff20999df2af8eb42d56 -> 
  custom:audio-encoder-webm-vorbis: bf7c407c2cedff20999df2af8eb42d56 -> 
  custom:video-codec-MediaFoundation-h265: 746d11721c4dcdbdad8f713fa42b33f4 -> 
  custom:video-decoder-ogg-theora: a1e56fd34408186e4bbccfd4996cb3dc -> 
  custom:CustomObjectIndexerAttribute: 72b91833f83ae208fae7752999fa3104 -> 
  custom:container-demuxer-webm: 4f35f7cbe854078d1ac9338744f61a02 -> 
  custom:video-encoder-webm-vp8: eb34c28f22e8b96e1ab97ce403110664 -> 
========================================================================
Received Prepare
Begin MonoManager ReloadAssembly
Symbol file LoadedFromMemory is not a mono symbol file
- Loaded All Assemblies, in  2.873 seconds
Refreshing native plugins compatible for Editor in 22.29 ms, found 9 plugins.
Native extension for WindowsStandalone target not found
Native extension for iOS target not found
Native extension for Android target not found
[Package Manager] Server::EnsureServerProcessIsRunning -- launch failed, reason: Unity was launched with the -noUpm command-line argument
[Package Manager] UpmClient::Send -- Unable to send message (not connected to UPM process).
[Package Manager] Cannot connect to Unity Package Manager local server
Mono: successfully reloaded assembly
- Finished resetting the current domain, in  5.529 seconds
Domain Reload Profiling: 8402ms
	BeginReloadAssembly (547ms)
		ExecutionOrderSort (0ms)
		DisableScriptedObjects (46ms)
		BackupInstance (0ms)
		ReleaseScriptingObjects (0ms)
		CreateAndSetChildDomain (241ms)
	RebuildCommonClasses (46ms)
	RebuildNativeTypeToScriptingClass (11ms)
	initialDomainReloadingComplete (84ms)
	LoadAllAssembliesAndSetupDomain (2184ms)
		LoadAssemblies (2289ms)
		RebuildTransferFunctionScriptingTraits (0ms)
		AnalyzeDomain (56ms)
			TypeCache.Refresh (22ms)
				TypeCache.ScanAssembly (0ms)
			ScanForSourceGeneratedMonoScriptInfo (1ms)
			ResolveRequiredComponents (29ms)
	FinalizeReload (5530ms)
		ReleaseScriptCaches (0ms)
		RebuildScriptCaches (0ms)
		SetupLoadedEditorAssemblies (2379ms)
			LogAssemblyErrors (0ms)
			InitializePlatformSupportModulesInManaged (37ms)
			SetLoadedEditorAssemblies (11ms)
			RefreshPlugins (0ms)
			BeforeProcessingInitializeOnLoad (251ms)
			ProcessInitializeOnLoadAttributes (1497ms)
			ProcessInitializeOnLoadMethodAttributes (579ms)
			AfterProcessingInitializeOnLoad (2ms)
			EditorAssembliesLoaded (2ms)
		ExecutionOrderSort2 (0ms)
		AwakeInstancesAfterBackupRestoration (32ms)
Shader 'MoreMountains/MMRipple': fallback shader 'Particle/AlphaBlended' not found
Refreshing native plugins compatible for Editor in 19.15 ms, found 9 plugins.
Preloading 0 native plugins for Editor in 0.00 ms.
Unloading 8779 Unused Serialized files (Serialized files now loaded: 0)
Unloading 99 unused Assets / (1.1 MB). Loaded Objects now: 10575.
Memory consumption went from 489.4 MB to 488.3 MB.
Total: 39.360200 ms (FindLiveObjects: 2.221900 ms CreateObjectMapping: 1.303200 ms MarkObjects: 34.688900 ms  DeleteObjects: 1.144600 ms)

Prepare: number of updated asset objects reloaded= 0
AssetImportParameters requested are different than current active one (requested -> active):
  custom:container-demuxer-ogg: 62fdf1f143b41e24485cea50d1cbac27 -> 
  custom:framework-win-MediaFoundation: 216162199b28c13a410421893ffa2e32 -> 
  custom:container-muxer-webm: aa71ff27fc2769a1b78a27578f13a17b -> 
  custom:video-decoder-webm-vp8: 9c59270c3fd7afecdb556c50c9e8de78 -> 
  custom:SearchIndexIgnoredProperties: e643bd26f0fe6173181afceb89e7c659 -> 
  custom:AudioImporter_EditorPlatform: d09bf68614088b80899f8185d706f6e7 -> 
  custom:audio-decoder-ogg-vorbis: bf7c407c2cedff20999df2af8eb42d56 -> 
  custom:audio-encoder-webm-vorbis: bf7c407c2cedff20999df2af8eb42d56 -> 
  custom:video-codec-MediaFoundation-h265: 746d11721c4dcdbdad8f713fa42b33f4 -> 
  custom:video-decoder-ogg-theora: a1e56fd34408186e4bbccfd4996cb3dc -> 
  custom:CustomObjectIndexerAttribute: 72b91833f83ae208fae7752999fa3104 -> 
  custom:container-demuxer-webm: 4f35f7cbe854078d1ac9338744f61a02 -> 
  custom:video-encoder-webm-vp8: eb34c28f22e8b96e1ab97ce403110664 -> 
